feature,mean_abs_shap,model,task
market_prob_H,0.007853850097971973,random_forest,prematch_classification
diff_event_final_third_entries_expanding,0.007126322765445857,random_forest,prematch_classification
market_prob_A,0.007100811268474713,random_forest,prematch_classification
diff_p1_mean_zone_leakage_roll5,0.006145128693857641,random_forest,prematch_classification
diff_p1_mean_zone_leakage_expanding,0.005247389069425626,random_forest,prematch_classification
diff_event_fouls_expanding,0.0036606388076781,random_forest,prematch_classification
diff_event_goals_for_expanding,0.0035017069389401173,random_forest,prematch_classification
diff_p1_mean_zone_leakage_roll10,0.003275739988493098,random_forest,prematch_classification
home_p1_mean_zone_leakage_expanding,0.003166899230130557,random_forest,prematch_classification
home_event_xg_expanding,0.003011593500224822,random_forest,prematch_classification
diff_event_shots_on_target_expanding,0.0028374946163371314,random_forest,prematch_classification
diff_event_completed_passes_roll10,0.00281923656392896,random_forest,prematch_classification
market_prob_D,0.002604202153815767,random_forest,prematch_classification
diff_event_yellow_cards_expanding,0.0025849640042145965,random_forest,prematch_classification
diff_event_goals_for_roll10,0.0025235618051642427,random_forest,prematch_classification
diff_event_carries_roll10,0.002453991928950095,random_forest,prematch_classification
home_event_duels_won_expanding,0.002444041452601081,random_forest,prematch_classification
home_p1_mean_zone_leakage_roll5,0.0024014556419822432,random_forest,prematch_classification
home_p1_median_zone_leakage_expanding,0.0023818322181286935,random_forest,prematch_classification
home_event_duels_won_roll10,0.0023632577697611013,random_forest,prematch_classification
diff_event_carries_expanding,0.0023352639643217394,random_forest,prematch_classification
away_event_points_expanding,0.0023242411375780153,random_forest,prematch_classification
diff_event_shots_expanding,0.0023017262007813057,random_forest,prematch_classification
diff_event_fouls_roll10,0.002301350267258041,random_forest,prematch_classification
diff_p1_completed_passes_roll10,0.002262944727061413,random_forest,prematch_classification
diff_event_xg_roll5,0.002261313837587013,random_forest,prematch_classification
diff_event_final_third_entries_roll5,0.002226608081493996,random_forest,prematch_classification
home_p1_switching_factor_roll10,0.0021905872548132906,random_forest,prematch_classification
diff_p1_median_zone_leakage_roll10,0.0020457473854710155,random_forest,prematch_classification
away_p1_maximum_zone_leakage_expanding,0.0020134245239467217,random_forest,prematch_classification
diff_event_yellow_cards_roll10,0.0019302911798131418,random_forest,prematch_classification
away_event_final_third_entries_roll10,0.0019173464249567804,random_forest,prematch_classification
home_p1_switching_factor_expanding,0.0019041053881357671,random_forest,prematch_classification
away_p1_maximum_zone_leakage_roll5,0.0018700425834316942,random_forest,prematch_classification
home_event_interceptions_expanding,0.0018608566308225443,random_forest,prematch_classification
diff_event_yellow_cards_roll5,0.0017735791171667838,random_forest,prematch_classification
diff_event_points_roll10,0.0017468795525863703,random_forest,prematch_classification
diff_event_completed_passes_expanding,0.0017240564094062353,random_forest,prematch_classification
diff_event_recoveries_roll5,0.0017227374669318688,random_forest,prematch_classification
home_event_pressures_roll10,0.001718801340604679,random_forest,prematch_classification
diff_event_final_third_entries_roll10,0.0017129721152365997,random_forest,prematch_classification
away_event_yellow_cards_roll5,0.0016833315332596109,random_forest,prematch_classification
home_event_pressures_roll5,0.0016818492619423938,random_forest,prematch_classification
home_p1_completed_passes_roll10,0.001626968255512794,random_forest,prematch_classification
diff_p1_completed_passes_roll3,0.0015782504836337858,random_forest,prematch_classification
diff_event_shots_on_target_roll5,0.001555315763190421,random_forest,prematch_classification
home_event_passes_roll10,0.0015543220131430124,random_forest,prematch_classification
diff_p1_maximum_zone_recovery_expanding,0.0015539768004101996,random_forest,prematch_classification
home_p1_median_zone_leakage_roll10,0.0015435678282776288,random_forest,prematch_classification
diff_p1_maximum_zone_leakage_expanding,0.0015334086926785627,random_forest,prematch_classification
home_event_goals_for_expanding,0.0014790966920251278,random_forest,prematch_classification
home_p1_mean_zone_leakage_roll3,0.0014658504325144339,random_forest,prematch_classification
away_p1_mean_zone_recovery_roll3,0.001458402911313878,random_forest,prematch_classification
home_p1_median_zone_leakage_roll3,0.001457974336032426,random_forest,prematch_classification
diff_p1_median_zone_leakage_expanding,0.0014421440576113118,random_forest,prematch_classification
calendar_cos,0.001421845951539823,random_forest,prematch_classification
home_event_carries_expanding,0.001397613976018563,random_forest,prematch_classification
diff_event_interceptions_expanding,0.0013831565973129423,random_forest,prematch_classification
away_p1_switching_factor_roll10,0.0013644751994719522,random_forest,prematch_classification
home_event_interceptions_roll5,0.0013606791515405224,random_forest,prematch_classification
home_event_interceptions_roll10,0.001348593440740277,random_forest,prematch_classification
diff_event_final_third_entries_roll3,0.0013406460740476754,random_forest,prematch_classification
diff_p1_maximum_zone_leakage_roll5,0.0013307754545484436,random_forest,prematch_classification
away_event_duels_won_roll10,0.0013267477617958366,random_forest,prematch_classification
home_p1_matches_played_prior,0.001321989616530333,random_forest,prematch_classification
home_event_xg_roll10,0.0013131623195045431,random_forest,prematch_classification
away_event_possessions_roll3,0.0012817380090938114,random_forest,prematch_classification
away_p1_mean_zone_leakage_expanding,0.001276362409869078,random_forest,prematch_classification
home_event_duels_won_roll5,0.0012715094404065921,random_forest,prematch_classification
diff_event_possessions_roll5,0.0012577428405669872,random_forest,prematch_classification
diff_p1_accumulated_eigenvector_centrality_roll5,0.0012497359177946587,random_forest,prematch_classification
home_p1_maximum_zone_centrality_expanding,0.0012374623844314389,random_forest,prematch_classification
away_event_final_third_entries_expanding,0.0012324713519479963,random_forest,prematch_classification
diff_p1_accumulated_eigenvector_centrality_roll10,0.0012204592206432503,random_forest,prematch_classification
diff_p1_completed_passes_expanding,0.0012181697915077516,random_forest,prematch_classification
away_p1_maximum_zone_centrality_roll10,0.001217178360061163,random_forest,prematch_classification
diff_event_shots_roll5,0.001214169027816663,random_forest,prematch_classification
home_p1_mean_zone_centrality_roll5,0.00118365263618137,random_forest,prematch_classification
home_event_fouls_roll10,0.0011653999330248697,random_forest,prematch_classification
home_event_final_third_entries_roll10,0.001143630066182725,random_forest,prematch_classification
diff_event_passes_roll10,0.0011373740542363975,random_forest,prematch_classification
diff_p1_mean_zone_recovery_roll10,0.001121048960928317,random_forest,prematch_classification
away_event_yellow_cards_roll10,0.0011056681815807214,random_forest,prematch_classification
away_event_passes_expanding,0.0010982136410466086,random_forest,prematch_classification
away_event_points_roll10,0.0010972850037314933,random_forest,prematch_classification
home_event_carries_roll10,0.001086767887754381,random_forest,prematch_classification
diff_p1_possession_recoveries_expanding,0.0010707643919538408,random_forest,prematch_classification
diff_event_points_expanding,0.0010657643971647471,random_forest,prematch_classification
diff_event_goals_for_roll5,0.001064329253221234,random_forest,prematch_classification
away_p1_median_zone_leakage_roll3,0.0010577845973102522,random_forest,prematch_classification
home_p1_mean_zone_centrality_expanding,0.0010572131254772672,random_forest,prematch_classification
home_event_shots_on_target_roll5,0.0010557905618280058,random_forest,prematch_classification
diff_event_possessions_roll10,0.0010554112776521329,random_forest,prematch_classification
diff_event_shots_roll10,0.0010554018570385663,random_forest,prematch_classification
away_p1_mean_zone_recovery_roll10,0.0010437956492127514,random_forest,prematch_classification
diff_event_goals_against_expanding,0.001038893977365132,random_forest,prematch_classification
home_p1_mean_zone_recovery_roll5,0.001036748695100595,random_forest,prematch_classification
home_event_possessions_roll5,0.00103656103322325,random_forest,prematch_classification
home_event_yellow_cards_expanding,0.001025425356181642,random_forest,prematch_classification
away_event_duels_won_roll5,0.001018195718171441,random_forest,prematch_classification
away_event_shots_expanding,0.0010126225579106683,random_forest,prematch_classification
home_event_passes_expanding,0.0010048095489612685,random_forest,prematch_classification
home_p1_mean_zone_centrality_roll3,0.000994640720551814,random_forest,prematch_classification
home_event_completed_passes_expanding,0.0009886422476380683,random_forest,prematch_classification
diff_p1_median_zone_recovery_roll10,0.000979656723208963,random_forest,prematch_classification
away_p1_switching_factor_expanding,0.0009691136746029044,random_forest,prematch_classification
diff_event_interceptions_roll10,0.0009685809043661824,random_forest,prematch_classification
home_event_shots_expanding,0.0009680295162939422,random_forest,prematch_classification
diff_event_carries_roll5,0.0009680246596098051,random_forest,prematch_classification
home_event_final_third_entries_roll5,0.0009628688831207369,random_forest,prematch_classification
diff_p1_switching_factor_roll5,0.0009622750187656701,random_forest,prematch_classification
home_p1_completed_passes_roll3,0.0009517865193968285,random_forest,prematch_classification
diff_event_fouls_roll3,0.0009392986376862417,random_forest,prematch_classification
diff_event_carries_roll3,0.0009382372403656743,random_forest,prematch_classification
home_p1_maximum_zone_recovery_roll10,0.000934906348141232,random_forest,prematch_classification
diff_event_passes_expanding,0.0009292715271439486,random_forest,prematch_classification
diff_event_points_roll5,0.0009201506992567326,random_forest,prematch_classification
home_p1_mean_zone_leakage_roll10,0.0009190425049635841,random_forest,prematch_classification
home_event_pressures_expanding,0.0009138188199269134,random_forest,prematch_classification
diff_p1_maximum_zone_leakage_roll3,0.0009101417583799852,random_forest,prematch_classification
diff_p1_accumulated_eigenvector_centrality_roll3,0.000905200453343669,random_forest,prematch_classification
away_p1_mean_zone_recovery_roll5,0.0008942379758670798,random_forest,prematch_classification
diff_event_shots_on_target_roll10,0.0008885642854946225,random_forest,prematch_classification
diff_event_possessions_roll3,0.0008850024203219201,random_forest,prematch_classification
away_event_fouls_roll5,0.000880349526875733,random_forest,prematch_classification
diff_p1_median_zone_recovery_roll5,0.0008790369501003766,random_forest,prematch_classification
away_event_possessions_expanding,0.000867587439417852,random_forest,prematch_classification
diff_p1_maximum_zone_leakage_roll10,0.000864873653983909,random_forest,prematch_classification
diff_event_completed_passes_roll3,0.0008546569244894917,random_forest,prematch_classification
diff_event_pressures_expanding,0.0008410074269183362,random_forest,prematch_classification
diff_p1_median_zone_leakage_roll5,0.0008384073309335608,random_forest,prematch_classification
home_p1_maximum_zone_leakage_roll3,0.0008353312539815057,random_forest,prematch_classification
diff_p1_possession_losses_roll10,0.0008349068655234165,random_forest,prematch_classification
diff_event_duels_won_roll5,0.0008321553230340782,random_forest,prematch_classification
diff_p1_mean_zone_recovery_roll3,0.0008188899584071732,random_forest,prematch_classification
away_event_shots_roll10,0.0008155104197100501,random_forest,prematch_classification
diff_p1_mean_zone_centrality_roll3,0.0008112025002870778,random_forest,prematch_classification
home_p1_completed_passes_expanding,0.0008091975855359436,random_forest,prematch_classification
home_event_xg_roll5,0.0008081873698724573,random_forest,prematch_classification
home_event_shots_roll5,0.0008049803874944637,random_forest,prematch_classification
home_p1_accumulated_eigenvector_centrality_roll3,0.0008044901385124303,random_forest,prematch_classification
away_event_possessions_roll10,0.0008042596031115025,random_forest,prematch_classification
home_event_fouls_expanding,0.0008034878697256349,random_forest,prematch_classification
home_event_possessions_expanding,0.0007922707447083536,random_forest,prematch_classification
away_event_fouls_roll10,0.0007900269631011673,random_forest,prematch_classification
diff_p1_median_zone_leakage_roll3,0.0007899133498814783,random_forest,prematch_classification
away_event_duels_won_roll3,0.0007870972365170176,random_forest,prematch_classification
away_p1_accumulated_eigenvector_centrality_roll5,0.0007826479937414098,random_forest,prematch_classification
away_event_passes_roll5,0.0007816347035277118,random_forest,prematch_classification
away_event_fouls_expanding,0.0007774392343084264,random_forest,prematch_classification
home_event_red_cards_expanding,0.0007768455384629263,random_forest,prematch_classification
home_event_matches_played_prior,0.0007718895376917891,random_forest,prematch_classification
diff_event_interceptions_roll5,0.0007701210850231322,random_forest,prematch_classification
home_p1_mean_zone_centrality_roll10,0.0007652980698204841,random_forest,prematch_classification
diff_p1_switching_factor_roll10,0.0007646324702723652,random_forest,prematch_classification
diff_event_yellow_cards_roll3,0.0007592148345179105,random_forest,prematch_classification
home_event_final_third_entries_roll3,0.0007563640162242287,random_forest,prematch_classification
away_p1_mean_zone_leakage_roll10,0.0007500462433604689,random_forest,prematch_classification
home_p1_possession_losses_roll3,0.0007455412215083396,random_forest,prematch_classification
home_event_recoveries_expanding,0.0007402661682371697,random_forest,prematch_classification
home_event_completed_passes_roll10,0.0007327400360794666,random_forest,prematch_classification
diff_event_passes_roll5,0.000729023435610152,random_forest,prematch_classification
home_event_carries_roll5,0.0007239619908443188,random_forest,prematch_classification
home_event_shots_on_target_roll10,0.0007234133890064422,random_forest,prematch_classification
away_p1_possession_losses_roll3,0.0007210354391857759,random_forest,prematch_classification
away_p1_completed_passes_roll10,0.0007203896391094346,random_forest,prematch_classification
diff_event_xg_roll10,0.0007171977893230209,random_forest,prematch_classification
away_event_final_third_entries_roll5,0.0007161898099231626,random_forest,prematch_classification
away_event_shots_on_target_expanding,0.0007154799078264259,random_forest,prematch_classification
home_event_goals_against_roll10,0.0007142500824551535,random_forest,prematch_classification
away_event_pressures_expanding,0.0007116523871019175,random_forest,prematch_classification
away_p1_switching_factor_roll3,0.0007115118392133036,random_forest,prematch_classification
diff_p1_median_zone_recovery_roll3,0.0007109430040971546,random_forest,prematch_classification
away_event_duels_won_expanding,0.0007101770527201755,random_forest,prematch_classification
away_p1_maximum_zone_centrality_expanding,0.0007091501602623345,random_forest,prematch_classification
diff_event_xg_expanding,0.0007073648273337571,random_forest,prematch_classification
bookie_margin,0.0007002671092029711,random_forest,prematch_classification
away_p1_possession_recoveries_roll5,0.0006968649962970191,random_forest,prematch_classification
away_event_goals_against_roll10,0.000694871432364529,random_forest,prematch_classification
diff_event_fouls_roll5,0.0006934710456581016,random_forest,prematch_classification
diff_p1_maximum_zone_centrality_roll5,0.000693075129785208,random_forest,prematch_classification
diff_event_recoveries_roll3,0.0006930503541962228,random_forest,prematch_classification
home_p1_accumulated_eigenvector_centrality_roll10,0.0006916791346010756,random_forest,prematch_classification
home_p1_maximum_zone_leakage_roll5,0.0006896699290336878,random_forest,prematch_classification
away_event_pressures_roll5,0.0006843642780898843,random_forest,prematch_classification
diff_p1_mean_zone_centrality_expanding,0.0006791400248928072,random_forest,prematch_classification
away_p1_maximum_zone_leakage_roll3,0.0006772937613295718,random_forest,prematch_classification
home_event_interceptions_roll3,0.000671225994855765,random_forest,prematch_classification
home_event_shots_roll10,0.0006708290203247452,random_forest,prematch_classification
away_event_goals_against_expanding,0.0006698551911594832,random_forest,prematch_classification
home_p1_switching_factor_roll3,0.0006626948311820482,random_forest,prematch_classification
diff_event_duels_won_expanding,0.0006576974279966449,random_forest,prematch_classification
away_p1_possession_losses_roll5,0.0006556977115014628,random_forest,prematch_classification
diff_p1_mean_zone_recovery_roll5,0.000654643674279397,random_forest,prematch_classification
home_p1_median_zone_recovery_roll5,0.0006526918879291798,random_forest,prematch_classification
home_p1_maximum_zone_recovery_roll5,0.000649022149886351,random_forest,prematch_classification
diff_p1_possession_recoveries_roll5,0.000647680417089582,random_forest,prematch_classification
diff_event_pressures_roll3,0.0006474139334994115,random_forest,prematch_classification
home_event_points_expanding,0.0006348500193770695,random_forest,prematch_classification
home_event_recoveries_roll3,0.0006332358832480471,random_forest,prematch_classification
away_event_possessions_roll5,0.0006266046811193453,random_forest,prematch_classification
home_p1_maximum_zone_recovery_roll3,0.0006264256429619765,random_forest,prematch_classification
home_p1_maximum_zone_leakage_expanding,0.0006255708601939045,random_forest,prematch_classification
diff_event_duels_won_roll10,0.0006234481951089336,random_forest,prematch_classification
home_p1_mean_zone_recovery_expanding,0.0006217721464234414,random_forest,prematch_classification
away_event_xg_roll10,0.0006181736720707517,random_forest,prematch_classification
diff_event_pressures_roll5,0.0006169627395440839,random_forest,prematch_classification
away_event_goals_against_roll5,0.0006139579114883381,random_forest,prematch_classification
away_p1_possession_recoveries_roll10,0.0006092337496795478,random_forest,prematch_classification
away_p1_mean_zone_centrality_expanding,0.0006068682848263559,random_forest,prematch_classification
away_p1_mean_zone_centrality_roll3,0.0006067259828347112,random_forest,prematch_classification
away_event_recoveries_roll3,0.0006052625125266578,random_forest,prematch_classification
diff_p1_maximum_zone_centrality_roll3,0.0006045517479296909,random_forest,prematch_classification
diff_event_passes_roll3,0.0006043907898242225,random_forest,prematch_classification
away_event_recoveries_roll5,0.0005967589401864444,random_forest,prematch_classification
home_event_yellow_cards_roll5,0.0005964522737186615,random_forest,prematch_classification
diff_event_possessions_expanding,0.0005938332920667646,random_forest,prematch_classification
diff_event_recoveries_roll10,0.0005934524293919694,random_forest,prematch_classification
diff_p1_possession_recoveries_roll3,0.0005893402602603156,random_forest,prematch_classification
home_event_shots_on_target_roll3,0.0005818744420857667,random_forest,prematch_classification
diff_p1_maximum_zone_recovery_roll10,0.0005772616274658074,random_forest,prematch_classification
away_event_shots_on_target_roll10,0.0005743287493484731,random_forest,prematch_classification
home_event_possessions_roll10,0.000573531310254367,random_forest,prematch_classification
diff_p1_switching_factor_expanding,0.0005716881193834803,random_forest,prematch_classification
home_event_points_roll5,0.0005696527701001792,random_forest,prematch_classification
away_p1_maximum_zone_recovery_expanding,0.000569284576648334,random_forest,prematch_classification
home_p1_possession_recoveries_expanding,0.0005683476178188428,random_forest,prematch_classification
away_p1_maximum_zone_recovery_roll5,0.0005680984614693191,random_forest,prematch_classification
home_p1_maximum_zone_centrality_roll10,0.000556509030138798,random_forest,prematch_classification
away_event_recoveries_roll10,0.0005534265551474834,random_forest,prematch_classification
away_event_passes_roll3,0.0005506156804736739,random_forest,prematch_classification
diff_p1_mean_zone_centrality_roll5,0.0005466526776592344,random_forest,prematch_classification
home_event_passes_roll5,0.0005460186110170896,random_forest,prematch_classification
away_event_rest_days,0.0005428551609002307,random_forest,prematch_classification
diff_p1_maximum_zone_centrality_roll10,0.0005374718467750596,random_forest,prematch_classification
home_p1_maximum_zone_recovery_expanding,0.0005373680263435388,random_forest,prematch_classification
home_event_points_roll10,0.0005337220945453204,random_forest,prematch_classification
away_p1_accumulated_eigenvector_centrality_roll3,0.0005334907195501597,random_forest,prematch_classification
diff_p1_possession_losses_roll5,0.0005321382739516498,random_forest,prematch_classification
away_event_shots_roll5,0.0005296585556005213,random_forest,prematch_classification
home_p1_maximum_zone_leakage_roll10,0.0005296453868215326,random_forest,prematch_classification
diff_event_red_cards_roll5,0.0005280396068941034,random_forest,prematch_classification
away_p1_median_zone_leakage_expanding,0.0005266707982650277,random_forest,prematch_classification
season_progress,0.0005249320633609065,random_forest,prematch_classification
diff_event_xg_roll3,0.0005245805464521007,random_forest,prematch_classification
home_event_possessions_roll3,0.0005234690952191634,random_forest,prematch_classification
away_p1_median_zone_leakage_roll5,0.0005195149176009826,random_forest,prematch_classification
away_event_completed_passes_roll5,0.0005178448150268288,random_forest,prematch_classification
away_p1_median_zone_recovery_roll5,0.0005167167625359431,random_forest,prematch_classification
diff_p1_switching_factor_roll3,0.0005159614712286528,random_forest,prematch_classification
away_p1_median_zone_recovery_roll10,0.000512738250138175,random_forest,prematch_classification
home_p1_mean_zone_recovery_roll3,0.0005113668781340268,random_forest,prematch_classification
away_event_goals_for_expanding,0.0005097393824969587,random_forest,prematch_classification
away_p1_possession_recoveries_roll3,0.0005082015483800117,random_forest,prematch_classification
diff_event_goals_against_roll10,0.0005080345729056813,random_forest,prematch_classification
away_event_final_third_entries_roll3,0.0005075632258779525,random_forest,prematch_classification
away_p1_mean_zone_centrality_roll5,0.0005074007251960901,random_forest,prematch_classification
away_event_red_cards_expanding,0.0005073611319137765,random_forest,prematch_classification
away_event_pressures_roll10,0.0005013876416924836,random_forest,prematch_classification
away_event_goals_for_roll3,0.000500039563251183,random_forest,prematch_classification
home_event_final_third_entries_expanding,0.0004960630388792085,random_forest,prematch_classification
home_p1_accumulated_eigenvector_centrality_roll5,0.0004899336348177666,random_forest,prematch_classification
home_event_goals_for_roll10,0.00048648726982007445,random_forest,prematch_classification
away_p1_mean_zone_centrality_roll10,0.0004864722440807486,random_forest,prematch_classification
away_event_shots_on_target_roll5,0.0004792118152236658,random_forest,prematch_classification
diff_p1_maximum_zone_recovery_roll3,0.0004769423321737327,random_forest,prematch_classification
away_event_matches_played_prior,0.00047589124050307724,random_forest,prematch_classification
diff_p1_maximum_zone_recovery_roll5,0.00047577184206518467,random_forest,prematch_classification
away_event_interceptions_roll3,0.0004711957763469673,random_forest,prematch_classification
home_p1_maximum_zone_centrality_roll5,0.00046912563689675027,random_forest,prematch_classification
home_event_fouls_roll3,0.0004678307551325713,random_forest,prematch_classification
away_p1_maximum_zone_centrality_roll5,0.000467477029555331,random_forest,prematch_classification
away_event_interceptions_expanding,0.000467226483322133,random_forest,prematch_classification
diff_p1_possession_recoveries_roll10,0.0004668402974810121,random_forest,prematch_classification
away_event_interceptions_roll5,0.0004658436643759862,random_forest,prematch_classification
away_p1_accumulated_eigenvector_centrality_expanding,0.0004644435281946333,random_forest,prematch_classification
away_p1_completed_passes_roll5,0.00046199682126139244,random_forest,prematch_classification
away_p1_matches_played_prior,0.0004589412012523717,random_forest,prematch_classification
away_p1_mean_zone_leakage_roll3,0.0004587566896815093,random_forest,prematch_classification
diff_p1_mean_zone_centrality_roll10,0.0004571290245489961,random_forest,prematch_classification
home_event_shots_roll3,0.00045494032392532475,random_forest,prematch_classification
diff_p1_mean_zone_recovery_expanding,0.00045316232913016606,random_forest,prematch_classification
home_event_red_cards_roll10,0.0004519902723156105,random_forest,prematch_classification
away_p1_maximum_zone_centrality_roll3,0.0004497290235409409,random_forest,prematch_classification
home_p1_possession_recoveries_roll3,0.00044500912014692296,random_forest,prematch_classification
away_p1_median_zone_leakage_roll10,0.0004415959365809556,random_forest,prematch_classification
away_event_completed_passes_roll10,0.00043965524854379514,random_forest,prematch_classification
home_event_passes_roll3,0.0004365303386483609,random_forest,prematch_classification
home_p1_switching_factor_roll5,0.0004357732759991008,random_forest,prematch_classification
away_p1_switching_factor_roll5,0.0004351998308886515,random_forest,prematch_classification
away_event_pressures_roll3,0.0004344746401006386,random_forest,prematch_classification
away_event_shots_roll3,0.000431642749693384,random_forest,prematch_classification
home_event_completed_passes_roll3,0.0004305664598764218,random_forest,prematch_classification
home_event_xg_roll3,0.0004269793508828061,random_forest,prematch_classification
away_event_goals_for_roll5,0.00042531336050655633,random_forest,prematch_classification
away_event_carries_roll5,0.000424254083796708,random_forest,prematch_classification
away_event_completed_passes_roll3,0.00041985346158813103,random_forest,prematch_classification
away_p1_accumulated_eigenvector_centrality_roll10,0.0004177950183192239,random_forest,prematch_classification
diff_p1_median_zone_recovery_expanding,0.0004133733798229108,random_forest,prematch_classification
diff_p1_possession_losses_expanding,0.00040885366987764753,random_forest,prematch_classification
home_event_carries_roll3,0.00040735380126244176,random_forest,prematch_classification
away_p1_possession_losses_roll10,0.00039843437577341843,random_forest,prematch_classification
away_event_fouls_roll3,0.0003960663369210223,random_forest,prematch_classification
away_p1_median_zone_recovery_expanding,0.00039366894812750263,random_forest,prematch_classification
diff_p1_mean_zone_leakage_roll3,0.00039353247839780513,random_forest,prematch_classification
away_event_yellow_cards_expanding,0.0003929978488027952,random_forest,prematch_classification
home_p1_maximum_zone_centrality_roll3,0.000389908379301489,random_forest,prematch_classification
home_event_fouls_roll5,0.00037627914800757243,random_forest,prematch_classification
home_p1_mean_zone_recovery_roll10,0.0003736115362943506,random_forest,prematch_classification
home_p1_possession_losses_expanding,0.00036856007602723944,random_forest,prematch_classification
diff_event_goals_against_roll3,0.00036359489704786515,random_forest,prematch_classification
home_p1_median_zone_recovery_expanding,0.00035664547488417766,random_forest,prematch_classification
away_p1_maximum_zone_leakage_roll10,0.0003537029955126872,random_forest,prematch_classification
away_event_goals_for_roll10,0.0003504386647844692,random_forest,prematch_classification
away_p1_median_zone_recovery_roll3,0.0003465239486365346,random_forest,prematch_classification
diff_event_goals_against_roll5,0.0003442623604377517,random_forest,prematch_classification
diff_event_rest_days,0.00034302654166808286,random_forest,prematch_classification
away_event_goals_against_roll3,0.0003421005814927278,random_forest,prematch_classification
away_event_points_roll3,0.000337707430084699,random_forest,prematch_classification
diff_event_red_cards_roll10,0.0003366311177697527,random_forest,prematch_classification
away_event_xg_roll5,0.00032973384900698507,random_forest,prematch_classification
away_event_shots_on_target_roll3,0.00032863872901510346,random_forest,prematch_classification
home_p1_median_zone_leakage_roll5,0.0003278228757521413,random_forest,prematch_classification
home_p1_possession_recoveries_roll10,0.0003277103129800213,random_forest,prematch_classification
away_event_xg_roll3,0.0003234096320625908,random_forest,prematch_classification
home_p1_median_zone_recovery_roll3,0.0003231975218948109,random_forest,prematch_classification
away_p1_completed_passes_expanding,0.0003226017459161402,random_forest,prematch_classification
home_p1_possession_losses_roll10,0.00032035040860174343,random_forest,prematch_classification
away_event_red_cards_roll3,0.0003156680056724023,random_forest,prematch_classification
home_event_rest_days,0.0003141513156748476,random_forest,prematch_classification
diff_event_completed_passes_roll5,0.00031036847490798977,random_forest,prematch_classification
diff_event_red_cards_expanding,0.0003103588642758197,random_forest,prematch_classification
diff_p1_accumulated_eigenvector_centrality_expanding,0.0003060767135648829,random_forest,prematch_classification
away_p1_possession_losses_expanding,0.0003052873725784433,random_forest,prematch_classification
diff_event_duels_won_roll3,0.0003038013034933532,random_forest,prematch_classification
away_p1_possession_recoveries_expanding,0.00029953097086304285,random_forest,prematch_classification
away_event_passes_roll10,0.00029535605014713003,random_forest,prematch_classification
home_p1_accumulated_eigenvector_centrality_expanding,0.0002944523286512617,random_forest,prematch_classification
away_p1_maximum_zone_recovery_roll10,0.00029308903679696105,random_forest,prematch_classification
home_event_goals_for_roll5,0.0002916241393989965,random_forest,prematch_classification
away_p1_mean_zone_recovery_expanding,0.0002835002576933537,random_forest,prematch_classification
away_event_points_roll5,0.00028207189521242893,random_forest,prematch_classification
home_event_duels_won_roll3,0.00028154590780792406,random_forest,prematch_classification
away_event_recoveries_expanding,0.00028111456449751027,random_forest,prematch_classification
home_event_red_cards_roll5,0.00027880433943082693,random_forest,prematch_classification
diff_p1_completed_passes_roll5,0.0002671661304774093,random_forest,prematch_classification
calendar_sin,0.00026603798410378945,random_forest,prematch_classification
home_event_goals_against_expanding,0.0002642300970670726,random_forest,prematch_classification
away_event_carries_expanding,0.00026342801599219006,random_forest,prematch_classification
home_event_points_roll3,0.0002610079094623992,random_forest,prematch_classification
home_p1_possession_recoveries_roll5,0.00026029963882241486,random_forest,prematch_classification
away_event_xg_expanding,0.00025718379504789993,random_forest,prematch_classification
diff_event_interceptions_roll3,0.00025561021146950404,random_forest,prematch_classification
home_event_goals_for_roll3,0.0002547060868069447,random_forest,prematch_classification
home_event_yellow_cards_roll10,0.0002508810454814012,random_forest,prematch_classification
diff_event_pressures_roll10,0.0002478070051487246,random_forest,prematch_classification
away_p1_rest_days,0.00023390115493894254,random_forest,prematch_classification
away_event_yellow_cards_roll3,0.0002321246072089617,random_forest,prematch_classification
home_p1_rest_days,0.00023200128810490643,random_forest,prematch_classification
away_event_interceptions_roll10,0.0002286869568025984,random_forest,prematch_classification
away_event_completed_passes_expanding,0.00022828857228955477,random_forest,prematch_classification
home_event_pressures_roll3,0.00022261637434311003,random_forest,prematch_classification
diff_event_shots_roll3,0.0002138635608652548,random_forest,prematch_classification
home_event_yellow_cards_roll3,0.0001945831915670012,random_forest,prematch_classification
home_event_recoveries_roll10,0.0001918659387749055,random_forest,prematch_classification
away_p1_mean_zone_leakage_roll5,0.0001889631013326232,random_forest,prematch_classification
away_event_carries_roll10,0.00018631855422045727,random_forest,prematch_classification
home_p1_possession_losses_roll5,0.00018500286615719507,random_forest,prematch_classification
home_p1_median_zone_recovery_roll10,0.00017620450760899779,random_forest,prematch_classification
home_event_goals_against_roll3,0.00016763353565967337,random_forest,prematch_classification
home_event_goals_against_roll5,0.00016469073822040082,random_forest,prematch_classification
diff_event_red_cards_roll3,0.00016345431595969685,random_forest,prematch_classification
diff_event_shots_on_target_roll3,0.0001559651182472056,random_forest,prematch_classification
diff_event_recoveries_expanding,0.0001478155329829007,random_forest,prematch_classification
home_p1_completed_passes_roll5,0.0001446507215258828,random_forest,prematch_classification
away_p1_maximum_zone_recovery_roll3,0.0001379869143943989,random_forest,prematch_classification
home_event_shots_on_target_expanding,0.0001348020957712085,random_forest,prematch_classification
diff_event_points_roll3,0.00012892868113486777,random_forest,prematch_classification
away_event_red_cards_roll5,0.00012350939978279273,random_forest,prematch_classification
away_p1_completed_passes_roll3,0.0001206371529998357,random_forest,prematch_classification
diff_p1_maximum_zone_centrality_expanding,0.00011942409781053518,random_forest,prematch_classification
away_event_red_cards_roll10,0.0001150099042814719,random_forest,prematch_classification
diff_p1_possession_losses_roll3,0.00010908992958651472,random_forest,prematch_classification
home_event_completed_passes_roll5,0.00010857473584873575,random_forest,prematch_classification
away_event_carries_roll3,9.284892510825112e-05,random_forest,prematch_classification
home_event_recoveries_roll5,8.283775417544903e-05,random_forest,prematch_classification
diff_event_goals_for_roll3,3.48766535880342e-05,random_forest,prematch_classification
diff_event_matches_played_prior,0.0,random_forest,prematch_classification
diff_p1_matches_played_prior,0.0,random_forest,prematch_classification
diff_p1_rest_days,0.0,random_forest,prematch_classification
home_event_red_cards_roll3,0.0,random_forest,prematch_classification
market_prob_A,0.2090960294008255,xgboost,prematch_classification
market_prob_H,0.08467402309179306,xgboost,prematch_classification
diff_event_yellow_cards_roll10,0.05183672159910202,xgboost,prematch_classification
diff_event_goals_for_expanding,0.04965941980481148,xgboost,prematch_classification
home_event_goals_against_roll10,0.04345253109931946,xgboost,prematch_classification
home_event_duels_won_expanding,0.04345014691352844,xgboost,prematch_classification
diff_p1_mean_zone_leakage_expanding,0.04045325890183449,xgboost,prematch_classification
home_event_interceptions_expanding,0.03899754211306572,xgboost,prematch_classification
away_event_possessions_roll10,0.03331289440393448,xgboost,prematch_classification
home_event_duels_won_roll10,0.03069615550339222,xgboost,prematch_classification
diff_event_final_third_entries_expanding,0.028050603345036507,xgboost,prematch_classification
home_event_pressures_roll5,0.028042277321219444,xgboost,prematch_classification
home_event_final_third_entries_roll5,0.02547604963183403,xgboost,prematch_classification
away_p1_mean_zone_recovery_roll3,0.02470576763153076,xgboost,prematch_classification
home_event_fouls_roll5,0.02463328279554844,xgboost,prematch_classification
away_p1_median_zone_leakage_roll3,0.023710522800683975,xgboost,prematch_classification
away_event_pressures_expanding,0.023521099239587784,xgboost,prematch_classification
home_event_interceptions_roll10,0.022368181496858597,xgboost,prematch_classification
home_event_fouls_roll3,0.021862082183361053,xgboost,prematch_classification
away_event_points_expanding,0.019464809447526932,xgboost,prematch_classification
home_event_fouls_roll10,0.019273666664958,xgboost,prematch_classification
diff_p1_median_zone_leakage_roll5,0.018677225336432457,xgboost,prematch_classification
diff_p1_maximum_zone_leakage_expanding,0.01786932907998562,xgboost,prematch_classification
home_p1_mean_zone_leakage_expanding,0.017140386626124382,xgboost,prematch_classification
diff_event_points_roll5,0.01635666936635971,xgboost,prematch_classification
diff_p1_accumulated_eigenvector_centrality_roll3,0.015708543360233307,xgboost,prematch_classification
away_p1_mean_zone_recovery_roll10,0.014550012536346912,xgboost,prematch_classification
away_p1_maximum_zone_leakage_expanding,0.01363472267985344,xgboost,prematch_classification
away_event_duels_won_expanding,0.013287288136780262,xgboost,prematch_classification
home_event_goals_against_roll5,0.01298778597265482,xgboost,prematch_classification
home_event_yellow_cards_roll10,0.012855054810643196,xgboost,prematch_classification
away_event_final_third_entries_roll10,0.012839073315262794,xgboost,prematch_classification
away_p1_maximum_zone_leakage_roll5,0.012427731417119503,xgboost,prematch_classification
home_event_final_third_entries_expanding,0.012363328598439693,xgboost,prematch_classification
home_p1_accumulated_eigenvector_centrality_roll5,0.012334441766142845,xgboost,prematch_classification
diff_event_yellow_cards_roll5,0.011981709860265255,xgboost,prematch_classification
home_event_final_third_entries_roll10,0.011894317343831062,xgboost,prematch_classification
diff_event_interceptions_roll5,0.011829289607703686,xgboost,prematch_classification
away_event_carries_expanding,0.011525146663188934,xgboost,prematch_classification
away_p1_mean_zone_leakage_expanding,0.01142799761146307,xgboost,prematch_classification
diff_p1_maximum_zone_leakage_roll5,0.011337519623339176,xgboost,prematch_classification
away_event_final_third_entries_roll3,0.01133621484041214,xgboost,prematch_classification
diff_p1_median_zone_recovery_roll10,0.011268061585724354,xgboost,prematch_classification
diff_p1_median_zone_leakage_expanding,0.010869504883885384,xgboost,prematch_classification
diff_event_yellow_cards_expanding,0.01081367488950491,xgboost,prematch_classification
home_event_possessions_roll5,0.010811101645231247,xgboost,prematch_classification
diff_event_possessions_roll10,0.010675009340047836,xgboost,prematch_classification
diff_event_shots_on_target_roll5,0.010570530779659748,xgboost,prematch_classification
away_p1_maximum_zone_recovery_roll3,0.010336054489016533,xgboost,prematch_classification
away_event_red_cards_roll3,0.009953578934073448,xgboost,prematch_classification
diff_event_final_third_entries_roll3,0.009840494021773338,xgboost,prematch_classification
home_p1_maximum_zone_recovery_roll3,0.009526393376290798,xgboost,prematch_classification
home_p1_median_zone_leakage_roll3,0.009333988651633263,xgboost,prematch_classification
diff_event_recoveries_roll3,0.009304056875407696,xgboost,prematch_classification
diff_p1_mean_zone_leakage_roll5,0.008985616266727448,xgboost,prematch_classification
diff_event_pressures_roll3,0.008963562548160553,xgboost,prematch_classification
home_event_interceptions_roll3,0.008860258385539055,xgboost,prematch_classification
diff_event_carries_expanding,0.008786999620497227,xgboost,prematch_classification
home_event_final_third_entries_roll3,0.008480452932417393,xgboost,prematch_classification
diff_event_red_cards_roll10,0.0084278779104352,xgboost,prematch_classification
home_p1_possession_recoveries_expanding,0.008237074129283428,xgboost,prematch_classification
away_event_recoveries_roll3,0.008217480033636093,xgboost,prematch_classification
home_event_possessions_roll10,0.008193576708436012,xgboost,prematch_classification
home_p1_maximum_zone_leakage_roll3,0.00818741787225008,xgboost,prematch_classification
market_prob_D,0.008179753087460995,xgboost,prematch_classification
diff_event_pressures_roll5,0.008065585978329182,xgboost,prematch_classification
home_p1_possession_losses_expanding,0.008022928610444069,xgboost,prematch_classification
away_event_final_third_entries_expanding,0.008000809699296951,xgboost,prematch_classification
diff_event_recoveries_roll10,0.00796953309327364,xgboost,prematch_classification
home_event_interceptions_roll5,0.007825524546205997,xgboost,prematch_classification
diff_event_duels_won_roll10,0.007678968831896782,xgboost,prematch_classification
home_event_shots_on_target_expanding,0.007513474207371473,xgboost,prematch_classification
home_event_shots_on_target_roll10,0.007493321318179369,xgboost,prematch_classification
diff_event_pressures_expanding,0.00732019916176796,xgboost,prematch_classification
home_event_points_roll5,0.007124545518308878,xgboost,prematch_classification
diff_event_fouls_expanding,0.007120882626622915,xgboost,prematch_classification
calendar_cos,0.007063871715217829,xgboost,prematch_classification
away_p1_mean_zone_recovery_roll5,0.0070566460490226746,xgboost,prematch_classification
home_event_possessions_expanding,0.007005831226706505,xgboost,prematch_classification
home_event_yellow_cards_roll5,0.006872221361845732,xgboost,prematch_classification
home_p1_maximum_zone_centrality_expanding,0.00684010237455368,xgboost,prematch_classification
diff_event_goals_for_roll5,0.0068203057162463665,xgboost,prematch_classification
diff_event_possessions_roll3,0.006639448460191488,xgboost,prematch_classification
away_p1_mean_zone_recovery_expanding,0.006468635518103838,xgboost,prematch_classification
home_event_shots_expanding,0.00625666743144393,xgboost,prematch_classification
home_event_xg_roll5,0.006233824882656336,xgboost,prematch_classification
diff_event_shots_on_target_expanding,0.00622246228158474,xgboost,prematch_classification
home_p1_accumulated_eigenvector_centrality_roll3,0.006198165938258171,xgboost,prematch_classification
home_event_shots_on_target_roll5,0.006138416938483715,xgboost,prematch_classification
home_event_points_roll3,0.00612040376290679,xgboost,prematch_classification
away_event_goals_against_roll10,0.006106629502028227,xgboost,prematch_classification
bookie_margin,0.005939747206866741,xgboost,prematch_classification
diff_event_interceptions_expanding,0.005933721084147692,xgboost,prematch_classification
diff_p1_median_zone_recovery_roll5,0.005866711493581533,xgboost,prematch_classification
away_p1_median_zone_recovery_roll10,0.005822646897286177,xgboost,prematch_classification
diff_event_fouls_roll3,0.005784884560853243,xgboost,prematch_classification
home_event_goals_for_expanding,0.005682474002242088,xgboost,prematch_classification
away_p1_mean_zone_leakage_roll3,0.005646022502332926,xgboost,prematch_classification
home_p1_maximum_zone_leakage_roll5,0.0055556404404342175,xgboost,prematch_classification
away_event_xg_roll10,0.00542836170643568,xgboost,prematch_classification
home_event_duels_won_roll5,0.00537022203207016,xgboost,prematch_classification
away_event_xg_roll3,0.005347829777747393,xgboost,prematch_classification
diff_p1_switching_factor_expanding,0.00531289167702198,xgboost,prematch_classification
away_event_possessions_roll3,0.005182253662496805,xgboost,prematch_classification
away_event_yellow_cards_roll10,0.004977019503712654,xgboost,prematch_classification
away_p1_switching_factor_expanding,0.004952819552272558,xgboost,prematch_classification
home_p1_mean_zone_leakage_roll5,0.004940840881317854,xgboost,prematch_classification
away_event_goals_against_roll3,0.004928484093397856,xgboost,prematch_classification
away_event_final_third_entries_roll5,0.004876947961747646,xgboost,prematch_classification
diff_p1_possession_losses_expanding,0.004858494270592928,xgboost,prematch_classification
away_event_goals_against_expanding,0.004792612977325916,xgboost,prematch_classification
away_event_goals_for_roll10,0.0047674342058598995,xgboost,prematch_classification
diff_p1_maximum_zone_centrality_expanding,0.004666334483772516,xgboost,prematch_classification
diff_p1_maximum_zone_leakage_roll3,0.004590797703713179,xgboost,prematch_classification
away_event_duels_won_roll3,0.004575638100504875,xgboost,prematch_classification
diff_p1_mean_zone_recovery_roll10,0.004566608928143978,xgboost,prematch_classification
away_p1_maximum_zone_centrality_roll10,0.004539405461400747,xgboost,prematch_classification
diff_event_duels_won_roll5,0.004473944194614887,xgboost,prematch_classification
away_event_passes_expanding,0.00446746964007616,xgboost,prematch_classification
diff_p1_accumulated_eigenvector_centrality_roll10,0.004415164235979319,xgboost,prematch_classification
away_event_fouls_roll3,0.004412874113768339,xgboost,prematch_classification
diff_event_completed_passes_roll3,0.004407245200127363,xgboost,prematch_classification
diff_p1_possession_losses_roll5,0.004336378537118435,xgboost,prematch_classification
away_event_xg_expanding,0.004311827942728996,xgboost,prematch_classification
away_event_fouls_roll5,0.004304584581404924,xgboost,prematch_classification
home_p1_median_zone_leakage_roll10,0.00421784445643425,xgboost,prematch_classification
home_event_xg_expanding,0.004205032251775265,xgboost,prematch_classification
home_event_goals_for_roll5,0.004137119278311729,xgboost,prematch_classification
away_event_interceptions_roll10,0.0041029974818229675,xgboost,prematch_classification
diff_event_recoveries_roll5,0.004031240474432707,xgboost,prematch_classification
diff_event_interceptions_roll10,0.003998745698481798,xgboost,prematch_classification
away_event_interceptions_expanding,0.003988892771303654,xgboost,prematch_classification
away_event_recoveries_roll5,0.003982362803071737,xgboost,prematch_classification
diff_p1_median_zone_recovery_expanding,0.003948741126805544,xgboost,prematch_classification
home_event_points_expanding,0.003936318680644035,xgboost,prematch_classification
home_event_goals_for_roll3,0.003865012899041176,xgboost,prematch_classification
away_p1_maximum_zone_leakage_roll10,0.0038472190499305725,xgboost,prematch_classification
away_event_fouls_expanding,0.0038186791352927685,xgboost,prematch_classification
away_p1_possession_recoveries_roll5,0.003751654177904129,xgboost,prematch_classification
home_event_recoveries_expanding,0.0037085574585944414,xgboost,prematch_classification
diff_p1_switching_factor_roll10,0.003683758433908224,xgboost,prematch_classification
diff_event_goals_against_expanding,0.0035539872478693724,xgboost,prematch_classification
diff_event_xg_roll3,0.0034939295146614313,xgboost,prematch_classification
diff_p1_possession_recoveries_expanding,0.0034263371489942074,xgboost,prematch_classification
home_p1_possession_losses_roll5,0.0033951604273170233,xgboost,prematch_classification
home_p1_median_zone_leakage_roll5,0.0033899485133588314,xgboost,prematch_classification
diff_event_final_third_entries_roll10,0.003329712664708495,xgboost,prematch_classification
home_event_duels_won_roll3,0.0033145949710160494,xgboost,prematch_classification
home_p1_median_zone_recovery_roll3,0.0032682439778000116,xgboost,prematch_classification
diff_p1_mean_zone_recovery_roll5,0.0032386556267738342,xgboost,prematch_classification
home_event_goals_for_roll10,0.0032358320895582438,xgboost,prematch_classification
home_event_xg_roll3,0.0032069983426481485,xgboost,prematch_classification
diff_p1_maximum_zone_centrality_roll10,0.003117775311693549,xgboost,prematch_classification
diff_p1_median_zone_recovery_roll3,0.0031091102864593267,xgboost,prematch_classification
diff_event_possessions_expanding,0.0030704550445079803,xgboost,prematch_classification
home_event_xg_roll10,0.0030669118277728558,xgboost,prematch_classification
away_p1_possession_losses_roll3,0.0029539973475039005,xgboost,prematch_classification
home_p1_mean_zone_recovery_roll3,0.002898956649005413,xgboost,prematch_classification
home_event_pressures_roll10,0.0028327482286840677,xgboost,prematch_classification
home_event_shots_on_target_roll3,0.0028204394038766623,xgboost,prematch_classification
diff_event_possessions_roll5,0.0028054469730705023,xgboost,prematch_classification
diff_event_shots_roll10,0.002800682792440057,xgboost,prematch_classification
diff_event_passes_roll10,0.00276294001378119,xgboost,prematch_classification
diff_event_duels_won_roll3,0.002731816377490759,xgboost,prematch_classification
diff_p1_maximum_zone_recovery_roll5,0.0027120199520140886,xgboost,prematch_classification
diff_event_carries_roll5,0.002698527416214347,xgboost,prematch_classification
home_event_goals_against_expanding,0.002672045724466443,xgboost,prematch_classification
diff_event_duels_won_expanding,0.0026665630284696817,xgboost,prematch_classification
diff_event_final_third_entries_roll5,0.0026624975726008415,xgboost,prematch_classification
diff_p1_median_zone_leakage_roll3,0.002650380367413163,xgboost,prematch_classification
home_p1_mean_zone_leakage_roll10,0.0026501573156565428,xgboost,prematch_classification
away_event_shots_roll3,0.0025766065809875727,xgboost,prematch_classification
away_event_interceptions_roll5,0.002563978312537074,xgboost,prematch_classification
home_p1_switching_factor_roll3,0.0025375348050147295,xgboost,prematch_classification
home_p1_mean_zone_centrality_roll3,0.0025246390141546726,xgboost,prematch_classification
home_p1_mean_zone_recovery_roll5,0.002478518057614565,xgboost,prematch_classification
away_event_pressures_roll5,0.0024621114134788513,xgboost,prematch_classification
away_event_duels_won_roll5,0.002427707426249981,xgboost,prematch_classification
away_p1_possession_recoveries_roll10,0.0023347327951341867,xgboost,prematch_classification
away_p1_mean_zone_centrality_expanding,0.002334622899070382,xgboost,prematch_classification
away_event_yellow_cards_expanding,0.0023210947401821613,xgboost,prematch_classification
away_p1_maximum_zone_recovery_expanding,0.0023111742921173573,xgboost,prematch_classification
home_event_yellow_cards_roll3,0.002289879834279418,xgboost,prematch_classification
diff_p1_switching_factor_roll5,0.0022672084160149097,xgboost,prematch_classification
away_event_points_roll10,0.0022621694952249527,xgboost,prematch_classification
away_event_pressures_roll3,0.002239099470898509,xgboost,prematch_classification
diff_event_pressures_roll10,0.0022328589111566544,xgboost,prematch_classification
away_event_yellow_cards_roll5,0.0022322058212012053,xgboost,prematch_classification
diff_p1_switching_factor_roll3,0.0021575195714831352,xgboost,prematch_classification
diff_event_shots_on_target_roll10,0.0021562259644269943,xgboost,prematch_classification
diff_p1_possession_losses_roll10,0.002103511244058609,xgboost,prematch_classification
home_p1_switching_factor_expanding,0.0019831068348139524,xgboost,prematch_classification
away_p1_possession_losses_roll10,0.0019645774737000465,xgboost,prematch_classification
away_event_shots_on_target_roll10,0.0019520448986440897,xgboost,prematch_classification
away_p1_median_zone_recovery_roll5,0.001902751624584198,xgboost,prematch_classification
away_event_goals_for_roll5,0.001902350690215826,xgboost,prematch_classification
diff_event_red_cards_roll3,0.001887151738628745,xgboost,prematch_classification
diff_event_goals_for_roll3,0.001872520660981536,xgboost,prematch_classification
diff_p1_mean_zone_centrality_roll5,0.001869122264906764,xgboost,prematch_classification
home_event_completed_passes_expanding,0.001838715746998787,xgboost,prematch_classification
home_p1_maximum_zone_centrality_roll10,0.0018298318609595299,xgboost,prematch_classification
away_event_possessions_expanding,0.0018188267713412642,xgboost,prematch_classification
away_p1_maximum_zone_recovery_roll5,0.0017899841768667102,xgboost,prematch_classification
diff_event_shots_on_target_roll3,0.0017766550881788135,xgboost,prematch_classification
away_p1_maximum_zone_centrality_expanding,0.0017612361116334796,xgboost,prematch_classification
home_p1_possession_recoveries_roll3,0.0017565106973052025,xgboost,prematch_classification
diff_event_shots_roll3,0.0017456787172704935,xgboost,prematch_classification
away_event_red_cards_expanding,0.0017332129646092653,xgboost,prematch_classification
diff_p1_completed_passes_roll10,0.0017175264656543732,xgboost,prematch_classification
diff_p1_possession_recoveries_roll3,0.0017165773315355182,xgboost,prematch_classification
home_p1_completed_passes_roll5,0.001705613569356501,xgboost,prematch_classification
away_event_passes_roll3,0.0017032158793881536,xgboost,prematch_classification
home_p1_maximum_zone_leakage_expanding,0.001698831794783473,xgboost,prematch_classification
home_p1_mean_zone_leakage_roll3,0.00169718312099576,xgboost,prematch_classification
diff_event_completed_passes_roll10,0.001692483783699572,xgboost,prematch_classification
diff_event_carries_roll3,0.0016657647211104631,xgboost,prematch_classification
diff_event_xg_expanding,0.001661446993239224,xgboost,prematch_classification
home_event_completed_passes_roll5,0.0016544340178370476,xgboost,prematch_classification
diff_event_yellow_cards_roll3,0.0016034187283366919,xgboost,prematch_classification
away_p1_median_zone_recovery_expanding,0.0015944502083584666,xgboost,prematch_classification
away_event_fouls_roll10,0.0015891033690422773,xgboost,prematch_classification
diff_p1_maximum_zone_recovery_roll10,0.0014938805252313614,xgboost,prematch_classification
away_p1_maximum_zone_centrality_roll3,0.0014934525825083256,xgboost,prematch_classification
diff_event_points_expanding,0.0014787549152970314,xgboost,prematch_classification
away_p1_mean_zone_centrality_roll10,0.001474958029575646,xgboost,prematch_classification
diff_event_rest_days,0.0014269895618781447,xgboost,prematch_classification
home_event_yellow_cards_expanding,0.0014095492660999298,xgboost,prematch_classification
home_p1_completed_passes_expanding,0.001408092794008553,xgboost,prematch_classification
away_p1_mean_zone_centrality_roll5,0.0013939380878582597,xgboost,prematch_classification
home_p1_accumulated_eigenvector_centrality_roll10,0.0013806970091536641,xgboost,prematch_classification
diff_p1_maximum_zone_leakage_roll10,0.001352782710455358,xgboost,prematch_classification
away_p1_accumulated_eigenvector_centrality_roll10,0.0013440315378829837,xgboost,prematch_classification
home_p1_maximum_zone_recovery_roll10,0.0013209282187744975,xgboost,prematch_classification
away_event_shots_on_target_roll5,0.0012796150986105204,xgboost,prematch_classification
home_event_pressures_roll3,0.0012684821849688888,xgboost,prematch_classification
away_event_recoveries_roll10,0.0012595178559422493,xgboost,prematch_classification
home_p1_maximum_zone_recovery_roll5,0.0012521216413006186,xgboost,prematch_classification
diff_event_passes_roll3,0.001203004620037973,xgboost,prematch_classification
diff_event_red_cards_expanding,0.0011744587682187557,xgboost,prematch_classification
away_event_passes_roll5,0.001114311278797686,xgboost,prematch_classification
diff_event_xg_roll5,0.0011075991205871105,xgboost,prematch_classification
away_event_interceptions_roll3,0.001095062354579568,xgboost,prematch_classification
away_p1_possession_losses_expanding,0.001028998987749219,xgboost,prematch_classification
away_p1_median_zone_leakage_expanding,0.0010261043207719922,xgboost,prematch_classification
away_event_shots_roll5,0.0010188417509198189,xgboost,prematch_classification
diff_event_passes_roll5,0.0010100522777065635,xgboost,prematch_classification
diff_p1_maximum_zone_centrality_roll3,0.0009930531959980726,xgboost,prematch_classification
home_p1_maximum_zone_leakage_roll10,0.0009800577536225319,xgboost,prematch_classification
diff_event_fouls_roll10,0.0009707972640171647,xgboost,prematch_classification
diff_p1_accumulated_eigenvector_centrality_expanding,0.0009423642768524587,xgboost,prematch_classification
away_event_goals_against_roll5,0.0009369174367748201,xgboost,prematch_classification
away_event_duels_won_roll10,0.0009224448003806174,xgboost,prematch_classification
home_event_goals_against_roll3,0.0009223491651937366,xgboost,prematch_classification
home_p1_median_zone_recovery_roll10,0.0009184394148178399,xgboost,prematch_classification
home_event_recoveries_roll10,0.000914784730412066,xgboost,prematch_classification
diff_p1_possession_losses_roll3,0.0008257413865067065,xgboost,prematch_classification
diff_event_passes_expanding,0.0008050335454754531,xgboost,prematch_classification
home_p1_mean_zone_recovery_roll10,0.0008009994635358453,xgboost,prematch_classification
home_event_red_cards_roll3,0.0007820465252734721,xgboost,prematch_classification
home_event_passes_roll5,0.000774705084040761,xgboost,prematch_classification
diff_event_points_roll3,0.0007607790757901967,xgboost,prematch_classification
away_event_points_roll5,0.0007598232477903366,xgboost,prematch_classification
away_event_completed_passes_roll3,0.0007509496645070612,xgboost,prematch_classification
diff_event_goals_against_roll5,0.0007142338436096907,xgboost,prematch_classification
home_event_carries_roll10,0.0006983454222790897,xgboost,prematch_classification
away_p1_completed_passes_roll3,0.0006652107695117593,xgboost,prematch_classification
diff_p1_mean_zone_leakage_roll10,0.0006623720983043313,xgboost,prematch_classification
home_p1_maximum_zone_centrality_roll5,0.000644625979475677,xgboost,prematch_classification
away_p1_maximum_zone_recovery_roll10,0.0006291961763054132,xgboost,prematch_classification
away_event_carries_roll3,0.0006229185964912176,xgboost,prematch_classification
home_p1_switching_factor_roll10,0.000610344170127064,xgboost,prematch_classification
home_event_shots_roll5,0.0005599379073828459,xgboost,prematch_classification
diff_event_shots_roll5,0.0005535687669180334,xgboost,prematch_classification
calendar_sin,0.0005503721768036485,xgboost,prematch_classification
away_p1_possession_losses_roll5,0.0005084589356556535,xgboost,prematch_classification
away_event_carries_roll10,0.0004814788408111781,xgboost,prematch_classification
home_p1_completed_passes_roll3,0.00046488147927448153,xgboost,prematch_classification
home_event_red_cards_roll10,0.00044975336641073227,xgboost,prematch_classification
away_event_shots_on_target_roll3,0.0004439178155735135,xgboost,prematch_classification
home_p1_possession_recoveries_roll5,0.0004366359207779169,xgboost,prematch_classification
diff_event_interceptions_roll3,0.0004019040788989514,xgboost,prematch_classification
home_p1_possession_losses_roll3,0.0003590337000787258,xgboost,prematch_classification
home_p1_median_zone_recovery_expanding,0.0003379633417353034,xgboost,prematch_classification
away_event_completed_passes_roll5,0.00032526871655136347,xgboost,prematch_classification
away_event_red_cards_roll10,0.00030556455021724105,xgboost,prematch_classification
home_event_shots_roll10,0.0002627309295348823,xgboost,prematch_classification
away_event_recoveries_expanding,0.00021955846750643104,xgboost,prematch_classification
home_event_possessions_roll3,0.00017935311188921332,xgboost,prematch_classification
away_event_yellow_cards_roll3,0.00011858862853841856,xgboost,prematch_classification
diff_p1_maximum_zone_recovery_roll3,0.0,xgboost,prematch_classification
diff_p1_maximum_zone_recovery_expanding,0.0,xgboost,prematch_classification
diff_event_recoveries_expanding,0.0,xgboost,prematch_classification
away_event_completed_passes_expanding,0.0,xgboost,prematch_classification
home_event_shots_roll3,0.0,xgboost,prematch_classification
home_event_points_roll10,0.0,xgboost,prematch_classification
diff_event_completed_passes_roll5,0.0,xgboost,prematch_classification
away_event_shots_expanding,0.0,xgboost,prematch_classification
away_event_shots_on_target_expanding,0.0,xgboost,prematch_classification
diff_event_xg_roll10,0.0,xgboost,prematch_classification
away_event_shots_roll10,0.0,xgboost,prematch_classification
season_progress,0.0,xgboost,prematch_classification
away_event_points_roll3,0.0,xgboost,prematch_classification
home_p1_rest_days,0.0,xgboost,prematch_classification
diff_event_red_cards_roll5,0.0,xgboost,prematch_classification
away_event_pressures_roll10,0.0,xgboost,prematch_classification
diff_event_fouls_roll5,0.0,xgboost,prematch_classification
diff_event_carries_roll10,0.0,xgboost,prematch_classification
home_p1_matches_played_prior,0.0,xgboost,prematch_classification
away_event_passes_roll10,0.0,xgboost,prematch_classification
away_event_completed_passes_roll10,0.0,xgboost,prematch_classification
diff_p1_completed_passes_expanding,0.0,xgboost,prematch_classification
diff_p1_mean_zone_recovery_expanding,0.0,xgboost,prematch_classification
diff_p1_mean_zone_recovery_roll3,0.0,xgboost,prematch_classification
home_event_completed_passes_roll3,0.0,xgboost,prematch_classification
home_event_completed_passes_roll10,0.0,xgboost,prematch_classification
home_event_passes_expanding,0.0,xgboost,prematch_classification
diff_p1_completed_passes_roll5,0.0,xgboost,prematch_classification
diff_p1_possession_recoveries_roll5,0.0,xgboost,prematch_classification
diff_p1_possession_recoveries_roll10,0.0,xgboost,prematch_classification
diff_p1_completed_passes_roll3,0.0,xgboost,prematch_classification
diff_event_completed_passes_expanding,0.0,xgboost,prematch_classification
home_p1_mean_zone_recovery_expanding,0.0,xgboost,prematch_classification
home_p1_median_zone_recovery_roll5,0.0,xgboost,prematch_classification
home_p1_completed_passes_roll10,0.0,xgboost,prematch_classification
home_p1_maximum_zone_recovery_expanding,0.0,xgboost,prematch_classification
away_event_goals_for_expanding,0.0,xgboost,prematch_classification
away_event_goals_for_roll3,0.0,xgboost,prematch_classification
home_event_carries_roll3,0.0,xgboost,prematch_classification
home_event_red_cards_expanding,0.0,xgboost,prematch_classification
home_event_red_cards_roll5,0.0,xgboost,prematch_classification
away_p1_maximum_zone_leakage_roll3,0.0,xgboost,prematch_classification
home_event_fouls_expanding,0.0,xgboost,prematch_classification
away_p1_mean_zone_leakage_roll10,0.0,xgboost,prematch_classification
away_p1_median_zone_leakage_roll5,0.0,xgboost,prematch_classification
away_p1_median_zone_leakage_roll10,0.0,xgboost,prematch_classification
away_p1_mean_zone_centrality_roll3,0.0,xgboost,prematch_classification
away_p1_mean_zone_leakage_roll5,0.0,xgboost,prematch_classification
home_p1_possession_recoveries_roll10,0.0,xgboost,prematch_classification
away_p1_rest_days,0.0,xgboost,prematch_classification
away_p1_accumulated_eigenvector_centrality_roll5,0.0,xgboost,prematch_classification
away_p1_accumulated_eigenvector_centrality_roll3,0.0,xgboost,prematch_classification
away_p1_accumulated_eigenvector_centrality_expanding,0.0,xgboost,prematch_classification
away_p1_maximum_zone_centrality_roll5,0.0,xgboost,prematch_classification
home_p1_possession_losses_roll10,0.0,xgboost,prematch_classification
away_p1_matches_played_prior,0.0,xgboost,prematch_classification
home_p1_switching_factor_roll5,0.0,xgboost,prematch_classification
away_event_matches_played_prior,0.0,xgboost,prematch_classification
home_p1_mean_zone_centrality_expanding,0.0,xgboost,prematch_classification
home_p1_accumulated_eigenvector_centrality_expanding,0.0,xgboost,prematch_classification
home_p1_mean_zone_centrality_roll5,0.0,xgboost,prematch_classification
home_p1_mean_zone_centrality_roll10,0.0,xgboost,prematch_classification
away_event_xg_roll5,0.0,xgboost,prematch_classification
home_p1_maximum_zone_centrality_roll3,0.0,xgboost,prematch_classification
away_event_rest_days,0.0,xgboost,prematch_classification
home_p1_median_zone_leakage_expanding,0.0,xgboost,prematch_classification
away_p1_median_zone_recovery_roll3,0.0,xgboost,prematch_classification
diff_event_shots_expanding,0.0,xgboost,prematch_classification
diff_event_goals_against_roll10,0.0,xgboost,prematch_classification
diff_event_goals_against_roll3,0.0,xgboost,prematch_classification
diff_p1_rest_days,0.0,xgboost,prematch_classification
diff_p1_matches_played_prior,0.0,xgboost,prematch_classification
away_p1_switching_factor_roll10,0.0,xgboost,prematch_classification
away_p1_switching_factor_roll5,0.0,xgboost,prematch_classification
away_p1_switching_factor_roll3,0.0,xgboost,prematch_classification
away_p1_possession_recoveries_expanding,0.0,xgboost,prematch_classification
away_p1_possession_recoveries_roll3,0.0,xgboost,prematch_classification
away_p1_completed_passes_expanding,0.0,xgboost,prematch_classification
away_p1_completed_passes_roll5,0.0,xgboost,prematch_classification
away_p1_completed_passes_roll10,0.0,xgboost,prematch_classification
diff_event_goals_for_roll10,0.0,xgboost,prematch_classification
home_event_carries_expanding,0.0,xgboost,prematch_classification
home_event_carries_roll5,0.0,xgboost,prematch_classification
diff_event_points_roll10,0.0,xgboost,prematch_classification
home_event_recoveries_roll3,0.0,xgboost,prematch_classification
away_event_red_cards_roll5,0.0,xgboost,prematch_classification
away_event_possessions_roll5,0.0,xgboost,prematch_classification
away_event_carries_roll5,0.0,xgboost,prematch_classification
home_event_recoveries_roll5,0.0,xgboost,prematch_classification
diff_p1_accumulated_eigenvector_centrality_roll5,0.0,xgboost,prematch_classification
home_event_pressures_expanding,0.0,xgboost,prematch_classification
diff_p1_mean_zone_centrality_roll3,0.0,xgboost,prematch_classification
diff_p1_maximum_zone_centrality_roll5,0.0,xgboost,prematch_classification
diff_event_matches_played_prior,0.0,xgboost,prematch_classification
diff_p1_mean_zone_centrality_expanding,0.0,xgboost,prematch_classification
diff_p1_mean_zone_centrality_roll10,0.0,xgboost,prematch_classification
diff_p1_median_zone_leakage_roll10,0.0,xgboost,prematch_classification
diff_p1_mean_zone_leakage_roll3,0.0,xgboost,prematch_classification
home_event_passes_roll3,0.0,xgboost,prematch_classification
home_event_passes_roll10,0.0,xgboost,prematch_classification
home_event_rest_days,0.0,xgboost,prematch_classification
home_event_matches_played_prior,0.0,xgboost,prematch_classification
market_prob_A,0.4416239741074941,lightgbm,prematch_classification
market_prob_H,0.10404009133252143,lightgbm,prematch_classification
diff_event_yellow_cards_roll10,0.09204202221467607,lightgbm,prematch_classification
home_event_goals_against_roll10,0.08758771734922013,lightgbm,prematch_classification
diff_p1_median_zone_leakage_roll5,0.07807921600519804,lightgbm,prematch_classification
market_prob_D,0.07072358821437733,lightgbm,prematch_classification
home_event_interceptions_expanding,0.06843222014276919,lightgbm,prematch_classification
home_event_duels_won_expanding,0.0659523898062518,lightgbm,prematch_classification
diff_p1_mean_zone_leakage_expanding,0.061307157956175994,lightgbm,prematch_classification
home_event_final_third_entries_roll10,0.05954281593870644,lightgbm,prematch_classification
away_event_final_third_entries_roll3,0.05850367446856946,lightgbm,prematch_classification
home_event_interceptions_roll10,0.05542503574372726,lightgbm,prematch_classification
away_p1_mean_zone_recovery_roll5,0.05197422550222174,lightgbm,prematch_classification
home_event_fouls_roll10,0.04730905508433108,lightgbm,prematch_classification
away_event_goals_for_roll10,0.04396628003815406,lightgbm,prematch_classification
diff_event_final_third_entries_roll3,0.043583838995395016,lightgbm,prematch_classification
away_event_recoveries_roll3,0.04213774056965038,lightgbm,prematch_classification
home_event_xg_roll5,0.039969278779060244,lightgbm,prematch_classification
away_p1_median_zone_leakage_roll3,0.03856184584919074,lightgbm,prematch_classification
home_event_fouls_roll5,0.037650962145609,lightgbm,prematch_classification
home_event_final_third_entries_roll5,0.037634575602474706,lightgbm,prematch_classification
diff_p1_maximum_zone_leakage_roll5,0.0371051891048147,lightgbm,prematch_classification
away_event_possessions_roll10,0.03640487414290126,lightgbm,prematch_classification
home_event_interceptions_roll3,0.03465150032237818,lightgbm,prematch_classification
home_event_fouls_roll3,0.032055437356140325,lightgbm,prematch_classification
calendar_cos,0.02954486530957945,lightgbm,prematch_classification
diff_p1_median_zone_recovery_roll10,0.02928312588104996,lightgbm,prematch_classification
home_event_points_roll5,0.029143858584733274,lightgbm,prematch_classification
diff_event_points_roll5,0.0291412042162747,lightgbm,prematch_classification
diff_event_interceptions_roll10,0.028398886161617527,lightgbm,prematch_classification
home_event_duels_won_roll3,0.02795389449122835,lightgbm,prematch_classification
bookie_margin,0.027828744727771616,lightgbm,prematch_classification
away_p1_mean_zone_recovery_roll10,0.027716281668510312,lightgbm,prematch_classification
home_event_recoveries_roll3,0.027570658073174898,lightgbm,prematch_classification
diff_event_recoveries_roll5,0.02676504565719842,lightgbm,prematch_classification
home_p1_maximum_zone_recovery_roll3,0.02656353608084151,lightgbm,prematch_classification
diff_p1_median_zone_leakage_expanding,0.025984498630387442,lightgbm,prematch_classification
away_p1_maximum_zone_leakage_roll5,0.02386663534186974,lightgbm,prematch_classification
away_event_final_third_entries_roll10,0.022974102763483464,lightgbm,prematch_classification
diff_event_possessions_roll3,0.022974042725848992,lightgbm,prematch_classification
diff_event_final_third_entries_expanding,0.02209673612233672,lightgbm,prematch_classification
diff_event_fouls_roll3,0.02169672208471171,lightgbm,prematch_classification
away_p1_maximum_zone_recovery_roll3,0.021412336803495868,lightgbm,prematch_classification
away_p1_possession_losses_roll3,0.021202351501618956,lightgbm,prematch_classification
diff_event_completed_passes_roll3,0.02038865541454084,lightgbm,prematch_classification
home_event_goals_for_roll3,0.020357630216052948,lightgbm,prematch_classification
diff_p1_possession_recoveries_expanding,0.02030465053341196,lightgbm,prematch_classification
home_event_final_third_entries_roll3,0.02005578219236393,lightgbm,prematch_classification
home_event_duels_won_roll10,0.01946501857506607,lightgbm,prematch_classification
diff_p1_maximum_zone_recovery_roll5,0.019398603163886,lightgbm,prematch_classification
away_event_passes_roll5,0.019370429905784428,lightgbm,prematch_classification
home_event_xg_expanding,0.01931712699866389,lightgbm,prematch_classification
away_event_shots_roll3,0.018804118715435178,lightgbm,prematch_classification
home_event_yellow_cards_roll10,0.0183720068249942,lightgbm,prematch_classification
diff_event_goals_for_expanding,0.017462209676936388,lightgbm,prematch_classification
away_p1_median_zone_leakage_expanding,0.01745261934054291,lightgbm,prematch_classification
home_p1_median_zone_recovery_roll5,0.017182049176957467,lightgbm,prematch_classification
away_event_possessions_roll3,0.016736595026797866,lightgbm,prematch_classification
home_event_goals_against_roll5,0.016626711890324868,lightgbm,prematch_classification
home_event_pressures_roll5,0.01643771081118924,lightgbm,prematch_classification
home_p1_accumulated_eigenvector_centrality_roll5,0.016339510523388032,lightgbm,prematch_classification
away_event_xg_roll10,0.016316658649851334,lightgbm,prematch_classification
diff_event_completed_passes_roll10,0.016096557563681183,lightgbm,prematch_classification
away_event_points_roll3,0.01598755117774845,lightgbm,prematch_classification
away_p1_mean_zone_recovery_roll3,0.01595434319149922,lightgbm,prematch_classification
away_event_red_cards_roll3,0.01575009641840411,lightgbm,prematch_classification
diff_event_possessions_roll10,0.015668773419684343,lightgbm,prematch_classification
home_event_goals_against_roll3,0.014831895675279174,lightgbm,prematch_classification
home_p1_maximum_zone_leakage_roll3,0.014785672367241041,lightgbm,prematch_classification
home_p1_median_zone_leakage_expanding,0.014347120293160273,lightgbm,prematch_classification
diff_event_final_third_entries_roll10,0.014238608734662003,lightgbm,prematch_classification
away_event_xg_roll3,0.014233552253739214,lightgbm,prematch_classification
diff_event_red_cards_roll10,0.014209655552959905,lightgbm,prematch_classification
away_p1_possession_recoveries_roll5,0.014174760894258965,lightgbm,prematch_classification
home_event_possessions_roll5,0.014031505513351042,lightgbm,prematch_classification
diff_p1_mean_zone_recovery_roll10,0.013969769889646206,lightgbm,prematch_classification
away_p1_mean_zone_leakage_expanding,0.013947837614210853,lightgbm,prematch_classification
away_event_duels_won_roll3,0.013776386143421433,lightgbm,prematch_classification
away_event_duels_won_expanding,0.013669996686725075,lightgbm,prematch_classification
away_event_fouls_roll10,0.013524393466641908,lightgbm,prematch_classification
away_event_carries_expanding,0.013480416316156612,lightgbm,prematch_classification
away_event_fouls_expanding,0.013430439140899284,lightgbm,prematch_classification
away_event_fouls_roll3,0.013388657903424498,lightgbm,prematch_classification
away_event_shots_roll10,0.01337273192129346,lightgbm,prematch_classification
away_event_completed_passes_roll3,0.013079004149507726,lightgbm,prematch_classification
home_event_possessions_expanding,0.01305321754762112,lightgbm,prematch_classification
away_event_points_expanding,0.013030692175880524,lightgbm,prematch_classification
diff_event_red_cards_expanding,0.012992926545659093,lightgbm,prematch_classification
home_event_matches_played_prior,0.012955668952131415,lightgbm,prematch_classification
diff_event_xg_roll3,0.012572839118262215,lightgbm,prematch_classification
diff_p1_mean_zone_recovery_roll5,0.012513006544005216,lightgbm,prematch_classification
home_event_points_roll3,0.012477932604735125,lightgbm,prematch_classification
home_p1_accumulated_eigenvector_centrality_expanding,0.012220994011474804,lightgbm,prematch_classification
diff_event_duels_won_roll10,0.012220702314264491,lightgbm,prematch_classification
home_p1_maximum_zone_leakage_expanding,0.012086791629081356,lightgbm,prematch_classification
home_event_shots_on_target_roll5,0.012056642857971037,lightgbm,prematch_classification
away_p1_median_zone_recovery_roll10,0.011996399703211522,lightgbm,prematch_classification
diff_event_pressures_roll5,0.011956565723876012,lightgbm,prematch_classification
away_event_duels_won_roll5,0.011727314547198948,lightgbm,prematch_classification
home_event_final_third_entries_expanding,0.011727074847850774,lightgbm,prematch_classification
diff_event_interceptions_roll5,0.011541964153926401,lightgbm,prematch_classification
away_p1_maximum_zone_centrality_roll10,0.01151021791843074,lightgbm,prematch_classification
away_p1_switching_factor_roll10,0.01137309525374149,lightgbm,prematch_classification
diff_p1_switching_factor_roll10,0.011124135937686927,lightgbm,prematch_classification
home_event_possessions_roll10,0.011033197519906592,lightgbm,prematch_classification
diff_event_shots_on_target_expanding,0.01074775202593193,lightgbm,prematch_classification
diff_p1_possession_losses_expanding,0.010647044939360285,lightgbm,prematch_classification
away_p1_maximum_zone_leakage_roll3,0.010644267208997577,lightgbm,prematch_classification
home_event_xg_roll3,0.010638181482877717,lightgbm,prematch_classification
calendar_sin,0.01056111597263894,lightgbm,prematch_classification
diff_event_recoveries_expanding,0.010331304543217255,lightgbm,prematch_classification
diff_event_fouls_roll5,0.01020540888232088,lightgbm,prematch_classification
away_event_yellow_cards_roll5,0.010200157502867362,lightgbm,prematch_classification
away_event_recoveries_roll5,0.010187051705376116,lightgbm,prematch_classification
home_p1_possession_recoveries_expanding,0.010169477843330338,lightgbm,prematch_classification
home_p1_median_zone_leakage_roll3,0.01015268257547684,lightgbm,prematch_classification
home_event_pressures_roll3,0.010039611721332518,lightgbm,prematch_classification
home_event_interceptions_roll5,0.009979012106646963,lightgbm,prematch_classification
away_p1_mean_zone_leakage_roll10,0.00991498220821732,lightgbm,prematch_classification
diff_p1_accumulated_eigenvector_centrality_roll3,0.009847299626814429,lightgbm,prematch_classification
home_p1_possession_losses_expanding,0.009844557009466013,lightgbm,prematch_classification
diff_event_completed_passes_roll5,0.00972750264084186,lightgbm,prematch_classification
home_event_fouls_expanding,0.009686990472607125,lightgbm,prematch_classification
away_p1_median_zone_recovery_expanding,0.009499222035503335,lightgbm,prematch_classification
home_event_xg_roll10,0.009486925316381574,lightgbm,prematch_classification
home_event_shots_roll3,0.00946402668505005,lightgbm,prematch_classification
diff_p1_maximum_zone_recovery_roll3,0.009445962526431192,lightgbm,prematch_classification
home_event_pressures_roll10,0.009438377684966805,lightgbm,prematch_classification
away_event_pressures_expanding,0.00942863664294766,lightgbm,prematch_classification
away_event_goals_against_roll5,0.009118227536337925,lightgbm,prematch_classification
away_p1_possession_losses_roll5,0.008972696826571773,lightgbm,prematch_classification
away_event_fouls_roll5,0.008935729947367667,lightgbm,prematch_classification
diff_event_final_third_entries_roll5,0.008900634266951774,lightgbm,prematch_classification
home_event_shots_on_target_roll3,0.0085681599151247,lightgbm,prematch_classification
diff_p1_mean_zone_leakage_roll5,0.008533891220505841,lightgbm,prematch_classification
diff_p1_median_zone_recovery_roll3,0.008455504796578651,lightgbm,prematch_classification
diff_p1_maximum_zone_recovery_expanding,0.008274647883281493,lightgbm,prematch_classification
diff_event_recoveries_roll10,0.008249611903597184,lightgbm,prematch_classification
away_p1_switching_factor_expanding,0.008025694023708896,lightgbm,prematch_classification
away_event_goals_against_expanding,0.007925328513372455,lightgbm,prematch_classification
diff_event_fouls_expanding,0.007749470294119828,lightgbm,prematch_classification
diff_event_pressures_expanding,0.007604855390185962,lightgbm,prematch_classification
away_event_pressures_roll10,0.007229294195486256,lightgbm,prematch_classification
home_p1_maximum_zone_centrality_roll5,0.00719899632998087,lightgbm,prematch_classification
diff_p1_median_zone_leakage_roll3,0.00718201989757404,lightgbm,prematch_classification
home_event_pressures_expanding,0.00711078838420043,lightgbm,prematch_classification
diff_event_interceptions_roll3,0.0071024081823206145,lightgbm,prematch_classification
away_event_final_third_entries_expanding,0.007097563864257989,lightgbm,prematch_classification
diff_p1_median_zone_recovery_expanding,0.00704194153422569,lightgbm,prematch_classification
diff_event_carries_roll3,0.006916390397627934,lightgbm,prematch_classification
diff_event_yellow_cards_roll5,0.006888236501914942,lightgbm,prematch_classification
diff_event_recoveries_roll3,0.006801521392781548,lightgbm,prematch_classification
home_event_yellow_cards_roll5,0.006800916515832081,lightgbm,prematch_classification
diff_p1_mean_zone_recovery_expanding,0.006736530619476424,lightgbm,prematch_classification
away_p1_accumulated_eigenvector_centrality_roll5,0.006578184098615527,lightgbm,prematch_classification
diff_p1_mean_zone_recovery_roll3,0.006508497799024248,lightgbm,prematch_classification
diff_event_duels_won_roll3,0.006387042523687978,lightgbm,prematch_classification
away_p1_possession_recoveries_expanding,0.00631887165473557,lightgbm,prematch_classification
home_event_rest_days,0.006231114652603519,lightgbm,prematch_classification
diff_event_shots_roll3,0.006221683032387986,lightgbm,prematch_classification
home_p1_maximum_zone_leakage_roll10,0.006163190453787758,lightgbm,prematch_classification
diff_event_possessions_expanding,0.006151947128267894,lightgbm,prematch_classification
diff_p1_possession_losses_roll3,0.006141895781029592,lightgbm,prematch_classification
away_event_yellow_cards_expanding,0.0060535039431802076,lightgbm,prematch_classification
home_p1_maximum_zone_centrality_roll3,0.006027660646169872,lightgbm,prematch_classification
diff_event_goals_against_expanding,0.00599957095551754,lightgbm,prematch_classification
away_p1_mean_zone_leakage_roll5,0.005945128170606729,lightgbm,prematch_classification
diff_p1_maximum_zone_leakage_roll3,0.005878757591491511,lightgbm,prematch_classification
diff_event_shots_on_target_roll5,0.005851764701896128,lightgbm,prematch_classification
home_event_recoveries_roll5,0.0057474606039712465,lightgbm,prematch_classification
home_event_red_cards_expanding,0.005611800011530142,lightgbm,prematch_classification
away_p1_maximum_zone_leakage_expanding,0.005580051189903685,lightgbm,prematch_classification
away_event_passes_expanding,0.005567104680780456,lightgbm,prematch_classification
diff_event_goals_for_roll3,0.005461760085936319,lightgbm,prematch_classification
diff_event_red_cards_roll3,0.005408560011806759,lightgbm,prematch_classification
diff_event_yellow_cards_expanding,0.005382713398435505,lightgbm,prematch_classification
away_p1_mean_zone_recovery_expanding,0.0053729751766632295,lightgbm,prematch_classification
home_event_shots_on_target_expanding,0.005342964540409662,lightgbm,prematch_classification
diff_p1_accumulated_eigenvector_centrality_roll5,0.005330853929986813,lightgbm,prematch_classification
away_event_red_cards_expanding,0.005311612910456375,lightgbm,prematch_classification
diff_p1_maximum_zone_centrality_roll5,0.005301190137547462,lightgbm,prematch_classification
home_event_completed_passes_expanding,0.005240740735184043,lightgbm,prematch_classification
home_p1_possession_losses_roll3,0.004950819540127763,lightgbm,prematch_classification
away_p1_possession_recoveries_roll10,0.004858640727545003,lightgbm,prematch_classification
diff_event_carries_roll5,0.004814125096463732,lightgbm,prematch_classification
away_event_pressures_roll5,0.004791202007173376,lightgbm,prematch_classification
away_event_xg_expanding,0.00476879203561291,lightgbm,prematch_classification
away_p1_accumulated_eigenvector_centrality_expanding,0.004717966916874574,lightgbm,prematch_classification
home_p1_mean_zone_leakage_expanding,0.00466392781529319,lightgbm,prematch_classification
diff_event_pressures_roll3,0.004650450669263154,lightgbm,prematch_classification
away_event_red_cards_roll10,0.004634457326342011,lightgbm,prematch_classification
diff_event_interceptions_expanding,0.004629878581741431,lightgbm,prematch_classification
diff_event_goals_against_roll5,0.004614613943452022,lightgbm,prematch_classification
diff_p1_possession_recoveries_roll3,0.0045808492879191405,lightgbm,prematch_classification
away_event_shots_roll5,0.004560856251926219,lightgbm,prematch_classification
diff_p1_accumulated_eigenvector_centrality_roll10,0.004531521755064421,lightgbm,prematch_classification
diff_p1_maximum_zone_centrality_expanding,0.00452161814057295,lightgbm,prematch_classification
away_p1_median_zone_recovery_roll3,0.0045125537715451055,lightgbm,prematch_classification
away_p1_median_zone_leakage_roll10,0.0044568909225069335,lightgbm,prematch_classification
away_event_duels_won_roll10,0.00439801594494017,lightgbm,prematch_classification
diff_p1_maximum_zone_centrality_roll3,0.004388221704023715,lightgbm,prematch_classification
home_event_goals_for_roll10,0.004296774944383134,lightgbm,prematch_classification
diff_event_shots_expanding,0.004191919278527535,lightgbm,prematch_classification
away_event_interceptions_roll10,0.004143577212344414,lightgbm,prematch_classification
diff_event_carries_expanding,0.004135023129897513,lightgbm,prematch_classification
home_p1_possession_recoveries_roll3,0.004131869337978959,lightgbm,prematch_classification
diff_event_passes_roll10,0.004112943044112269,lightgbm,prematch_classification
home_p1_mean_zone_leakage_roll5,0.004061449712099426,lightgbm,prematch_classification
diff_event_goals_against_roll10,0.004053302505383816,lightgbm,prematch_classification
away_event_carries_roll5,0.003959618315650828,lightgbm,prematch_classification
diff_p1_mean_zone_leakage_roll10,0.00393964888764306,lightgbm,prematch_classification
home_event_goals_for_roll5,0.003931313767729304,lightgbm,prematch_classification
away_event_goals_for_roll5,0.0038986555394738263,lightgbm,prematch_classification
away_event_interceptions_roll3,0.0038967896793948636,lightgbm,prematch_classification
away_event_goals_for_expanding,0.003869046568521201,lightgbm,prematch_classification
away_event_interceptions_roll5,0.0038259473664459644,lightgbm,prematch_classification
home_event_red_cards_roll5,0.0037945463017741,lightgbm,prematch_classification
home_p1_maximum_zone_recovery_roll5,0.0037866266260733732,lightgbm,prematch_classification
away_p1_maximum_zone_recovery_expanding,0.0037062300500346063,lightgbm,prematch_classification
away_event_shots_expanding,0.0036692961319641716,lightgbm,prematch_classification
diff_event_yellow_cards_roll3,0.0036678763560075984,lightgbm,prematch_classification
diff_event_goals_against_roll3,0.0036579464472872108,lightgbm,prematch_classification
away_p1_maximum_zone_centrality_roll5,0.003619267935623993,lightgbm,prematch_classification
away_p1_possession_losses_roll10,0.0035861948964850585,lightgbm,prematch_classification
diff_p1_possession_recoveries_roll10,0.0035535004756411465,lightgbm,prematch_classification
home_event_recoveries_expanding,0.0034370888395356364,lightgbm,prematch_classification
diff_p1_maximum_zone_centrality_roll10,0.0034232510584720254,lightgbm,prematch_classification
away_event_recoveries_roll10,0.003386089469051645,lightgbm,prematch_classification
home_p1_accumulated_eigenvector_centrality_roll10,0.0033351798440844193,lightgbm,prematch_classification
away_event_red_cards_roll5,0.0032852982287508337,lightgbm,prematch_classification
diff_p1_median_zone_recovery_roll5,0.0031952313140153525,lightgbm,prematch_classification
away_event_recoveries_expanding,0.003174432015119794,lightgbm,prematch_classification
away_p1_maximum_zone_centrality_roll3,0.003160634133660705,lightgbm,prematch_classification
away_event_interceptions_expanding,0.0031344038455460442,lightgbm,prematch_classification
diff_p1_possession_losses_roll10,0.0030852044440610317,lightgbm,prematch_classification
diff_event_pressures_roll10,0.003070413807809341,lightgbm,prematch_classification
diff_event_points_roll10,0.003052713309850778,lightgbm,prematch_classification
home_event_yellow_cards_roll3,0.0030363977337487633,lightgbm,prematch_classification
home_p1_switching_factor_roll3,0.0030215892057071756,lightgbm,prematch_classification
home_event_points_expanding,0.002990804850537948,lightgbm,prematch_classification
home_p1_maximum_zone_recovery_expanding,0.002983640733240062,lightgbm,prematch_classification
diff_event_shots_roll10,0.002824640830095609,lightgbm,prematch_classification
home_event_shots_on_target_roll10,0.002814117053179998,lightgbm,prematch_classification
away_event_pressures_roll3,0.00280922719108912,lightgbm,prematch_classification
diff_p1_switching_factor_roll3,0.0028007344151436088,lightgbm,prematch_classification
diff_p1_mean_zone_leakage_roll3,0.0027590588000650103,lightgbm,prematch_classification
diff_event_duels_won_expanding,0.002728890128778243,lightgbm,prematch_classification
diff_p1_accumulated_eigenvector_centrality_expanding,0.0026620646186795173,lightgbm,prematch_classification
away_event_points_roll5,0.0025669523744129706,lightgbm,prematch_classification
home_event_recoveries_roll10,0.0025178656714442632,lightgbm,prematch_classification
diff_p1_maximum_zone_leakage_expanding,0.002510694905489214,lightgbm,prematch_classification
diff_p1_maximum_zone_leakage_roll10,0.0024420935274212423,lightgbm,prematch_classification
home_event_shots_expanding,0.002435822563358989,lightgbm,prematch_classification
diff_p1_possession_recoveries_roll5,0.0023978850014682103,lightgbm,prematch_classification
diff_p1_switching_factor_roll5,0.002394643775670834,lightgbm,prematch_classification
away_p1_maximum_zone_centrality_expanding,0.002385271541320722,lightgbm,prematch_classification
diff_event_goals_for_roll10,0.0023267068913427518,lightgbm,prematch_classification
diff_event_fouls_roll10,0.0022906515586842984,lightgbm,prematch_classification
home_event_completed_passes_roll3,0.0022488279086242562,lightgbm,prematch_classification
diff_event_goals_for_roll5,0.0021391680766983095,lightgbm,prematch_classification
home_p1_mean_zone_leakage_roll10,0.0020559594421864324,lightgbm,prematch_classification
away_p1_mean_zone_leakage_roll3,0.002009678277109909,lightgbm,prematch_classification
home_p1_mean_zone_recovery_roll3,0.0019890622180492898,lightgbm,prematch_classification
diff_p1_possession_losses_roll5,0.001983660446646571,lightgbm,prematch_classification
away_event_shots_on_target_roll10,0.0019625439529698855,lightgbm,prematch_classification
diff_event_possessions_roll5,0.0019585313024176073,lightgbm,prematch_classification
away_event_passes_roll3,0.0019239909988432924,lightgbm,prematch_classification
home_p1_accumulated_eigenvector_centrality_roll3,0.0018681714199908672,lightgbm,prematch_classification
home_p1_switching_factor_roll10,0.001790751299660454,lightgbm,prematch_classification
home_event_yellow_cards_expanding,0.0017685484026741854,lightgbm,prematch_classification
away_event_final_third_entries_roll5,0.0016416871622321264,lightgbm,prematch_classification
away_event_shots_on_target_expanding,0.0015852737479747617,lightgbm,prematch_classification
diff_p1_switching_factor_expanding,0.0015778619381983624,lightgbm,prematch_classification
away_event_yellow_cards_roll10,0.0015692164387689702,lightgbm,prematch_classification
away_p1_accumulated_eigenvector_centrality_roll3,0.0015205823207047543,lightgbm,prematch_classification
away_p1_median_zone_leakage_roll5,0.0015164338986219396,lightgbm,prematch_classification
diff_event_passes_expanding,0.0015139392943384878,lightgbm,prematch_classification
away_event_rest_days,0.001461940887376474,lightgbm,prematch_classification
away_p1_switching_factor_roll5,0.0014313110728870608,lightgbm,prematch_classification
diff_event_xg_roll5,0.0014074044919761548,lightgbm,prematch_classification
home_event_goals_against_expanding,0.0013989675176086472,lightgbm,prematch_classification
home_p1_median_zone_leakage_roll10,0.0013885226266639147,lightgbm,prematch_classification
diff_event_passes_roll5,0.0013172984695010677,lightgbm,prematch_classification
diff_event_xg_expanding,0.0011842164050875805,lightgbm,prematch_classification
home_p1_possession_recoveries_roll10,0.001181732996052155,lightgbm,prematch_classification
home_event_carries_roll5,0.0011799458252233334,lightgbm,prematch_classification
diff_event_shots_on_target_roll3,0.001172466724073916,lightgbm,prematch_classification
diff_event_rest_days,0.001166817176589147,lightgbm,prematch_classification
away_event_carries_roll10,0.001125016783208161,lightgbm,prematch_classification
home_event_red_cards_roll10,0.001113727072799231,lightgbm,prematch_classification
home_event_duels_won_roll5,0.001100173592827007,lightgbm,prematch_classification
home_event_carries_roll3,0.0009264034906429156,lightgbm,prematch_classification
away_event_goals_for_roll3,0.0009039949535848823,lightgbm,prematch_classification
away_p1_switching_factor_roll3,0.0008993446212608627,lightgbm,prematch_classification
away_event_shots_on_target_roll5,0.000834861599944329,lightgbm,prematch_classification
diff_event_xg_roll10,0.0007298728003259078,lightgbm,prematch_classification
diff_event_passes_roll3,0.0007189072472033273,lightgbm,prematch_classification
home_event_shots_roll5,0.00066764269758695,lightgbm,prematch_classification
home_p1_median_zone_recovery_roll3,0.0006461344400662489,lightgbm,prematch_classification
home_event_passes_roll5,0.000638054667352635,lightgbm,prematch_classification
home_p1_median_zone_recovery_roll10,0.0006066337715912973,lightgbm,prematch_classification
home_p1_median_zone_recovery_expanding,0.0005650327301442531,lightgbm,prematch_classification
home_event_shots_roll10,0.0005530490099047182,lightgbm,prematch_classification
home_p1_mean_zone_leakage_roll3,0.0005529382196990747,lightgbm,prematch_classification
home_p1_maximum_zone_leakage_roll5,0.0005175795325558584,lightgbm,prematch_classification
home_event_passes_roll3,0.0005051869408850821,lightgbm,prematch_classification
home_p1_mean_zone_recovery_roll10,0.000450195032052753,lightgbm,prematch_classification
home_event_carries_expanding,0.0004333847545831974,lightgbm,prematch_classification
away_p1_median_zone_recovery_roll5,0.0004249136332496644,lightgbm,prematch_classification
home_event_goals_for_expanding,0.0004072274353880657,lightgbm,prematch_classification
away_event_points_roll10,0.0003716373416861063,lightgbm,prematch_classification
away_p1_maximum_zone_leakage_roll10,0.00034056619775341525,lightgbm,prematch_classification
away_event_carries_roll3,0.00033638135609410425,lightgbm,prematch_classification
home_p1_possession_losses_roll5,0.0003340352691217996,lightgbm,prematch_classification
home_p1_possession_losses_roll10,0.0003188519435245799,lightgbm,prematch_classification
home_p1_switching_factor_expanding,0.0003049984315157885,lightgbm,prematch_classification
home_event_possessions_roll3,0.00011509647955171984,lightgbm,prematch_classification
diff_event_points_expanding,5.981663335702116e-05,lightgbm,prematch_classification
away_event_passes_roll10,3.8664868045499285e-05,lightgbm,prematch_classification
diff_p1_median_zone_leakage_roll10,1.8316525076667007e-05,lightgbm,prematch_classification
away_event_possessions_roll5,0.0,lightgbm,prematch_classification
home_event_carries_roll10,0.0,lightgbm,prematch_classification
diff_event_matches_played_prior,0.0,lightgbm,prematch_classification
diff_event_points_roll3,0.0,lightgbm,prematch_classification
diff_p1_completed_passes_roll3,0.0,lightgbm,prematch_classification
diff_p1_completed_passes_roll5,0.0,lightgbm,prematch_classification
diff_p1_completed_passes_roll10,0.0,lightgbm,prematch_classification
home_p1_mean_zone_centrality_roll10,0.0,lightgbm,prematch_classification
home_p1_mean_zone_centrality_roll5,0.0,lightgbm,prematch_classification
home_p1_mean_zone_centrality_roll3,0.0,lightgbm,prematch_classification
home_p1_maximum_zone_centrality_expanding,0.0,lightgbm,prematch_classification
home_p1_maximum_zone_centrality_roll10,0.0,lightgbm,prematch_classification
season_progress,0.0,lightgbm,prematch_classification
home_p1_matches_played_prior,0.0,lightgbm,prematch_classification
home_p1_rest_days,0.0,lightgbm,prematch_classification
diff_event_duels_won_roll5,0.0,lightgbm,prematch_classification
diff_event_carries_roll10,0.0,lightgbm,prematch_classification
diff_event_red_cards_roll5,0.0,lightgbm,prematch_classification
away_event_yellow_cards_roll3,0.0,lightgbm,prematch_classification
diff_event_completed_passes_expanding,0.0,lightgbm,prematch_classification
diff_event_shots_on_target_roll10,0.0,lightgbm,prematch_classification
home_event_red_cards_roll3,0.0,lightgbm,prematch_classification
diff_event_shots_roll5,0.0,lightgbm,prematch_classification
home_event_completed_passes_roll10,0.0,lightgbm,prematch_classification
home_event_completed_passes_roll5,0.0,lightgbm,prematch_classification
away_event_possessions_expanding,0.0,lightgbm,prematch_classification
diff_p1_completed_passes_expanding,0.0,lightgbm,prematch_classification
home_event_points_roll10,0.0,lightgbm,prematch_classification
home_p1_mean_zone_centrality_expanding,0.0,lightgbm,prematch_classification
home_p1_median_zone_leakage_roll5,0.0,lightgbm,prematch_classification
home_p1_mean_zone_recovery_roll5,0.0,lightgbm,prematch_classification
home_p1_mean_zone_recovery_expanding,0.0,lightgbm,prematch_classification
away_event_shots_on_target_roll3,0.0,lightgbm,prematch_classification
away_event_xg_roll5,0.0,lightgbm,prematch_classification
away_event_completed_passes_roll5,0.0,lightgbm,prematch_classification
away_event_completed_passes_expanding,0.0,lightgbm,prematch_classification
away_event_completed_passes_roll10,0.0,lightgbm,prematch_classification
home_p1_maximum_zone_recovery_roll10,0.0,lightgbm,prematch_classification
home_p1_completed_passes_roll3,0.0,lightgbm,prematch_classification
away_p1_mean_zone_centrality_expanding,0.0,lightgbm,prematch_classification
away_p1_mean_zone_centrality_roll10,0.0,lightgbm,prematch_classification
away_p1_mean_zone_centrality_roll3,0.0,lightgbm,prematch_classification
away_p1_mean_zone_centrality_roll5,0.0,lightgbm,prematch_classification
away_p1_accumulated_eigenvector_centrality_roll10,0.0,lightgbm,prematch_classification
home_p1_switching_factor_roll5,0.0,lightgbm,prematch_classification
away_p1_matches_played_prior,0.0,lightgbm,prematch_classification
away_p1_rest_days,0.0,lightgbm,prematch_classification
home_p1_possession_recoveries_roll5,0.0,lightgbm,prematch_classification
home_p1_completed_passes_roll5,0.0,lightgbm,prematch_classification
home_p1_completed_passes_roll10,0.0,lightgbm,prematch_classification
home_p1_completed_passes_expanding,0.0,lightgbm,prematch_classification
away_event_goals_against_roll3,0.0,lightgbm,prematch_classification
away_event_goals_against_roll10,0.0,lightgbm,prematch_classification
away_p1_maximum_zone_recovery_roll5,0.0,lightgbm,prematch_classification
away_p1_maximum_zone_recovery_roll10,0.0,lightgbm,prematch_classification
diff_p1_rest_days,0.0,lightgbm,prematch_classification
diff_p1_matches_played_prior,0.0,lightgbm,prematch_classification
away_p1_completed_passes_roll3,0.0,lightgbm,prematch_classification
away_p1_completed_passes_roll5,0.0,lightgbm,prematch_classification
away_p1_completed_passes_expanding,0.0,lightgbm,prematch_classification
away_p1_completed_passes_roll10,0.0,lightgbm,prematch_classification
away_p1_possession_losses_expanding,0.0,lightgbm,prematch_classification
away_p1_possession_recoveries_roll3,0.0,lightgbm,prematch_classification
away_event_matches_played_prior,0.0,lightgbm,prematch_classification
diff_p1_mean_zone_centrality_roll3,0.0,lightgbm,prematch_classification
diff_p1_mean_zone_centrality_roll5,0.0,lightgbm,prematch_classification
diff_p1_mean_zone_centrality_roll10,0.0,lightgbm,prematch_classification
diff_p1_mean_zone_centrality_expanding,0.0,lightgbm,prematch_classification
diff_p1_maximum_zone_recovery_roll10,0.0,lightgbm,prematch_classification
home_event_passes_roll10,0.0,lightgbm,prematch_classification
home_event_passes_expanding,0.0,lightgbm,prematch_classification
market_prob_A,0.23696536132528911,random_forest,prematch_regression
market_prob_H,0.14486112541235502,random_forest,prematch_regression
diff_p1_mean_zone_leakage_expanding,0.09340194967459083,random_forest,prematch_regression
diff_event_yellow_cards_roll10,0.0725287612171679,random_forest,prematch_regression
diff_event_final_third_entries_expanding,0.06052080046089786,random_forest,prematch_regression
diff_p1_mean_zone_leakage_roll10,0.036773412684993,random_forest,prematch_regression
home_p1_median_zone_leakage_roll3,0.026619569777398266,random_forest,prematch_regression
away_event_fouls_roll10,0.021424215769284185,random_forest,prematch_regression
away_event_final_third_entries_roll3,0.019170968106816438,random_forest,prematch_regression
bookie_margin,0.018095482274880646,random_forest,prematch_regression
diff_p1_maximum_zone_leakage_expanding,0.01796467874998966,random_forest,prematch_regression
away_p1_maximum_zone_centrality_roll10,0.016845916005687536,random_forest,prematch_regression
diff_p1_median_zone_recovery_roll10,0.01592462545038257,random_forest,prematch_regression
away_event_final_third_entries_roll10,0.015616852617226203,random_forest,prematch_regression
home_event_shots_on_target_expanding,0.014915882188606754,random_forest,prematch_regression
diff_p1_maximum_zone_leakage_roll10,0.014662767244350512,random_forest,prematch_regression
home_event_shots_on_target_roll5,0.01375607392493519,random_forest,prematch_regression
away_event_points_expanding,0.013748726700144927,random_forest,prematch_regression
away_p1_median_zone_leakage_roll3,0.013396167290293064,random_forest,prematch_regression
diff_p1_maximum_zone_leakage_roll3,0.013370651187687812,random_forest,prematch_regression
away_event_goals_against_expanding,0.013360593570106325,random_forest,prematch_regression
home_p1_maximum_zone_leakage_roll3,0.012796309941247775,random_forest,prematch_regression
home_event_shots_expanding,0.0126231969534497,random_forest,prematch_regression
away_event_recoveries_roll3,0.012462527256555275,random_forest,prematch_regression
away_p1_maximum_zone_leakage_expanding,0.012173849771110154,random_forest,prematch_regression
diff_p1_switching_factor_expanding,0.011989238938994555,random_forest,prematch_regression
away_event_shots_roll3,0.011456269505841487,random_forest,prematch_regression
away_event_shots_roll10,0.01071132049482274,random_forest,prematch_regression
diff_p1_mean_zone_leakage_roll5,0.010605087493388864,random_forest,prematch_regression
home_event_yellow_cards_roll10,0.010025096609431957,random_forest,prematch_regression
diff_event_goals_for_expanding,0.009570958112039249,random_forest,prematch_regression
away_event_shots_on_target_roll3,0.009478899127533517,random_forest,prematch_regression
diff_event_interceptions_expanding,0.009414082499863889,random_forest,prematch_regression
home_p1_median_zone_leakage_expanding,0.008899171355230965,random_forest,prematch_regression
diff_event_recoveries_roll3,0.008278188138075633,random_forest,prematch_regression
away_p1_median_zone_leakage_roll10,0.008248073089374374,random_forest,prematch_regression
home_event_shots_on_target_roll3,0.008192530679418447,random_forest,prematch_regression
home_event_interceptions_expanding,0.008041194394450698,random_forest,prematch_regression
diff_event_goals_against_expanding,0.008026030853782815,random_forest,prematch_regression
home_p1_median_zone_leakage_roll5,0.00778145934738098,random_forest,prematch_regression
diff_p1_maximum_zone_recovery_roll5,0.0077794627664912,random_forest,prematch_regression
away_event_xg_roll3,0.007611869954626984,random_forest,prematch_regression
diff_p1_maximum_zone_leakage_roll5,0.007538617717569016,random_forest,prematch_regression
diff_event_fouls_expanding,0.007444133774046211,random_forest,prematch_regression
diff_event_shots_on_target_expanding,0.0074076498519597325,random_forest,prematch_regression
home_p1_mean_zone_leakage_roll5,0.007366678729414934,random_forest,prematch_regression
diff_event_yellow_cards_expanding,0.007347855871842381,random_forest,prematch_regression
diff_event_yellow_cards_roll3,0.007344076025306558,random_forest,prematch_regression
home_event_final_third_entries_roll3,0.007224181714980881,random_forest,prematch_regression
home_p1_median_zone_recovery_roll5,0.007201797806556151,random_forest,prematch_regression
diff_event_shots_on_target_roll5,0.006970095427470508,random_forest,prematch_regression
home_event_final_third_entries_expanding,0.006890600721029779,random_forest,prematch_regression
away_p1_mean_zone_leakage_roll10,0.00679428605799227,random_forest,prematch_regression
diff_event_interceptions_roll5,0.006736793293523533,random_forest,prematch_regression
away_p1_maximum_zone_leakage_roll3,0.0064098262380499005,random_forest,prematch_regression
away_event_completed_passes_roll10,0.0063002817829971355,random_forest,prematch_regression
diff_event_carries_expanding,0.006261900072280019,random_forest,prematch_regression
home_event_points_roll5,0.006238663762124212,random_forest,prematch_regression
away_event_final_third_entries_roll5,0.006234137110548095,random_forest,prematch_regression
home_p1_maximum_zone_centrality_roll10,0.006224039441285101,random_forest,prematch_regression
diff_event_final_third_entries_roll3,0.006219243376660353,random_forest,prematch_regression
diff_p1_median_zone_leakage_roll5,0.0060457681842389106,random_forest,prematch_regression
diff_event_red_cards_expanding,0.006018845174118158,random_forest,prematch_regression
diff_event_shots_roll3,0.005992715004780643,random_forest,prematch_regression
season_progress,0.005912950820692695,random_forest,prematch_regression
away_p1_maximum_zone_leakage_roll10,0.005904489118404932,random_forest,prematch_regression
away_event_duels_won_roll3,0.005801468359272805,random_forest,prematch_regression
home_event_points_roll3,0.005768602371274902,random_forest,prematch_regression
away_event_yellow_cards_roll10,0.0057532145565167255,random_forest,prematch_regression
diff_event_recoveries_roll5,0.005751071492031533,random_forest,prematch_regression
away_event_duels_won_roll5,0.005616710806883768,random_forest,prematch_regression
home_p1_possession_recoveries_expanding,0.005588928711348786,random_forest,prematch_regression
diff_p1_mean_zone_recovery_roll5,0.0055851104300400686,random_forest,prematch_regression
away_event_final_third_entries_expanding,0.0055440523597433235,random_forest,prematch_regression
home_p1_mean_zone_centrality_roll10,0.005364487196468971,random_forest,prematch_regression
home_p1_mean_zone_leakage_expanding,0.0052848072963896965,random_forest,prematch_regression
home_event_possessions_expanding,0.005282004616491788,random_forest,prematch_regression
home_event_final_third_entries_roll5,0.005120525778742361,random_forest,prematch_regression
diff_p1_possession_losses_expanding,0.005006086904412979,random_forest,prematch_regression
away_p1_mean_zone_leakage_expanding,0.004972338703267075,random_forest,prematch_regression
home_event_interceptions_roll5,0.0048574345407002666,random_forest,prematch_regression
home_event_yellow_cards_roll5,0.004828845061400546,random_forest,prematch_regression
away_event_duels_won_roll10,0.00480726200024017,random_forest,prematch_regression
home_event_xg_roll3,0.004788358359424891,random_forest,prematch_regression
home_event_interceptions_roll3,0.0046646012849536804,random_forest,prematch_regression
home_event_shots_roll10,0.0046361486374094625,random_forest,prematch_regression
away_event_possessions_roll3,0.004603270090407269,random_forest,prematch_regression
home_p1_median_zone_leakage_roll10,0.004600409637998064,random_forest,prematch_regression
diff_event_final_third_entries_roll10,0.004564111247206312,random_forest,prematch_regression
home_event_shots_roll5,0.004546223164295328,random_forest,prematch_regression
home_event_duels_won_expanding,0.004491030685542526,random_forest,prematch_regression
away_event_goals_against_roll5,0.004438276792038647,random_forest,prematch_regression
home_p1_maximum_zone_leakage_roll10,0.00442283418380541,random_forest,prematch_regression
diff_event_yellow_cards_roll5,0.004366221470838585,random_forest,prematch_regression
home_event_passes_roll10,0.004331412937291381,random_forest,prematch_regression
home_p1_median_zone_recovery_expanding,0.00430510298308803,random_forest,prematch_regression
home_p1_switching_factor_roll10,0.004293439539212216,random_forest,prematch_regression
home_event_xg_expanding,0.0042897054994881076,random_forest,prematch_regression
home_event_shots_roll3,0.0042533903827926085,random_forest,prematch_regression
home_p1_maximum_zone_recovery_roll3,0.00424051928387163,random_forest,prematch_regression
home_event_fouls_roll5,0.004238504451964036,random_forest,prematch_regression
diff_event_possessions_roll5,0.004175750927681324,random_forest,prematch_regression
home_p1_mean_zone_leakage_roll3,0.004135612288348263,random_forest,prematch_regression
diff_event_carries_roll3,0.004117599552613946,random_forest,prematch_regression
home_event_xg_roll5,0.004051643262576334,random_forest,prematch_regression
home_event_pressures_roll5,0.004038183888554753,random_forest,prematch_regression
away_event_pressures_expanding,0.004029988706038203,random_forest,prematch_regression
away_p1_median_zone_recovery_roll3,0.0040037156259643235,random_forest,prematch_regression
market_prob_D,0.0039985236142217415,random_forest,prematch_regression
home_event_passes_roll3,0.0038806557429244028,random_forest,prematch_regression
away_event_carries_roll10,0.0038276135233704972,random_forest,prematch_regression
diff_p1_median_zone_leakage_roll3,0.003758740905752986,random_forest,prematch_regression
away_event_goals_against_roll10,0.003748733240852236,random_forest,prematch_regression
away_event_possessions_roll10,0.0037378733747921275,random_forest,prematch_regression
home_event_duels_won_roll10,0.0037371467881143973,random_forest,prematch_regression
diff_event_xg_expanding,0.003723923601580458,random_forest,prematch_regression
home_p1_median_zone_recovery_roll10,0.0037217077682150574,random_forest,prematch_regression
home_event_goals_against_roll5,0.003720034800034139,random_forest,prematch_regression
away_event_points_roll10,0.0036834797210391203,random_forest,prematch_regression
away_event_recoveries_roll5,0.0036247003822987354,random_forest,prematch_regression
away_event_red_cards_expanding,0.003620365834926998,random_forest,prematch_regression
away_p1_mean_zone_centrality_roll10,0.0035697813923151922,random_forest,prematch_regression
home_event_final_third_entries_roll10,0.0035435277210878356,random_forest,prematch_regression
home_p1_median_zone_recovery_roll3,0.003508165200397742,random_forest,prematch_regression
home_p1_mean_zone_recovery_roll10,0.003493543046920404,random_forest,prematch_regression
diff_p1_possession_losses_roll10,0.0034609855570221465,random_forest,prematch_regression
away_event_pressures_roll5,0.003434856351060917,random_forest,prematch_regression
away_event_pressures_roll3,0.003427940606370045,random_forest,prematch_regression
diff_p1_median_zone_recovery_expanding,0.0033934594376228326,random_forest,prematch_regression
diff_p1_switching_factor_roll10,0.003309954629925143,random_forest,prematch_regression
diff_event_shots_expanding,0.0032965040328680625,random_forest,prematch_regression
diff_event_interceptions_roll10,0.0032472409212967912,random_forest,prematch_regression
home_event_red_cards_expanding,0.0032410728544362668,random_forest,prematch_regression
diff_p1_possession_losses_roll3,0.003222745346795924,random_forest,prematch_regression
home_event_recoveries_roll5,0.003193749970358611,random_forest,prematch_regression
home_event_points_roll10,0.0031666038346574365,random_forest,prematch_regression
diff_event_goals_against_roll3,0.003153552627842457,random_forest,prematch_regression
diff_event_shots_on_target_roll10,0.003145698132988747,random_forest,prematch_regression
home_p1_mean_zone_centrality_roll3,0.003129250106641406,random_forest,prematch_regression
home_event_points_expanding,0.0031233489434159133,random_forest,prematch_regression
diff_event_recoveries_expanding,0.0031207819046524636,random_forest,prematch_regression
away_event_yellow_cards_expanding,0.003071143626250619,random_forest,prematch_regression
home_p1_completed_passes_roll3,0.0030455620358068643,random_forest,prematch_regression
home_event_possessions_roll5,0.003022655183781836,random_forest,prematch_regression
away_p1_median_zone_recovery_roll5,0.0030032768032427584,random_forest,prematch_regression
diff_event_recoveries_roll10,0.002982887928830404,random_forest,prematch_regression
diff_event_shots_roll10,0.0029787203311733316,random_forest,prematch_regression
diff_p1_median_zone_leakage_roll10,0.002930738238870905,random_forest,prematch_regression
diff_p1_median_zone_recovery_roll5,0.0029254131907572216,random_forest,prematch_regression
home_event_shots_on_target_roll10,0.00292397620010777,random_forest,prematch_regression
home_event_recoveries_expanding,0.0029220736734482007,random_forest,prematch_regression
calendar_cos,0.0029196529222571934,random_forest,prematch_regression
home_event_possessions_roll3,0.002914643128409317,random_forest,prematch_regression
diff_event_completed_passes_roll3,0.0029103518862631005,random_forest,prematch_regression
diff_event_possessions_roll3,0.0029089320992731205,random_forest,prematch_regression
diff_event_carries_roll10,0.0029058036359876508,random_forest,prematch_regression
diff_event_interceptions_roll3,0.0028959976693127276,random_forest,prematch_regression
diff_event_pressures_roll10,0.0028783050616797193,random_forest,prematch_regression
away_p1_maximum_zone_centrality_expanding,0.0028563314697192515,random_forest,prematch_regression
diff_event_final_third_entries_roll5,0.0028519330039443393,random_forest,prematch_regression
away_p1_median_zone_leakage_expanding,0.0028511659196864127,random_forest,prematch_regression
home_event_recoveries_roll10,0.0028281616681537086,random_forest,prematch_regression
home_event_pressures_roll3,0.0028073564504952114,random_forest,prematch_regression
diff_event_pressures_roll3,0.0027768795431150446,random_forest,prematch_regression
home_p1_accumulated_eigenvector_centrality_roll3,0.0027748315460044567,random_forest,prematch_regression
diff_event_shots_roll5,0.0027405573222770356,random_forest,prematch_regression
diff_p1_switching_factor_roll3,0.002732481728500491,random_forest,prematch_regression
diff_event_shots_on_target_roll3,0.0027199116826519265,random_forest,prematch_regression
away_event_fouls_roll3,0.0027157396978864747,random_forest,prematch_regression
away_p1_maximum_zone_recovery_roll3,0.0027101261901075592,random_forest,prematch_regression
diff_event_fouls_roll5,0.002698381819205704,random_forest,prematch_regression
diff_p1_mean_zone_recovery_roll10,0.002670308518107802,random_forest,prematch_regression
home_event_fouls_expanding,0.002655553631416635,random_forest,prematch_regression
diff_p1_maximum_zone_recovery_roll3,0.0026312574674182024,random_forest,prematch_regression
away_p1_mean_zone_centrality_expanding,0.002629299939955876,random_forest,prematch_regression
diff_p1_accumulated_eigenvector_centrality_roll3,0.0026274884170452307,random_forest,prematch_regression
diff_p1_possession_recoveries_roll3,0.002624429359225577,random_forest,prematch_regression
away_p1_maximum_zone_recovery_expanding,0.00259670069266038,random_forest,prematch_regression
diff_p1_median_zone_leakage_expanding,0.002596350614577605,random_forest,prematch_regression
home_event_goals_against_expanding,0.002587610591589217,random_forest,prematch_regression
away_event_yellow_cards_roll3,0.002557750075721064,random_forest,prematch_regression
diff_p1_mean_zone_leakage_roll3,0.0025519229059952253,random_forest,prematch_regression
away_event_fouls_expanding,0.002546141676501312,random_forest,prematch_regression
away_event_recoveries_expanding,0.002542728565135511,random_forest,prematch_regression
home_event_fouls_roll10,0.0025383915036026133,random_forest,prematch_regression
home_p1_maximum_zone_centrality_expanding,0.0025356679499849814,random_forest,prematch_regression
away_event_possessions_roll5,0.002535107501625024,random_forest,prematch_regression
home_event_yellow_cards_roll3,0.002518459130250433,random_forest,prematch_regression
away_event_goals_for_expanding,0.002510275620499695,random_forest,prematch_regression
home_event_carries_roll10,0.002491918741440672,random_forest,prematch_regression
away_p1_completed_passes_roll10,0.0024871477370876434,random_forest,prematch_regression
home_p1_maximum_zone_leakage_roll5,0.0024819669849972907,random_forest,prematch_regression
home_p1_accumulated_eigenvector_centrality_expanding,0.0024629965257805643,random_forest,prematch_regression
diff_event_possessions_roll10,0.0024492406715413595,random_forest,prematch_regression
home_event_rest_days,0.002440263144508046,random_forest,prematch_regression
home_p1_possession_losses_expanding,0.002416954038658312,random_forest,prematch_regression
away_p1_mean_zone_recovery_expanding,0.0023988362478502435,random_forest,prematch_regression
home_p1_mean_zone_recovery_roll5,0.002368633021619363,random_forest,prematch_regression
home_event_interceptions_roll10,0.002359748607316335,random_forest,prematch_regression
diff_event_passes_roll10,0.0023577500886766785,random_forest,prematch_regression
away_event_yellow_cards_roll5,0.0023521823668257017,random_forest,prematch_regression
home_event_recoveries_roll3,0.0023140351486777115,random_forest,prematch_regression
diff_p1_maximum_zone_recovery_expanding,0.0022635969550799124,random_forest,prematch_regression
home_p1_possession_losses_roll5,0.002234191082839754,random_forest,prematch_regression
away_event_shots_on_target_expanding,0.0022322228158908517,random_forest,prematch_regression
home_p1_maximum_zone_leakage_expanding,0.0022117990924958968,random_forest,prematch_regression
away_p1_maximum_zone_centrality_roll3,0.0021823887353761883,random_forest,prematch_regression
calendar_sin,0.002132557711623955,random_forest,prematch_regression
home_event_duels_won_roll3,0.002120424694746626,random_forest,prematch_regression
away_event_duels_won_expanding,0.002118528841517525,random_forest,prematch_regression
diff_event_possessions_expanding,0.002069512553917694,random_forest,prematch_regression
away_event_goals_against_roll3,0.0020544712081263647,random_forest,prematch_regression
diff_p1_possession_recoveries_roll10,0.002044415257072083,random_forest,prematch_regression
diff_p1_accumulated_eigenvector_centrality_roll10,0.002043574747817615,random_forest,prematch_regression
away_event_possessions_expanding,0.0020372415269711043,random_forest,prematch_regression
home_event_carries_roll3,0.0020290162220898676,random_forest,prematch_regression
diff_event_points_expanding,0.0020255525920911685,random_forest,prematch_regression
home_event_fouls_roll3,0.0019951028756713634,random_forest,prematch_regression
diff_event_points_roll5,0.0019634923608088154,random_forest,prematch_regression
away_p1_maximum_zone_recovery_roll5,0.001944845405397008,random_forest,prematch_regression
diff_event_xg_roll5,0.00193143005813422,random_forest,prematch_regression
diff_event_goals_against_roll10,0.001927645360510146,random_forest,prematch_regression
away_event_recoveries_roll10,0.001873213686836988,random_forest,prematch_regression
away_p1_mean_zone_recovery_roll5,0.0018573495916245756,random_forest,prematch_regression
away_event_passes_roll3,0.0018441820446189262,random_forest,prematch_regression
diff_event_carries_roll5,0.00183986698521212,random_forest,prematch_regression
home_p1_possession_losses_roll3,0.0018273079152048117,random_forest,prematch_regression
away_event_shots_on_target_roll10,0.001824232440687265,random_forest,prematch_regression
away_p1_mean_zone_recovery_roll10,0.0018006036218330963,random_forest,prematch_regression
away_event_fouls_roll5,0.001770713662570999,random_forest,prematch_regression
home_p1_possession_recoveries_roll5,0.0017686095655557051,random_forest,prematch_regression
diff_event_duels_won_roll5,0.0017652305988408877,random_forest,prematch_regression
diff_p1_switching_factor_roll5,0.0017611349511434818,random_forest,prematch_regression
home_event_duels_won_roll5,0.0017587056836778179,random_forest,prematch_regression
diff_p1_accumulated_eigenvector_centrality_expanding,0.0017443657129376574,random_forest,prematch_regression
home_p1_maximum_zone_recovery_roll10,0.0017403251201092418,random_forest,prematch_regression
home_event_goals_for_roll5,0.0017401439845763844,random_forest,prematch_regression
home_event_red_cards_roll10,0.0017221136318081478,random_forest,prematch_regression
home_p1_mean_zone_recovery_roll3,0.0017195159568441296,random_forest,prematch_regression
away_p1_accumulated_eigenvector_centrality_roll10,0.0017163923961792482,random_forest,prematch_regression
home_event_goals_against_roll3,0.0016861253512331568,random_forest,prematch_regression
home_event_goals_for_roll3,0.0016737795546009433,random_forest,prematch_regression
home_event_carries_expanding,0.0016500390293265818,random_forest,prematch_regression
diff_p1_maximum_zone_centrality_roll3,0.0016427836505263343,random_forest,prematch_regression
diff_p1_possession_recoveries_expanding,0.0016214312455440146,random_forest,prematch_regression
diff_event_passes_roll5,0.0016114424422972134,random_forest,prematch_regression
away_p1_possession_losses_roll5,0.0016087320912989871,random_forest,prematch_regression
home_event_red_cards_roll5,0.0015982164735464576,random_forest,prematch_regression
away_p1_rest_days,0.00159368596975273,random_forest,prematch_regression
home_event_passes_roll5,0.001582438826697491,random_forest,prematch_regression
diff_p1_maximum_zone_centrality_roll5,0.0015736534665498968,random_forest,prematch_regression
away_event_red_cards_roll5,0.0015577519186092612,random_forest,prematch_regression
away_p1_median_zone_recovery_expanding,0.0015384522487032414,random_forest,prematch_regression
home_p1_mean_zone_centrality_expanding,0.0015294348357145428,random_forest,prematch_regression
home_event_goals_for_roll10,0.0015238392604443038,random_forest,prematch_regression
away_p1_median_zone_leakage_roll5,0.0014963130948912634,random_forest,prematch_regression
away_event_carries_roll5,0.0014666052091846867,random_forest,prematch_regression
away_p1_possession_recoveries_roll10,0.0014459713685354664,random_forest,prematch_regression
home_event_goals_for_expanding,0.001445832004366891,random_forest,prematch_regression
diff_event_goals_for_roll10,0.0014377750147349785,random_forest,prematch_regression
home_p1_accumulated_eigenvector_centrality_roll5,0.001434166025655194,random_forest,prematch_regression
diff_event_passes_roll3,0.001422420373074525,random_forest,prematch_regression
diff_event_pressures_expanding,0.0014149645512391991,random_forest,prematch_regression
home_p1_maximum_zone_centrality_roll3,0.0014027717588248952,random_forest,prematch_regression
away_event_goals_for_roll5,0.0014023946351204852,random_forest,prematch_regression
diff_p1_possession_recoveries_roll5,0.001399019077372588,random_forest,prematch_regression
home_event_possessions_roll10,0.0013679682462267163,random_forest,prematch_regression
away_event_goals_for_roll3,0.0013524227477488947,random_forest,prematch_regression
away_p1_possession_losses_roll3,0.0013473864049718214,random_forest,prematch_regression
home_event_pressures_roll10,0.0013406066050612147,random_forest,prematch_regression
away_p1_maximum_zone_leakage_roll5,0.0013296043909063267,random_forest,prematch_regression
diff_p1_accumulated_eigenvector_centrality_roll5,0.0013184000168903905,random_forest,prematch_regression
away_p1_mean_zone_recovery_roll3,0.0013081273336943541,random_forest,prematch_regression
away_event_interceptions_roll10,0.0013045223654182046,random_forest,prematch_regression
away_p1_switching_factor_roll10,0.0012973952536973164,random_forest,prematch_regression
away_event_xg_roll5,0.001266868755861999,random_forest,prematch_regression
diff_p1_mean_zone_recovery_roll3,0.0012621569025521437,random_forest,prematch_regression
home_event_pressures_expanding,0.0012526982253838086,random_forest,prematch_regression
away_event_shots_on_target_roll5,0.0012436575340851945,random_forest,prematch_regression
away_event_interceptions_roll3,0.0012132204981951998,random_forest,prematch_regression
away_event_shots_expanding,0.001210057849794492,random_forest,prematch_regression
home_p1_possession_recoveries_roll3,0.0012034634448909423,random_forest,prematch_regression
diff_event_points_roll10,0.0012033360291429016,random_forest,prematch_regression
home_event_matches_played_prior,0.0011971492690123196,random_forest,prematch_regression
away_event_completed_passes_roll3,0.0011811040874422937,random_forest,prematch_regression
diff_p1_maximum_zone_centrality_expanding,0.0011702899183105788,random_forest,prematch_regression
home_event_xg_roll10,0.0011651867669101518,random_forest,prematch_regression
away_p1_accumulated_eigenvector_centrality_expanding,0.0011311250761096203,random_forest,prematch_regression
away_event_carries_roll3,0.0011292677372629711,random_forest,prematch_regression
away_event_interceptions_expanding,0.001126605224111193,random_forest,prematch_regression
home_p1_accumulated_eigenvector_centrality_roll10,0.001121337110145149,random_forest,prematch_regression
home_p1_switching_factor_roll3,0.0010996323378832029,random_forest,prematch_regression
diff_event_xg_roll10,0.0010718941728117793,random_forest,prematch_regression
away_event_red_cards_roll10,0.0010659670909612168,random_forest,prematch_regression
diff_event_duels_won_roll10,0.0010651159472548442,random_forest,prematch_regression
away_event_points_roll3,0.0010559014511883373,random_forest,prematch_regression
diff_event_goals_for_roll5,0.0010546351674918404,random_forest,prematch_regression
home_p1_maximum_zone_centrality_roll5,0.001050740528721759,random_forest,prematch_regression
away_event_pressures_roll10,0.0010459426558486183,random_forest,prematch_regression
away_event_xg_expanding,0.0010244811517479283,random_forest,prematch_regression
away_event_goals_for_roll10,0.0010161639366475202,random_forest,prematch_regression
away_p1_completed_passes_expanding,0.0010142711905523688,random_forest,prematch_regression
away_event_points_roll5,0.0010125485742362185,random_forest,prematch_regression
diff_p1_completed_passes_roll5,0.0010091674332525801,random_forest,prematch_regression
diff_event_red_cards_roll10,0.0009992523911308124,random_forest,prematch_regression
away_p1_accumulated_eigenvector_centrality_roll3,0.0009826965080328325,random_forest,prematch_regression
diff_event_fouls_roll3,0.0009583662800173153,random_forest,prematch_regression
home_p1_rest_days,0.000954099199560158,random_forest,prematch_regression
diff_event_duels_won_roll3,0.0009444684831738148,random_forest,prematch_regression
away_p1_possession_recoveries_roll3,0.00093342909020288,random_forest,prematch_regression
home_event_carries_roll5,0.0009322885046125759,random_forest,prematch_regression
home_event_completed_passes_roll5,0.0009234289127560773,random_forest,prematch_regression
away_event_passes_roll5,0.0009185872263871011,random_forest,prematch_regression
away_event_interceptions_roll5,0.0009055667241677666,random_forest,prematch_regression
diff_event_pressures_roll5,0.0008885065736875404,random_forest,prematch_regression
away_p1_switching_factor_roll3,0.0008871203326955645,random_forest,prematch_regression
home_event_yellow_cards_expanding,0.0008837326696349069,random_forest,prematch_regression
away_p1_possession_recoveries_roll5,0.0008809477625792193,random_forest,prematch_regression
away_event_carries_expanding,0.0008719892615342454,random_forest,prematch_regression
away_p1_mean_zone_centrality_roll3,0.0008635082427440149,random_forest,prematch_regression
home_p1_possession_losses_roll10,0.0008584818808470588,random_forest,prematch_regression
diff_p1_maximum_zone_recovery_roll10,0.0008552716097541008,random_forest,prematch_regression
diff_event_duels_won_expanding,0.0008238275522799253,random_forest,prematch_regression
diff_p1_rest_days,0.0008224390190343348,random_forest,prematch_regression
diff_p1_mean_zone_centrality_roll3,0.0008219971444444539,random_forest,prematch_regression
diff_event_xg_roll3,0.0008006379899409585,random_forest,prematch_regression
away_p1_accumulated_eigenvector_centrality_roll5,0.0008003522667851288,random_forest,prematch_regression
away_p1_mean_zone_leakage_roll3,0.0007697171971253153,random_forest,prematch_regression
away_p1_switching_factor_expanding,0.0007671000845628614,random_forest,prematch_regression
home_p1_switching_factor_roll5,0.0007559236109009929,random_forest,prematch_regression
away_p1_possession_losses_expanding,0.0007526491902096834,random_forest,prematch_regression
away_p1_maximum_zone_centrality_roll5,0.0007441141023388116,random_forest,prematch_regression
home_event_completed_passes_roll3,0.0007199102204690446,random_forest,prematch_regression
away_p1_median_zone_recovery_roll10,0.0007190848698452327,random_forest,prematch_regression
away_p1_maximum_zone_recovery_roll10,0.0007094149075683095,random_forest,prematch_regression
home_event_goals_against_roll10,0.0006996979322707234,random_forest,prematch_regression
diff_event_goals_for_roll3,0.0006987136125730856,random_forest,prematch_regression
away_p1_possession_recoveries_expanding,0.000695449332672966,random_forest,prematch_regression
home_p1_matches_played_prior,0.0006950623245301941,random_forest,prematch_regression
home_p1_possession_recoveries_roll10,0.0006905670133141574,random_forest,prematch_regression
diff_p1_completed_passes_roll3,0.0006847939585776468,random_forest,prematch_regression
home_p1_mean_zone_centrality_roll5,0.0006616072670760073,random_forest,prematch_regression
diff_event_red_cards_roll5,0.00065007536200345,random_forest,prematch_regression
home_event_passes_expanding,0.000647162691837754,random_forest,prematch_regression
diff_event_completed_passes_roll5,0.0006437831234160512,random_forest,prematch_regression
diff_event_fouls_roll10,0.0006400837308887299,random_forest,prematch_regression
diff_p1_maximum_zone_centrality_roll10,0.0006384791635730406,random_forest,prematch_regression
away_event_rest_days,0.0006358422636846573,random_forest,prematch_regression
away_p1_possession_losses_roll10,0.0006321655062903503,random_forest,prematch_regression
diff_event_goals_against_roll5,0.0006253035973663549,random_forest,prematch_regression
diff_p1_completed_passes_expanding,0.0006197538992339123,random_forest,prematch_regression
diff_p1_mean_zone_centrality_roll5,0.0006181383120790235,random_forest,prematch_regression
diff_p1_completed_passes_roll10,0.0006042316302677351,random_forest,prematch_regression
diff_p1_possession_losses_roll5,0.0005941737183337056,random_forest,prematch_regression
diff_event_passes_expanding,0.0005917726739988967,random_forest,prematch_regression
away_event_shots_roll5,0.000574934853758847,random_forest,prematch_regression
home_p1_maximum_zone_recovery_roll5,0.0005736558521684864,random_forest,prematch_regression
diff_p1_mean_zone_centrality_roll10,0.000568206539669124,random_forest,prematch_regression
home_p1_mean_zone_recovery_expanding,0.0005349607586093944,random_forest,prematch_regression
home_p1_completed_passes_roll10,0.0005302865957080734,random_forest,prematch_regression
diff_p1_mean_zone_centrality_expanding,0.0005224872697134541,random_forest,prematch_regression
diff_p1_mean_zone_recovery_expanding,0.0004931514976663758,random_forest,prematch_regression
away_p1_mean_zone_centrality_roll5,0.0004886780819470226,random_forest,prematch_regression
home_p1_switching_factor_expanding,0.0004870861302720315,random_forest,prematch_regression
away_p1_switching_factor_roll5,0.0004500949832145658,random_forest,prematch_regression
home_p1_completed_passes_expanding,0.00043677108012512005,random_forest,prematch_regression
diff_event_points_roll3,0.00043215846443346936,random_forest,prematch_regression
away_event_matches_played_prior,0.0004268869031647623,random_forest,prematch_regression
away_p1_mean_zone_leakage_roll5,0.00042345545164709856,random_forest,prematch_regression
away_event_passes_roll10,0.00042014559428140303,random_forest,prematch_regression
away_p1_completed_passes_roll5,0.0004164020270709034,random_forest,prematch_regression
away_event_xg_roll10,0.00040715522994866956,random_forest,prematch_regression
diff_event_completed_passes_roll10,0.0003634332040689512,random_forest,prematch_regression
away_event_completed_passes_expanding,0.0003372788763104646,random_forest,prematch_regression
diff_event_completed_passes_expanding,0.00029423165844570475,random_forest,prematch_regression
diff_p1_median_zone_recovery_roll3,0.0002819965081322017,random_forest,prematch_regression
away_p1_completed_passes_roll3,0.0002733513941323647,random_forest,prematch_regression
home_p1_maximum_zone_recovery_expanding,0.00024993526891483784,random_forest,prematch_regression
diff_event_rest_days,0.0002112938417598259,random_forest,prematch_regression
away_p1_matches_played_prior,0.00020425599633965764,random_forest,prematch_regression
away_event_passes_expanding,0.0001942116899587051,random_forest,prematch_regression
diff_event_red_cards_roll3,0.00017739190351113299,random_forest,prematch_regression
home_p1_completed_passes_roll5,0.00017375891256434046,random_forest,prematch_regression
home_event_completed_passes_roll10,6.767720135430773e-05,random_forest,prematch_regression
home_p1_mean_zone_leakage_roll10,0.0,random_forest,prematch_regression
diff_event_matches_played_prior,0.0,random_forest,prematch_regression
away_event_red_cards_roll3,0.0,random_forest,prematch_regression
away_event_completed_passes_roll5,0.0,random_forest,prematch_regression
diff_p1_matches_played_prior,0.0,random_forest,prematch_regression
home_event_red_cards_roll3,0.0,random_forest,prematch_regression
home_event_completed_passes_expanding,0.0,random_forest,prematch_regression
diff_event_yellow_cards_roll10,0.14850067800613423,gradient_boosting,prematch_regression
market_prob_H,0.14575496825705006,gradient_boosting,prematch_regression
diff_event_final_third_entries_expanding,0.10999243202201513,gradient_boosting,prematch_regression
market_prob_A,0.0946247711903553,gradient_boosting,prematch_regression
diff_p1_mean_zone_leakage_expanding,0.06972493643592571,gradient_boosting,prematch_regression
home_p1_median_zone_leakage_roll3,0.06878114120371585,gradient_boosting,prematch_regression
diff_p1_maximum_zone_leakage_roll10,0.05476554413498177,gradient_boosting,prematch_regression
home_event_shots_on_target_roll5,0.04670300146280326,gradient_boosting,prematch_regression
away_event_points_expanding,0.042541835452204586,gradient_boosting,prematch_regression
home_event_interceptions_expanding,0.03807910324773567,gradient_boosting,prematch_regression
diff_p1_maximum_zone_leakage_roll3,0.03577595229849182,gradient_boosting,prematch_regression
home_p1_mean_zone_leakage_roll5,0.034403474697388164,gradient_boosting,prematch_regression
diff_event_goals_against_expanding,0.03034808063978448,gradient_boosting,prematch_regression
away_event_fouls_roll10,0.023724828568867557,gradient_boosting,prematch_regression
home_event_final_third_entries_expanding,0.018744256509728743,gradient_boosting,prematch_regression
away_event_pressures_roll5,0.015690025866802848,gradient_boosting,prematch_regression
diff_p1_mean_zone_leakage_roll10,0.015260112490224331,gradient_boosting,prematch_regression
home_event_red_cards_expanding,0.011953781708307182,gradient_boosting,prematch_regression
diff_p1_maximum_zone_leakage_roll5,0.011708815706876832,gradient_boosting,prematch_regression
home_p1_maximum_zone_leakage_roll3,0.008949014422983357,gradient_boosting,prematch_regression
home_event_goals_against_roll5,0.008242946307694841,gradient_boosting,prematch_regression
away_p1_possession_recoveries_roll5,0.0053315813654052045,gradient_boosting,prematch_regression
away_p1_median_zone_leakage_roll3,0.005096844508169986,gradient_boosting,prematch_regression
diff_p1_switching_factor_expanding,0.004682126651347439,gradient_boosting,prematch_regression
home_event_carries_roll5,0.0042187755383184195,gradient_boosting,prematch_regression
diff_p1_maximum_zone_leakage_expanding,0.0022241786449035505,gradient_boosting,prematch_regression
away_p1_maximum_zone_centrality_roll10,0.0015129651559095986,gradient_boosting,prematch_regression
diff_event_shots_roll5,0.0013585198608955346,gradient_boosting,prematch_regression
home_event_shots_roll3,0.0,gradient_boosting,prematch_regression
diff_p1_median_zone_recovery_roll5,0.0,gradient_boosting,prematch_regression
diff_p1_median_zone_recovery_roll3,0.0,gradient_boosting,prematch_regression
diff_p1_mean_zone_recovery_expanding,0.0,gradient_boosting,prematch_regression
diff_p1_mean_zone_recovery_roll10,0.0,gradient_boosting,prematch_regression
home_event_rest_days,0.0,gradient_boosting,prematch_regression
diff_p1_mean_zone_recovery_roll3,0.0,gradient_boosting,prematch_regression
home_event_goals_against_roll3,0.0,gradient_boosting,prematch_regression
market_prob_D,0.0,gradient_boosting,prematch_regression
diff_p1_switching_factor_roll10,0.0,gradient_boosting,prematch_regression
diff_p1_switching_factor_roll5,0.0,gradient_boosting,prematch_regression
diff_p1_switching_factor_roll3,0.0,gradient_boosting,prematch_regression
diff_p1_possession_recoveries_expanding,0.0,gradient_boosting,prematch_regression
diff_p1_possession_recoveries_roll10,0.0,gradient_boosting,prematch_regression
home_event_passes_expanding,0.0,gradient_boosting,prematch_regression
home_event_passes_roll10,0.0,gradient_boosting,prematch_regression
home_event_passes_roll5,0.0,gradient_boosting,prematch_regression
home_event_passes_roll3,0.0,gradient_boosting,prematch_regression
home_event_xg_expanding,0.0,gradient_boosting,prematch_regression
home_event_xg_roll10,0.0,gradient_boosting,prematch_regression
home_event_xg_roll5,0.0,gradient_boosting,prematch_regression
home_event_yellow_cards_roll3,0.0,gradient_boosting,prematch_regression
home_event_fouls_expanding,0.0,gradient_boosting,prematch_regression
home_event_fouls_roll10,0.0,gradient_boosting,prematch_regression
home_event_fouls_roll5,0.0,gradient_boosting,prematch_regression
home_event_fouls_roll3,0.0,gradient_boosting,prematch_regression
home_event_interceptions_roll10,0.0,gradient_boosting,prematch_regression
home_event_interceptions_roll5,0.0,gradient_boosting,prematch_regression
home_event_interceptions_roll3,0.0,gradient_boosting,prematch_regression
home_event_recoveries_expanding,0.0,gradient_boosting,prematch_regression
home_event_recoveries_roll10,0.0,gradient_boosting,prematch_regression
home_event_recoveries_roll5,0.0,gradient_boosting,prematch_regression
home_event_recoveries_roll3,0.0,gradient_boosting,prematch_regression
home_event_pressures_expanding,0.0,gradient_boosting,prematch_regression
home_event_pressures_roll10,0.0,gradient_boosting,prematch_regression
home_event_pressures_roll5,0.0,gradient_boosting,prematch_regression
home_event_possessions_roll3,0.0,gradient_boosting,prematch_regression
home_event_duels_won_expanding,0.0,gradient_boosting,prematch_regression
home_event_duels_won_roll10,0.0,gradient_boosting,prematch_regression
home_event_duels_won_roll5,0.0,gradient_boosting,prematch_regression
home_event_duels_won_roll3,0.0,gradient_boosting,prematch_regression
home_event_carries_expanding,0.0,gradient_boosting,prematch_regression
home_event_carries_roll10,0.0,gradient_boosting,prematch_regression
home_event_carries_roll3,0.0,gradient_boosting,prematch_regression
home_event_red_cards_roll10,0.0,gradient_boosting,prematch_regression
home_event_red_cards_roll5,0.0,gradient_boosting,prematch_regression
home_event_red_cards_roll3,0.0,gradient_boosting,prematch_regression
home_event_yellow_cards_expanding,0.0,gradient_boosting,prematch_regression
home_event_yellow_cards_roll10,0.0,gradient_boosting,prematch_regression
home_event_yellow_cards_roll5,0.0,gradient_boosting,prematch_regression
away_event_points_roll10,0.0,gradient_boosting,prematch_regression
away_event_points_roll5,0.0,gradient_boosting,prematch_regression
away_event_points_roll3,0.0,gradient_boosting,prematch_regression
away_event_goals_against_expanding,0.0,gradient_boosting,prematch_regression
away_event_goals_against_roll10,0.0,gradient_boosting,prematch_regression
away_event_goals_against_roll5,0.0,gradient_boosting,prematch_regression
away_event_goals_against_roll3,0.0,gradient_boosting,prematch_regression
away_event_goals_for_expanding,0.0,gradient_boosting,prematch_regression
away_event_goals_for_roll10,0.0,gradient_boosting,prematch_regression
away_event_goals_for_roll5,0.0,gradient_boosting,prematch_regression
away_event_goals_for_roll3,0.0,gradient_boosting,prematch_regression
away_event_rest_days,0.0,gradient_boosting,prematch_regression
away_event_matches_played_prior,0.0,gradient_boosting,prematch_regression
home_event_possessions_expanding,0.0,gradient_boosting,prematch_regression
home_event_possessions_roll10,0.0,gradient_boosting,prematch_regression
home_event_possessions_roll5,0.0,gradient_boosting,prematch_regression
away_event_passes_roll10,0.0,gradient_boosting,prematch_regression
away_event_passes_roll5,0.0,gradient_boosting,prematch_regression
away_event_passes_roll3,0.0,gradient_boosting,prematch_regression
away_event_xg_expanding,0.0,gradient_boosting,prematch_regression
away_event_xg_roll10,0.0,gradient_boosting,prematch_regression
away_event_xg_roll5,0.0,gradient_boosting,prematch_regression
away_event_xg_roll3,0.0,gradient_boosting,prematch_regression
away_event_shots_on_target_expanding,0.0,gradient_boosting,prematch_regression
away_event_shots_on_target_roll10,0.0,gradient_boosting,prematch_regression
away_event_shots_on_target_roll5,0.0,gradient_boosting,prematch_regression
away_event_shots_on_target_roll3,0.0,gradient_boosting,prematch_regression
away_event_shots_expanding,0.0,gradient_boosting,prematch_regression
away_event_shots_roll10,0.0,gradient_boosting,prematch_regression
away_event_shots_roll5,0.0,gradient_boosting,prematch_regression
away_event_shots_roll3,0.0,gradient_boosting,prematch_regression
away_event_recoveries_roll10,0.0,gradient_boosting,prematch_regression
away_event_recoveries_roll5,0.0,gradient_boosting,prematch_regression
away_event_recoveries_roll3,0.0,gradient_boosting,prematch_regression
away_event_pressures_expanding,0.0,gradient_boosting,prematch_regression
away_event_pressures_roll10,0.0,gradient_boosting,prematch_regression
away_event_pressures_roll3,0.0,gradient_boosting,prematch_regression
away_event_final_third_entries_expanding,0.0,gradient_boosting,prematch_regression
away_event_final_third_entries_roll10,0.0,gradient_boosting,prematch_regression
away_event_final_third_entries_roll5,0.0,gradient_boosting,prematch_regression
away_event_final_third_entries_roll3,0.0,gradient_boosting,prematch_regression
away_event_completed_passes_expanding,0.0,gradient_boosting,prematch_regression
away_event_completed_passes_roll10,0.0,gradient_boosting,prematch_regression
away_event_completed_passes_roll5,0.0,gradient_boosting,prematch_regression
away_event_completed_passes_roll3,0.0,gradient_boosting,prematch_regression
away_event_passes_expanding,0.0,gradient_boosting,prematch_regression
away_event_red_cards_roll10,0.0,gradient_boosting,prematch_regression
away_event_red_cards_roll5,0.0,gradient_boosting,prematch_regression
away_event_red_cards_roll3,0.0,gradient_boosting,prematch_regression
away_event_yellow_cards_expanding,0.0,gradient_boosting,prematch_regression
away_event_yellow_cards_roll10,0.0,gradient_boosting,prematch_regression
away_event_yellow_cards_roll5,0.0,gradient_boosting,prematch_regression
away_event_yellow_cards_roll3,0.0,gradient_boosting,prematch_regression
away_event_fouls_expanding,0.0,gradient_boosting,prematch_regression
away_event_fouls_roll5,0.0,gradient_boosting,prematch_regression
away_event_fouls_roll3,0.0,gradient_boosting,prematch_regression
away_event_interceptions_expanding,0.0,gradient_boosting,prematch_regression
away_event_interceptions_roll10,0.0,gradient_boosting,prematch_regression
away_event_interceptions_roll5,0.0,gradient_boosting,prematch_regression
away_event_interceptions_roll3,0.0,gradient_boosting,prematch_regression
away_event_recoveries_expanding,0.0,gradient_boosting,prematch_regression
diff_event_goals_for_roll3,0.0,gradient_boosting,prematch_regression
diff_event_rest_days,0.0,gradient_boosting,prematch_regression
diff_event_matches_played_prior,0.0,gradient_boosting,prematch_regression
away_event_possessions_expanding,0.0,gradient_boosting,prematch_regression
away_event_possessions_roll10,0.0,gradient_boosting,prematch_regression
away_event_possessions_roll5,0.0,gradient_boosting,prematch_regression
away_event_possessions_roll3,0.0,gradient_boosting,prematch_regression
away_event_duels_won_expanding,0.0,gradient_boosting,prematch_regression
away_event_duels_won_roll10,0.0,gradient_boosting,prematch_regression
away_event_duels_won_roll5,0.0,gradient_boosting,prematch_regression
away_event_duels_won_roll3,0.0,gradient_boosting,prematch_regression
away_event_carries_expanding,0.0,gradient_boosting,prematch_regression
away_event_carries_roll10,0.0,gradient_boosting,prematch_regression
away_event_carries_roll5,0.0,gradient_boosting,prematch_regression
away_event_carries_roll3,0.0,gradient_boosting,prematch_regression
away_event_red_cards_expanding,0.0,gradient_boosting,prematch_regression
diff_event_shots_on_target_roll3,0.0,gradient_boosting,prematch_regression
diff_event_shots_expanding,0.0,gradient_boosting,prematch_regression
diff_event_shots_roll10,0.0,gradient_boosting,prematch_regression
diff_event_shots_roll3,0.0,gradient_boosting,prematch_regression
diff_event_points_expanding,0.0,gradient_boosting,prematch_regression
diff_event_points_roll10,0.0,gradient_boosting,prematch_regression
diff_event_points_roll5,0.0,gradient_boosting,prematch_regression
diff_event_points_roll3,0.0,gradient_boosting,prematch_regression
diff_event_goals_against_roll10,0.0,gradient_boosting,prematch_regression
diff_event_goals_against_roll5,0.0,gradient_boosting,prematch_regression
diff_event_goals_against_roll3,0.0,gradient_boosting,prematch_regression
diff_event_goals_for_expanding,0.0,gradient_boosting,prematch_regression
diff_event_goals_for_roll10,0.0,gradient_boosting,prematch_regression
diff_event_goals_for_roll5,0.0,gradient_boosting,prematch_regression
diff_event_final_third_entries_roll3,0.0,gradient_boosting,prematch_regression
diff_event_completed_passes_expanding,0.0,gradient_boosting,prematch_regression
diff_event_completed_passes_roll10,0.0,gradient_boosting,prematch_regression
diff_event_completed_passes_roll5,0.0,gradient_boosting,prematch_regression
diff_event_completed_passes_roll3,0.0,gradient_boosting,prematch_regression
diff_event_passes_expanding,0.0,gradient_boosting,prematch_regression
diff_event_passes_roll10,0.0,gradient_boosting,prematch_regression
diff_event_passes_roll5,0.0,gradient_boosting,prematch_regression
diff_event_passes_roll3,0.0,gradient_boosting,prematch_regression
diff_event_xg_expanding,0.0,gradient_boosting,prematch_regression
diff_event_xg_roll10,0.0,gradient_boosting,prematch_regression
diff_event_xg_roll5,0.0,gradient_boosting,prematch_regression
diff_event_xg_roll3,0.0,gradient_boosting,prematch_regression
diff_event_shots_on_target_expanding,0.0,gradient_boosting,prematch_regression
diff_event_shots_on_target_roll10,0.0,gradient_boosting,prematch_regression
diff_event_shots_on_target_roll5,0.0,gradient_boosting,prematch_regression
diff_event_fouls_roll3,0.0,gradient_boosting,prematch_regression
diff_event_interceptions_expanding,0.0,gradient_boosting,prematch_regression
diff_event_interceptions_roll10,0.0,gradient_boosting,prematch_regression
diff_event_interceptions_roll5,0.0,gradient_boosting,prematch_regression
diff_event_interceptions_roll3,0.0,gradient_boosting,prematch_regression
diff_event_recoveries_expanding,0.0,gradient_boosting,prematch_regression
diff_event_recoveries_roll10,0.0,gradient_boosting,prematch_regression
diff_event_recoveries_roll5,0.0,gradient_boosting,prematch_regression
diff_event_recoveries_roll3,0.0,gradient_boosting,prematch_regression
diff_event_pressures_expanding,0.0,gradient_boosting,prematch_regression
diff_event_pressures_roll10,0.0,gradient_boosting,prematch_regression
diff_event_pressures_roll5,0.0,gradient_boosting,prematch_regression
diff_event_pressures_roll3,0.0,gradient_boosting,prematch_regression
diff_event_final_third_entries_roll10,0.0,gradient_boosting,prematch_regression
diff_event_final_third_entries_roll5,0.0,gradient_boosting,prematch_regression
diff_event_duels_won_roll3,0.0,gradient_boosting,prematch_regression
diff_event_carries_expanding,0.0,gradient_boosting,prematch_regression
diff_event_carries_roll10,0.0,gradient_boosting,prematch_regression
diff_event_carries_roll5,0.0,gradient_boosting,prematch_regression
diff_event_carries_roll3,0.0,gradient_boosting,prematch_regression
diff_event_red_cards_expanding,0.0,gradient_boosting,prematch_regression
diff_event_red_cards_roll10,0.0,gradient_boosting,prematch_regression
diff_event_red_cards_roll5,0.0,gradient_boosting,prematch_regression
diff_event_red_cards_roll3,0.0,gradient_boosting,prematch_regression
home_event_points_expanding,0.0,gradient_boosting,prematch_regression
home_event_points_roll10,0.0,gradient_boosting,prematch_regression
home_event_points_roll5,0.0,gradient_boosting,prematch_regression
home_event_points_roll3,0.0,gradient_boosting,prematch_regression
home_event_goals_against_expanding,0.0,gradient_boosting,prematch_regression
home_event_goals_against_roll10,0.0,gradient_boosting,prematch_regression
home_event_goals_for_expanding,0.0,gradient_boosting,prematch_regression
home_event_pressures_roll3,0.0,gradient_boosting,prematch_regression
home_event_goals_for_roll3,0.0,gradient_boosting,prematch_regression
home_event_final_third_entries_roll10,0.0,gradient_boosting,prematch_regression
home_event_final_third_entries_roll5,0.0,gradient_boosting,prematch_regression
home_event_final_third_entries_roll3,0.0,gradient_boosting,prematch_regression
home_event_completed_passes_expanding,0.0,gradient_boosting,prematch_regression
home_event_completed_passes_roll10,0.0,gradient_boosting,prematch_regression
home_event_completed_passes_roll5,0.0,gradient_boosting,prematch_regression
home_event_completed_passes_roll3,0.0,gradient_boosting,prematch_regression
diff_event_yellow_cards_expanding,0.0,gradient_boosting,prematch_regression
diff_event_yellow_cards_roll5,0.0,gradient_boosting,prematch_regression
diff_event_yellow_cards_roll3,0.0,gradient_boosting,prematch_regression
diff_event_fouls_expanding,0.0,gradient_boosting,prematch_regression
diff_event_fouls_roll10,0.0,gradient_boosting,prematch_regression
diff_event_fouls_roll5,0.0,gradient_boosting,prematch_regression
home_p1_accumulated_eigenvector_centrality_roll10,0.0,gradient_boosting,prematch_regression
home_p1_accumulated_eigenvector_centrality_roll5,0.0,gradient_boosting,prematch_regression
home_p1_accumulated_eigenvector_centrality_roll3,0.0,gradient_boosting,prematch_regression
home_p1_rest_days,0.0,gradient_boosting,prematch_regression
home_p1_matches_played_prior,0.0,gradient_boosting,prematch_regression
bookie_margin,0.0,gradient_boosting,prematch_regression
calendar_cos,0.0,gradient_boosting,prematch_regression
calendar_sin,0.0,gradient_boosting,prematch_regression
season_progress,0.0,gradient_boosting,prematch_regression
diff_event_possessions_expanding,0.0,gradient_boosting,prematch_regression
diff_event_possessions_roll10,0.0,gradient_boosting,prematch_regression
diff_event_possessions_roll5,0.0,gradient_boosting,prematch_regression
diff_event_possessions_roll3,0.0,gradient_boosting,prematch_regression
diff_event_duels_won_expanding,0.0,gradient_boosting,prematch_regression
diff_event_duels_won_roll10,0.0,gradient_boosting,prematch_regression
diff_event_duels_won_roll5,0.0,gradient_boosting,prematch_regression
home_p1_median_zone_leakage_roll10,0.0,gradient_boosting,prematch_regression
home_p1_median_zone_leakage_roll5,0.0,gradient_boosting,prematch_regression
diff_p1_completed_passes_expanding,0.0,gradient_boosting,prematch_regression
home_p1_mean_zone_leakage_expanding,0.0,gradient_boosting,prematch_regression
home_p1_mean_zone_leakage_roll10,0.0,gradient_boosting,prematch_regression
diff_p1_completed_passes_roll10,0.0,gradient_boosting,prematch_regression
home_p1_mean_zone_leakage_roll3,0.0,gradient_boosting,prematch_regression
home_p1_mean_zone_centrality_expanding,0.0,gradient_boosting,prematch_regression
home_p1_mean_zone_centrality_roll10,0.0,gradient_boosting,prematch_regression
home_p1_mean_zone_centrality_roll5,0.0,gradient_boosting,prematch_regression
home_p1_mean_zone_centrality_roll3,0.0,gradient_boosting,prematch_regression
home_p1_maximum_zone_centrality_expanding,0.0,gradient_boosting,prematch_regression
home_p1_maximum_zone_centrality_roll10,0.0,gradient_boosting,prematch_regression
home_p1_maximum_zone_centrality_roll5,0.0,gradient_boosting,prematch_regression
home_p1_maximum_zone_centrality_roll3,0.0,gradient_boosting,prematch_regression
home_p1_accumulated_eigenvector_centrality_expanding,0.0,gradient_boosting,prematch_regression
home_p1_maximum_zone_recovery_roll10,0.0,gradient_boosting,prematch_regression
home_p1_maximum_zone_recovery_roll5,0.0,gradient_boosting,prematch_regression
home_p1_maximum_zone_recovery_roll3,0.0,gradient_boosting,prematch_regression
home_p1_median_zone_recovery_expanding,0.0,gradient_boosting,prematch_regression
home_p1_median_zone_recovery_roll10,0.0,gradient_boosting,prematch_regression
home_p1_median_zone_recovery_roll5,0.0,gradient_boosting,prematch_regression
home_p1_median_zone_recovery_roll3,0.0,gradient_boosting,prematch_regression
home_p1_mean_zone_recovery_expanding,0.0,gradient_boosting,prematch_regression
home_p1_mean_zone_recovery_roll10,0.0,gradient_boosting,prematch_regression
home_p1_mean_zone_recovery_roll5,0.0,gradient_boosting,prematch_regression
home_p1_mean_zone_recovery_roll3,0.0,gradient_boosting,prematch_regression
home_p1_maximum_zone_leakage_expanding,0.0,gradient_boosting,prematch_regression
home_p1_maximum_zone_leakage_roll10,0.0,gradient_boosting,prematch_regression
home_p1_maximum_zone_leakage_roll5,0.0,gradient_boosting,prematch_regression
home_event_goals_for_roll10,0.0,gradient_boosting,prematch_regression
home_p1_median_zone_leakage_expanding,0.0,gradient_boosting,prematch_regression
home_p1_switching_factor_roll10,0.0,gradient_boosting,prematch_regression
home_p1_switching_factor_roll5,0.0,gradient_boosting,prematch_regression
home_p1_switching_factor_roll3,0.0,gradient_boosting,prematch_regression
home_p1_possession_recoveries_expanding,0.0,gradient_boosting,prematch_regression
home_p1_possession_recoveries_roll10,0.0,gradient_boosting,prematch_regression
home_p1_possession_recoveries_roll5,0.0,gradient_boosting,prematch_regression
home_p1_possession_recoveries_roll3,0.0,gradient_boosting,prematch_regression
home_p1_possession_losses_expanding,0.0,gradient_boosting,prematch_regression
home_p1_possession_losses_roll10,0.0,gradient_boosting,prematch_regression
home_p1_possession_losses_roll5,0.0,gradient_boosting,prematch_regression
home_p1_possession_losses_roll3,0.0,gradient_boosting,prematch_regression
home_p1_completed_passes_expanding,0.0,gradient_boosting,prematch_regression
home_p1_completed_passes_roll10,0.0,gradient_boosting,prematch_regression
home_p1_completed_passes_roll5,0.0,gradient_boosting,prematch_regression
home_p1_completed_passes_roll3,0.0,gradient_boosting,prematch_regression
home_p1_maximum_zone_recovery_expanding,0.0,gradient_boosting,prematch_regression
away_p1_mean_zone_leakage_roll3,0.0,gradient_boosting,prematch_regression
away_p1_mean_zone_centrality_expanding,0.0,gradient_boosting,prematch_regression
away_p1_mean_zone_centrality_roll10,0.0,gradient_boosting,prematch_regression
away_p1_mean_zone_centrality_roll5,0.0,gradient_boosting,prematch_regression
away_p1_mean_zone_centrality_roll3,0.0,gradient_boosting,prematch_regression
away_p1_maximum_zone_centrality_expanding,0.0,gradient_boosting,prematch_regression
home_event_goals_for_roll5,0.0,gradient_boosting,prematch_regression
away_p1_maximum_zone_centrality_roll5,0.0,gradient_boosting,prematch_regression
away_p1_maximum_zone_centrality_roll3,0.0,gradient_boosting,prematch_regression
away_p1_accumulated_eigenvector_centrality_expanding,0.0,gradient_boosting,prematch_regression
away_p1_accumulated_eigenvector_centrality_roll10,0.0,gradient_boosting,prematch_regression
away_p1_accumulated_eigenvector_centrality_roll5,0.0,gradient_boosting,prematch_regression
away_p1_accumulated_eigenvector_centrality_roll3,0.0,gradient_boosting,prematch_regression
away_p1_rest_days,0.0,gradient_boosting,prematch_regression
away_p1_matches_played_prior,0.0,gradient_boosting,prematch_regression
home_p1_switching_factor_expanding,0.0,gradient_boosting,prematch_regression
away_p1_median_zone_recovery_roll3,0.0,gradient_boosting,prematch_regression
away_p1_mean_zone_recovery_expanding,0.0,gradient_boosting,prematch_regression
away_p1_mean_zone_recovery_roll10,0.0,gradient_boosting,prematch_regression
away_p1_mean_zone_recovery_roll5,0.0,gradient_boosting,prematch_regression
away_p1_mean_zone_recovery_roll3,0.0,gradient_boosting,prematch_regression
away_p1_maximum_zone_leakage_expanding,0.0,gradient_boosting,prematch_regression
away_p1_maximum_zone_leakage_roll10,0.0,gradient_boosting,prematch_regression
away_p1_maximum_zone_leakage_roll5,0.0,gradient_boosting,prematch_regression
away_p1_maximum_zone_leakage_roll3,0.0,gradient_boosting,prematch_regression
away_p1_median_zone_leakage_expanding,0.0,gradient_boosting,prematch_regression
away_p1_median_zone_leakage_roll10,0.0,gradient_boosting,prematch_regression
away_p1_median_zone_leakage_roll5,0.0,gradient_boosting,prematch_regression
home_event_xg_roll3,0.0,gradient_boosting,prematch_regression
away_p1_mean_zone_leakage_expanding,0.0,gradient_boosting,prematch_regression
away_p1_mean_zone_leakage_roll10,0.0,gradient_boosting,prematch_regression
away_p1_mean_zone_leakage_roll5,0.0,gradient_boosting,prematch_regression
away_p1_possession_recoveries_roll3,0.0,gradient_boosting,prematch_regression
away_p1_possession_losses_expanding,0.0,gradient_boosting,prematch_regression
away_p1_possession_losses_roll10,0.0,gradient_boosting,prematch_regression
away_p1_possession_losses_roll5,0.0,gradient_boosting,prematch_regression
away_p1_possession_losses_roll3,0.0,gradient_boosting,prematch_regression
away_p1_completed_passes_expanding,0.0,gradient_boosting,prematch_regression
away_p1_completed_passes_roll10,0.0,gradient_boosting,prematch_regression
away_p1_completed_passes_roll5,0.0,gradient_boosting,prematch_regression
away_p1_completed_passes_roll3,0.0,gradient_boosting,prematch_regression
away_p1_maximum_zone_recovery_expanding,0.0,gradient_boosting,prematch_regression
away_p1_maximum_zone_recovery_roll10,0.0,gradient_boosting,prematch_regression
away_p1_maximum_zone_recovery_roll5,0.0,gradient_boosting,prematch_regression
away_p1_maximum_zone_recovery_roll3,0.0,gradient_boosting,prematch_regression
away_p1_median_zone_recovery_expanding,0.0,gradient_boosting,prematch_regression
away_p1_median_zone_recovery_roll10,0.0,gradient_boosting,prematch_regression
away_p1_median_zone_recovery_roll5,0.0,gradient_boosting,prematch_regression
diff_p1_maximum_zone_centrality_roll10,0.0,gradient_boosting,prematch_regression
diff_p1_maximum_zone_centrality_roll5,0.0,gradient_boosting,prematch_regression
diff_p1_maximum_zone_centrality_roll3,0.0,gradient_boosting,prematch_regression
diff_p1_accumulated_eigenvector_centrality_expanding,0.0,gradient_boosting,prematch_regression
diff_p1_accumulated_eigenvector_centrality_roll10,0.0,gradient_boosting,prematch_regression
diff_p1_accumulated_eigenvector_centrality_roll5,0.0,gradient_boosting,prematch_regression
diff_p1_accumulated_eigenvector_centrality_roll3,0.0,gradient_boosting,prematch_regression
diff_p1_rest_days,0.0,gradient_boosting,prematch_regression
diff_p1_matches_played_prior,0.0,gradient_boosting,prematch_regression
away_p1_switching_factor_expanding,0.0,gradient_boosting,prematch_regression
away_p1_switching_factor_roll10,0.0,gradient_boosting,prematch_regression
away_p1_switching_factor_roll5,0.0,gradient_boosting,prematch_regression
away_p1_switching_factor_roll3,0.0,gradient_boosting,prematch_regression
away_p1_possession_recoveries_expanding,0.0,gradient_boosting,prematch_regression
away_p1_possession_recoveries_roll10,0.0,gradient_boosting,prematch_regression
home_event_shots_on_target_expanding,0.0,gradient_boosting,prematch_regression
home_event_matches_played_prior,0.0,gradient_boosting,prematch_regression
home_event_shots_on_target_roll10,0.0,gradient_boosting,prematch_regression
home_event_shots_on_target_roll3,0.0,gradient_boosting,prematch_regression
diff_p1_median_zone_leakage_expanding,0.0,gradient_boosting,prematch_regression
diff_p1_median_zone_leakage_roll10,0.0,gradient_boosting,prematch_regression
diff_p1_median_zone_leakage_roll5,0.0,gradient_boosting,prematch_regression
diff_p1_median_zone_leakage_roll3,0.0,gradient_boosting,prematch_regression
home_event_shots_expanding,0.0,gradient_boosting,prematch_regression
home_event_shots_roll10,0.0,gradient_boosting,prematch_regression
diff_p1_mean_zone_leakage_roll5,0.0,gradient_boosting,prematch_regression
diff_p1_mean_zone_leakage_roll3,0.0,gradient_boosting,prematch_regression
diff_p1_mean_zone_centrality_expanding,0.0,gradient_boosting,prematch_regression
diff_p1_mean_zone_centrality_roll10,0.0,gradient_boosting,prematch_regression
diff_p1_mean_zone_centrality_roll5,0.0,gradient_boosting,prematch_regression
diff_p1_mean_zone_centrality_roll3,0.0,gradient_boosting,prematch_regression
diff_p1_mean_zone_recovery_roll5,0.0,gradient_boosting,prematch_regression
home_event_shots_roll5,0.0,gradient_boosting,prematch_regression
diff_p1_completed_passes_roll5,0.0,gradient_boosting,prematch_regression
diff_p1_completed_passes_roll3,0.0,gradient_boosting,prematch_regression
diff_p1_maximum_zone_recovery_expanding,0.0,gradient_boosting,prematch_regression
diff_p1_maximum_zone_recovery_roll10,0.0,gradient_boosting,prematch_regression
diff_p1_maximum_zone_recovery_roll5,0.0,gradient_boosting,prematch_regression
diff_p1_maximum_zone_recovery_roll3,0.0,gradient_boosting,prematch_regression
diff_p1_median_zone_recovery_expanding,0.0,gradient_boosting,prematch_regression
diff_p1_median_zone_recovery_roll10,0.0,gradient_boosting,prematch_regression
diff_p1_possession_recoveries_roll5,0.0,gradient_boosting,prematch_regression
diff_p1_possession_recoveries_roll3,0.0,gradient_boosting,prematch_regression
diff_p1_possession_losses_expanding,0.0,gradient_boosting,prematch_regression
diff_p1_possession_losses_roll10,0.0,gradient_boosting,prematch_regression
diff_p1_possession_losses_roll5,0.0,gradient_boosting,prematch_regression
diff_p1_possession_losses_roll3,0.0,gradient_boosting,prematch_regression
diff_p1_maximum_zone_centrality_expanding,0.0,gradient_boosting,prematch_regression
market_prob_H,0.17743052542209625,xgboost,prematch_regression
market_prob_A,0.1687878966331482,xgboost,prematch_regression
diff_event_yellow_cards_roll10,0.15237490832805634,xgboost,prematch_regression
home_event_interceptions_expanding,0.07925280928611755,xgboost,prematch_regression
diff_event_final_third_entries_expanding,0.07162468880414963,xgboost,prematch_regression
diff_p1_maximum_zone_leakage_expanding,0.06958679854869843,xgboost,prematch_regression
away_event_shots_roll10,0.06835698336362839,xgboost,prematch_regression
diff_p1_maximum_zone_leakage_roll3,0.06568101793527603,xgboost,prematch_regression
diff_p1_maximum_zone_leakage_roll10,0.05231008678674698,xgboost,prematch_regression
diff_p1_maximum_zone_leakage_roll5,0.04832104220986366,xgboost,prematch_regression
away_event_recoveries_roll3,0.04759661853313446,xgboost,prematch_regression
home_p1_accumulated_eigenvector_centrality_roll3,0.04312073066830635,xgboost,prematch_regression
home_event_final_third_entries_expanding,0.04272908344864845,xgboost,prematch_regression
away_event_fouls_roll10,0.04259919002652168,xgboost,prematch_regression
away_event_points_expanding,0.04256150871515274,xgboost,prematch_regression
diff_p1_switching_factor_roll10,0.04177773743867874,xgboost,prematch_regression
home_p1_median_zone_leakage_roll3,0.039073552936315536,xgboost,prematch_regression
diff_p1_mean_zone_leakage_expanding,0.03723231330513954,xgboost,prematch_regression
away_event_shots_on_target_roll3,0.03631944954395294,xgboost,prematch_regression
home_event_shots_on_target_roll5,0.03565176948904991,xgboost,prematch_regression
bookie_margin,0.03250250220298767,xgboost,prematch_regression
diff_p1_maximum_zone_recovery_roll5,0.03159476816654205,xgboost,prematch_regression
home_p1_median_zone_leakage_roll5,0.028752069920301437,xgboost,prematch_regression
home_p1_maximum_zone_leakage_roll3,0.02704986371099949,xgboost,prematch_regression
diff_p1_mean_zone_centrality_roll5,0.026442814618349075,xgboost,prematch_regression
away_event_final_third_entries_roll5,0.026187241077423096,xgboost,prematch_regression
away_p1_median_zone_leakage_roll3,0.025555429980158806,xgboost,prematch_regression
diff_event_goals_against_expanding,0.02520424872636795,xgboost,prematch_regression
away_event_final_third_entries_roll3,0.025061404332518578,xgboost,prematch_regression
diff_event_yellow_cards_expanding,0.024737635627388954,xgboost,prematch_regression
home_p1_possession_losses_expanding,0.0238895732909441,xgboost,prematch_regression
diff_event_recoveries_roll5,0.02356085367500782,xgboost,prematch_regression
away_event_shots_roll3,0.022107454016804695,xgboost,prematch_regression
home_event_completed_passes_expanding,0.02033715881407261,xgboost,prematch_regression
diff_p1_median_zone_recovery_roll5,0.020212149247527122,xgboost,prematch_regression
away_event_duels_won_expanding,0.020042987540364265,xgboost,prematch_regression
away_p1_maximum_zone_leakage_roll10,0.01979791559278965,xgboost,prematch_regression
diff_event_red_cards_expanding,0.016421062871813774,xgboost,prematch_regression
home_event_interceptions_roll10,0.015804938971996307,xgboost,prematch_regression
home_event_shots_roll5,0.01523115485906601,xgboost,prematch_regression
diff_p1_median_zone_leakage_roll3,0.015150770545005798,xgboost,prematch_regression
market_prob_D,0.014938313513994217,xgboost,prematch_regression
away_p1_maximum_zone_centrality_roll10,0.014590535312891006,xgboost,prematch_regression
diff_event_yellow_cards_roll3,0.014590324833989143,xgboost,prematch_regression
home_event_final_third_entries_roll10,0.01446586288511753,xgboost,prematch_regression
home_event_goals_against_roll5,0.014334429986774921,xgboost,prematch_regression
diff_p1_possession_losses_expanding,0.014221510849893093,xgboost,prematch_regression
away_p1_possession_losses_roll5,0.013732131570577621,xgboost,prematch_regression
diff_p1_mean_zone_leakage_roll10,0.013501276262104511,xgboost,prematch_regression
diff_p1_accumulated_eigenvector_centrality_roll10,0.013444450683891773,xgboost,prematch_regression
away_event_possessions_roll5,0.013372606597840786,xgboost,prematch_regression
away_event_duels_won_roll5,0.013023678213357925,xgboost,prematch_regression
away_event_goals_against_expanding,0.01299321185797453,xgboost,prematch_regression
diff_event_interceptions_expanding,0.012958494946360588,xgboost,prematch_regression
diff_p1_possession_recoveries_roll3,0.012737385928630829,xgboost,prematch_regression
diff_event_duels_won_roll3,0.01252629142254591,xgboost,prematch_regression
home_p1_accumulated_eigenvector_centrality_roll10,0.012379546649754047,xgboost,prematch_regression
away_event_recoveries_roll5,0.012005104683339596,xgboost,prematch_regression
home_event_pressures_expanding,0.011705897748470306,xgboost,prematch_regression
home_event_final_third_entries_roll3,0.011586220934987068,xgboost,prematch_regression
diff_p1_maximum_zone_centrality_roll5,0.011194433085620403,xgboost,prematch_regression
diff_event_fouls_expanding,0.011140312068164349,xgboost,prematch_regression
away_event_interceptions_expanding,0.011103405617177486,xgboost,prematch_regression
away_p1_mean_zone_leakage_roll10,0.011022080667316914,xgboost,prematch_regression
away_p1_mean_zone_leakage_expanding,0.011017672717571259,xgboost,prematch_regression
away_event_points_roll3,0.010952799580991268,xgboost,prematch_regression
diff_p1_median_zone_recovery_expanding,0.010849593207240105,xgboost,prematch_regression
away_event_shots_roll5,0.010669219307601452,xgboost,prematch_regression
away_event_yellow_cards_roll5,0.010633506812155247,xgboost,prematch_regression
diff_event_goals_against_roll3,0.010389966890215874,xgboost,prematch_regression
home_event_final_third_entries_roll5,0.01033684890717268,xgboost,prematch_regression
away_event_goals_against_roll3,0.010334841907024384,xgboost,prematch_regression
home_event_goals_against_expanding,0.010085341520607471,xgboost,prematch_regression
away_event_duels_won_roll3,0.009919394738972187,xgboost,prematch_regression
diff_p1_median_zone_leakage_roll5,0.009891066700220108,xgboost,prematch_regression
away_event_fouls_roll5,0.009776560589671135,xgboost,prematch_regression
season_progress,0.00969604030251503,xgboost,prematch_regression
away_event_yellow_cards_expanding,0.009607787244021893,xgboost,prematch_regression
home_event_red_cards_expanding,0.009456736035645008,xgboost,prematch_regression
home_p1_median_zone_recovery_roll10,0.00914209708571434,xgboost,prematch_regression
home_p1_mean_zone_centrality_roll3,0.008597220294177532,xgboost,prematch_regression
diff_event_possessions_roll10,0.008526152931153774,xgboost,prematch_regression
diff_event_shots_roll10,0.008491027168929577,xgboost,prematch_regression
away_event_final_third_entries_roll10,0.008325307630002499,xgboost,prematch_regression
away_event_duels_won_roll10,0.008263044990599155,xgboost,prematch_regression
away_event_fouls_expanding,0.008262858726084232,xgboost,prematch_regression
diff_p1_switching_factor_expanding,0.00797076616436243,xgboost,prematch_regression
away_event_yellow_cards_roll10,0.007936965674161911,xgboost,prematch_regression
away_p1_mean_zone_recovery_expanding,0.0077386158518493176,xgboost,prematch_regression
home_event_shots_on_target_roll3,0.007720357272773981,xgboost,prematch_regression
home_p1_possession_recoveries_expanding,0.007719654124230146,xgboost,prematch_regression
home_event_recoveries_expanding,0.007512410171329975,xgboost,prematch_regression
away_p1_maximum_zone_leakage_roll3,0.007336047478020191,xgboost,prematch_regression
home_p1_median_zone_recovery_roll5,0.0071391575038433075,xgboost,prematch_regression
away_p1_possession_losses_roll3,0.0069764768704771996,xgboost,prematch_regression
home_p1_mean_zone_leakage_roll5,0.006929186172783375,xgboost,prematch_regression
away_event_carries_roll3,0.006906425580382347,xgboost,prematch_regression
home_event_pressures_roll3,0.006895815953612328,xgboost,prematch_regression
home_event_goals_against_roll10,0.006894017104059458,xgboost,prematch_regression
away_event_red_cards_expanding,0.006729832850396633,xgboost,prematch_regression
home_p1_median_zone_leakage_roll10,0.006672472693026066,xgboost,prematch_regression
diff_p1_possession_losses_roll10,0.006581706926226616,xgboost,prematch_regression
diff_p1_mean_zone_recovery_roll5,0.006579821463674307,xgboost,prematch_regression
home_event_duels_won_expanding,0.006540785077959299,xgboost,prematch_regression
home_event_recoveries_roll10,0.00645672669634223,xgboost,prematch_regression
home_p1_mean_zone_leakage_expanding,0.006280233152210712,xgboost,prematch_regression
away_p1_mean_zone_leakage_roll3,0.006266751792281866,xgboost,prematch_regression
home_event_points_roll3,0.006062196101993322,xgboost,prematch_regression
diff_event_shots_on_target_expanding,0.006037698592990637,xgboost,prematch_regression
diff_event_interceptions_roll3,0.005972421262413263,xgboost,prematch_regression
away_p1_mean_zone_recovery_roll3,0.005945524200797081,xgboost,prematch_regression
diff_event_interceptions_roll10,0.005812349263578653,xgboost,prematch_regression
home_event_matches_played_prior,0.005688058212399483,xgboost,prematch_regression
diff_event_interceptions_roll5,0.0054434542544186115,xgboost,prematch_regression
home_event_possessions_expanding,0.005335410591214895,xgboost,prematch_regression
away_p1_maximum_zone_leakage_expanding,0.005257295910269022,xgboost,prematch_regression
home_event_fouls_roll3,0.005228457972407341,xgboost,prematch_regression
diff_event_points_roll5,0.005015014670789242,xgboost,prematch_regression
home_p1_switching_factor_roll10,0.00488586351275444,xgboost,prematch_regression
home_p1_median_zone_leakage_expanding,0.004818351473659277,xgboost,prematch_regression
diff_p1_median_zone_recovery_roll10,0.00479474663734436,xgboost,prematch_regression
home_event_points_roll10,0.004639308899641037,xgboost,prematch_regression
diff_p1_accumulated_eigenvector_centrality_roll5,0.004512086510658264,xgboost,prematch_regression
away_p1_median_zone_leakage_expanding,0.004352225456386805,xgboost,prematch_regression
diff_event_possessions_expanding,0.004314679652452469,xgboost,prematch_regression
away_p1_median_zone_recovery_roll5,0.004249620251357555,xgboost,prematch_regression
home_event_points_roll5,0.004231577273458242,xgboost,prematch_regression
home_p1_possession_losses_roll5,0.0042303623631596565,xgboost,prematch_regression
home_p1_mean_zone_leakage_roll10,0.004187619313597679,xgboost,prematch_regression
home_event_shots_roll3,0.004084107931703329,xgboost,prematch_regression
diff_event_xg_roll5,0.004066030960530043,xgboost,prematch_regression
home_p1_rest_days,0.003922318108379841,xgboost,prematch_regression
diff_event_completed_passes_roll3,0.003721063956618309,xgboost,prematch_regression
diff_p1_switching_factor_roll3,0.003705920185893774,xgboost,prematch_regression
away_p1_maximum_zone_recovery_roll10,0.003669580677524209,xgboost,prematch_regression
away_p1_switching_factor_roll10,0.003631121711805463,xgboost,prematch_regression
home_event_duels_won_roll10,0.003437202190980315,xgboost,prematch_regression
diff_event_recoveries_roll10,0.0032624693121761084,xgboost,prematch_regression
home_event_goals_against_roll3,0.0031346625182777643,xgboost,prematch_regression
home_p1_switching_factor_expanding,0.003075201762840152,xgboost,prematch_regression
home_p1_possession_recoveries_roll10,0.003055200446397066,xgboost,prematch_regression
diff_p1_maximum_zone_centrality_roll3,0.00289171957410872,xgboost,prematch_regression
away_event_xg_roll10,0.0028200645465403795,xgboost,prematch_regression
home_p1_mean_zone_leakage_roll3,0.0027466656174510717,xgboost,prematch_regression
home_event_fouls_roll5,0.002682734979316592,xgboost,prematch_regression
away_event_interceptions_roll10,0.0026691616512835026,xgboost,prematch_regression
home_event_pressures_roll10,0.0025473691057413816,xgboost,prematch_regression
diff_p1_median_zone_leakage_expanding,0.0025278946850448847,xgboost,prematch_regression
away_p1_possession_recoveries_roll10,0.0023363069631159306,xgboost,prematch_regression
home_event_rest_days,0.0022767370101064444,xgboost,prematch_regression
away_p1_maximum_zone_centrality_roll3,0.002193911001086235,xgboost,prematch_regression
home_p1_maximum_zone_leakage_expanding,0.00204095127992332,xgboost,prematch_regression
diff_event_fouls_roll10,0.002027633599936962,xgboost,prematch_regression
away_event_goals_for_expanding,0.00201316992752254,xgboost,prematch_regression
home_event_yellow_cards_roll3,0.001746287802234292,xgboost,prematch_regression
away_event_passes_roll3,0.0016710745403543115,xgboost,prematch_regression
home_event_possessions_roll5,0.001655525411479175,xgboost,prematch_regression
home_event_passes_roll3,0.0015643094666302204,xgboost,prematch_regression
home_event_shots_roll10,0.0014928939053788781,xgboost,prematch_regression
home_event_xg_expanding,0.0013813833938911557,xgboost,prematch_regression
away_event_final_third_entries_expanding,0.001268137013539672,xgboost,prematch_regression
diff_event_final_third_entries_roll3,0.0012573840795084834,xgboost,prematch_regression
away_event_recoveries_expanding,0.0011505030561238527,xgboost,prematch_regression
away_event_carries_roll5,0.0009111999534070492,xgboost,prematch_regression
away_p1_maximum_zone_recovery_roll3,0.0008616687264293432,xgboost,prematch_regression
home_event_goals_for_roll3,0.0008128804038278759,xgboost,prematch_regression
home_event_possessions_roll3,0.0008104236330837011,xgboost,prematch_regression
home_event_shots_on_target_roll10,0.0007982988026924431,xgboost,prematch_regression
home_p1_maximum_zone_recovery_roll5,0.0006567787495441735,xgboost,prematch_regression
away_event_goals_for_roll5,0.000587315356824547,xgboost,prematch_regression
home_p1_median_zone_recovery_roll3,0.0003610088024288416,xgboost,prematch_regression
away_event_goals_for_roll3,0.00028728373581543565,xgboost,prematch_regression
home_event_goals_for_expanding,0.0,xgboost,prematch_regression
home_event_shots_expanding,0.0,xgboost,prematch_regression
home_event_points_expanding,0.0,xgboost,prematch_regression
diff_p1_possession_recoveries_roll5,0.0,xgboost,prematch_regression
diff_p1_possession_recoveries_roll10,0.0,xgboost,prematch_regression
diff_p1_possession_recoveries_expanding,0.0,xgboost,prematch_regression
diff_p1_completed_passes_roll5,0.0,xgboost,prematch_regression
diff_p1_completed_passes_roll10,0.0,xgboost,prematch_regression
diff_p1_completed_passes_expanding,0.0,xgboost,prematch_regression
diff_p1_possession_losses_roll3,0.0,xgboost,prematch_regression
diff_p1_possession_losses_roll5,0.0,xgboost,prematch_regression
diff_event_xg_roll3,0.0,xgboost,prematch_regression
diff_event_xg_roll10,0.0,xgboost,prematch_regression
diff_event_xg_expanding,0.0,xgboost,prematch_regression
diff_event_passes_roll3,0.0,xgboost,prematch_regression
diff_event_passes_roll5,0.0,xgboost,prematch_regression
diff_event_passes_roll10,0.0,xgboost,prematch_regression
diff_event_passes_expanding,0.0,xgboost,prematch_regression
diff_event_completed_passes_roll5,0.0,xgboost,prematch_regression
diff_event_completed_passes_roll10,0.0,xgboost,prematch_regression
diff_event_rest_days,0.0,xgboost,prematch_regression
diff_event_goals_for_roll3,0.0,xgboost,prematch_regression
diff_p1_switching_factor_roll5,0.0,xgboost,prematch_regression
diff_event_shots_expanding,0.0,xgboost,prematch_regression
diff_event_shots_on_target_roll3,0.0,xgboost,prematch_regression
diff_event_shots_on_target_roll5,0.0,xgboost,prematch_regression
diff_event_shots_on_target_roll10,0.0,xgboost,prematch_regression
diff_event_points_roll3,0.0,xgboost,prematch_regression
diff_event_points_roll10,0.0,xgboost,prematch_regression
diff_event_points_expanding,0.0,xgboost,prematch_regression
diff_event_shots_roll3,0.0,xgboost,prematch_regression
diff_event_shots_roll5,0.0,xgboost,prematch_regression
diff_event_completed_passes_expanding,0.0,xgboost,prematch_regression
diff_event_final_third_entries_roll5,0.0,xgboost,prematch_regression
diff_event_final_third_entries_roll10,0.0,xgboost,prematch_regression
diff_event_pressures_roll3,0.0,xgboost,prematch_regression
diff_event_pressures_roll5,0.0,xgboost,prematch_regression
diff_event_pressures_roll10,0.0,xgboost,prematch_regression
diff_event_pressures_expanding,0.0,xgboost,prematch_regression
diff_event_recoveries_roll3,0.0,xgboost,prematch_regression
diff_event_recoveries_expanding,0.0,xgboost,prematch_regression
diff_event_fouls_roll3,0.0,xgboost,prematch_regression
diff_event_fouls_roll5,0.0,xgboost,prematch_regression
diff_event_yellow_cards_roll5,0.0,xgboost,prematch_regression
diff_event_red_cards_roll3,0.0,xgboost,prematch_regression
diff_event_red_cards_roll5,0.0,xgboost,prematch_regression
diff_event_red_cards_roll10,0.0,xgboost,prematch_regression
diff_event_carries_roll3,0.0,xgboost,prematch_regression
diff_event_carries_roll5,0.0,xgboost,prematch_regression
diff_event_carries_roll10,0.0,xgboost,prematch_regression
away_event_red_cards_roll5,0.0,xgboost,prematch_regression
away_event_red_cards_roll10,0.0,xgboost,prematch_regression
away_event_carries_roll10,0.0,xgboost,prematch_regression
away_event_carries_expanding,0.0,xgboost,prematch_regression
away_event_possessions_roll3,0.0,xgboost,prematch_regression
away_event_possessions_roll10,0.0,xgboost,prematch_regression
away_event_possessions_expanding,0.0,xgboost,prematch_regression
diff_event_matches_played_prior,0.0,xgboost,prematch_regression
away_event_recoveries_roll10,0.0,xgboost,prematch_regression
away_event_interceptions_roll3,0.0,xgboost,prematch_regression
away_event_interceptions_roll5,0.0,xgboost,prematch_regression
away_event_fouls_roll3,0.0,xgboost,prematch_regression
away_event_yellow_cards_roll3,0.0,xgboost,prematch_regression
away_event_red_cards_roll3,0.0,xgboost,prematch_regression
diff_event_carries_expanding,0.0,xgboost,prematch_regression
diff_event_duels_won_roll5,0.0,xgboost,prematch_regression
diff_event_duels_won_roll10,0.0,xgboost,prematch_regression
diff_event_duels_won_expanding,0.0,xgboost,prematch_regression
diff_event_possessions_roll3,0.0,xgboost,prematch_regression
diff_event_possessions_roll5,0.0,xgboost,prematch_regression
calendar_sin,0.0,xgboost,prematch_regression
calendar_cos,0.0,xgboost,prematch_regression
home_p1_matches_played_prior,0.0,xgboost,prematch_regression
home_p1_accumulated_eigenvector_centrality_roll5,0.0,xgboost,prematch_regression
home_p1_accumulated_eigenvector_centrality_expanding,0.0,xgboost,prematch_regression
home_p1_maximum_zone_centrality_roll3,0.0,xgboost,prematch_regression
home_p1_maximum_zone_centrality_roll5,0.0,xgboost,prematch_regression
home_p1_maximum_zone_centrality_roll10,0.0,xgboost,prematch_regression
home_p1_maximum_zone_centrality_expanding,0.0,xgboost,prematch_regression
home_p1_mean_zone_centrality_roll5,0.0,xgboost,prematch_regression
home_p1_mean_zone_centrality_roll10,0.0,xgboost,prematch_regression
home_p1_mean_zone_centrality_expanding,0.0,xgboost,prematch_regression
away_event_passes_roll5,0.0,xgboost,prematch_regression
away_event_passes_roll10,0.0,xgboost,prematch_regression
away_event_passes_expanding,0.0,xgboost,prematch_regression
away_event_completed_passes_roll3,0.0,xgboost,prematch_regression
diff_event_goals_for_roll5,0.0,xgboost,prematch_regression
diff_event_goals_for_roll10,0.0,xgboost,prematch_regression
diff_event_goals_for_expanding,0.0,xgboost,prematch_regression
diff_event_goals_against_roll5,0.0,xgboost,prematch_regression
diff_event_goals_against_roll10,0.0,xgboost,prematch_regression
away_event_pressures_roll5,0.0,xgboost,prematch_regression
away_event_pressures_roll3,0.0,xgboost,prematch_regression
away_event_completed_passes_expanding,0.0,xgboost,prematch_regression
away_event_completed_passes_roll10,0.0,xgboost,prematch_regression
away_event_completed_passes_roll5,0.0,xgboost,prematch_regression
home_p1_mean_zone_recovery_roll3,0.0,xgboost,prematch_regression
away_event_pressures_roll10,0.0,xgboost,prematch_regression
away_event_pressures_expanding,0.0,xgboost,prematch_regression
home_p1_mean_zone_recovery_expanding,0.0,xgboost,prematch_regression
home_p1_mean_zone_recovery_roll10,0.0,xgboost,prematch_regression
home_p1_median_zone_recovery_expanding,0.0,xgboost,prematch_regression
home_p1_maximum_zone_recovery_roll3,0.0,xgboost,prematch_regression
home_p1_maximum_zone_recovery_roll10,0.0,xgboost,prematch_regression
home_p1_mean_zone_recovery_roll5,0.0,xgboost,prematch_regression
home_p1_maximum_zone_leakage_roll5,0.0,xgboost,prematch_regression
home_p1_maximum_zone_leakage_roll10,0.0,xgboost,prematch_regression
home_p1_completed_passes_roll10,0.0,xgboost,prematch_regression
home_p1_completed_passes_expanding,0.0,xgboost,prematch_regression
home_p1_possession_losses_roll3,0.0,xgboost,prematch_regression
home_p1_possession_losses_roll10,0.0,xgboost,prematch_regression
home_p1_possession_recoveries_roll3,0.0,xgboost,prematch_regression
home_p1_possession_recoveries_roll5,0.0,xgboost,prematch_regression
home_p1_switching_factor_roll3,0.0,xgboost,prematch_regression
away_event_points_roll5,0.0,xgboost,prematch_regression
away_event_points_roll10,0.0,xgboost,prematch_regression
away_event_shots_expanding,0.0,xgboost,prematch_regression
away_event_shots_on_target_roll5,0.0,xgboost,prematch_regression
away_event_shots_on_target_roll10,0.0,xgboost,prematch_regression
away_event_shots_on_target_expanding,0.0,xgboost,prematch_regression
home_p1_maximum_zone_recovery_expanding,0.0,xgboost,prematch_regression
home_p1_completed_passes_roll3,0.0,xgboost,prematch_regression
home_p1_completed_passes_roll5,0.0,xgboost,prematch_regression
away_event_xg_expanding,0.0,xgboost,prematch_regression
away_event_xg_roll5,0.0,xgboost,prematch_regression
away_event_xg_roll3,0.0,xgboost,prematch_regression
home_p1_switching_factor_roll5,0.0,xgboost,prematch_regression
away_p1_accumulated_eigenvector_centrality_roll5,0.0,xgboost,prematch_regression
away_p1_accumulated_eigenvector_centrality_roll10,0.0,xgboost,prematch_regression
away_p1_rest_days,0.0,xgboost,prematch_regression
away_p1_matches_played_prior,0.0,xgboost,prematch_regression
away_p1_maximum_zone_centrality_roll5,0.0,xgboost,prematch_regression
away_p1_maximum_zone_centrality_expanding,0.0,xgboost,prematch_regression
away_p1_mean_zone_centrality_roll5,0.0,xgboost,prematch_regression
away_p1_mean_zone_centrality_roll3,0.0,xgboost,prematch_regression
away_p1_mean_zone_centrality_roll10,0.0,xgboost,prematch_regression
home_event_possessions_roll10,0.0,xgboost,prematch_regression
away_p1_accumulated_eigenvector_centrality_expanding,0.0,xgboost,prematch_regression
away_p1_accumulated_eigenvector_centrality_roll3,0.0,xgboost,prematch_regression
away_event_rest_days,0.0,xgboost,prematch_regression
away_event_matches_played_prior,0.0,xgboost,prematch_regression
away_event_goals_for_roll10,0.0,xgboost,prematch_regression
away_event_goals_against_roll5,0.0,xgboost,prematch_regression
away_event_goals_against_roll10,0.0,xgboost,prematch_regression
away_p1_mean_zone_centrality_expanding,0.0,xgboost,prematch_regression
away_p1_mean_zone_leakage_roll5,0.0,xgboost,prematch_regression
away_p1_median_zone_leakage_roll5,0.0,xgboost,prematch_regression
away_p1_median_zone_leakage_roll10,0.0,xgboost,prematch_regression
away_p1_maximum_zone_leakage_roll5,0.0,xgboost,prematch_regression
away_p1_mean_zone_recovery_roll5,0.0,xgboost,prematch_regression
away_p1_mean_zone_recovery_roll10,0.0,xgboost,prematch_regression
away_p1_median_zone_recovery_roll3,0.0,xgboost,prematch_regression
away_p1_median_zone_recovery_roll10,0.0,xgboost,prematch_regression
away_p1_median_zone_recovery_expanding,0.0,xgboost,prematch_regression
away_p1_maximum_zone_recovery_roll5,0.0,xgboost,prematch_regression
away_p1_maximum_zone_recovery_expanding,0.0,xgboost,prematch_regression
away_p1_completed_passes_roll3,0.0,xgboost,prematch_regression
away_p1_completed_passes_roll5,0.0,xgboost,prematch_regression
away_p1_completed_passes_roll10,0.0,xgboost,prematch_regression
away_p1_completed_passes_expanding,0.0,xgboost,prematch_regression
away_p1_possession_losses_roll10,0.0,xgboost,prematch_regression
home_event_fouls_expanding,0.0,xgboost,prematch_regression
home_event_yellow_cards_roll5,0.0,xgboost,prematch_regression
home_event_yellow_cards_roll10,0.0,xgboost,prematch_regression
home_event_yellow_cards_expanding,0.0,xgboost,prematch_regression
home_event_red_cards_roll3,0.0,xgboost,prematch_regression
home_event_red_cards_roll5,0.0,xgboost,prematch_regression
home_event_red_cards_roll10,0.0,xgboost,prematch_regression
home_event_carries_roll3,0.0,xgboost,prematch_regression
home_event_carries_roll5,0.0,xgboost,prematch_regression
home_event_carries_roll10,0.0,xgboost,prematch_regression
home_event_carries_expanding,0.0,xgboost,prematch_regression
home_event_duels_won_roll3,0.0,xgboost,prematch_regression
home_event_duels_won_roll5,0.0,xgboost,prematch_regression
away_p1_possession_losses_expanding,0.0,xgboost,prematch_regression
away_p1_possession_recoveries_roll3,0.0,xgboost,prematch_regression
away_p1_possession_recoveries_roll5,0.0,xgboost,prematch_regression
away_p1_possession_recoveries_expanding,0.0,xgboost,prematch_regression
away_p1_switching_factor_roll3,0.0,xgboost,prematch_regression
away_p1_switching_factor_roll5,0.0,xgboost,prematch_regression
away_p1_switching_factor_expanding,0.0,xgboost,prematch_regression
diff_p1_matches_played_prior,0.0,xgboost,prematch_regression
diff_p1_rest_days,0.0,xgboost,prematch_regression
diff_p1_accumulated_eigenvector_centrality_roll3,0.0,xgboost,prematch_regression
diff_p1_accumulated_eigenvector_centrality_expanding,0.0,xgboost,prematch_regression
home_event_pressures_roll5,0.0,xgboost,prematch_regression
home_event_recoveries_roll3,0.0,xgboost,prematch_regression
home_event_recoveries_roll5,0.0,xgboost,prematch_regression
home_event_interceptions_roll3,0.0,xgboost,prematch_regression
home_event_interceptions_roll5,0.0,xgboost,prematch_regression
home_event_fouls_roll10,0.0,xgboost,prematch_regression
diff_p1_maximum_zone_centrality_roll10,0.0,xgboost,prematch_regression
diff_p1_maximum_zone_centrality_expanding,0.0,xgboost,prematch_regression
diff_p1_mean_zone_centrality_roll3,0.0,xgboost,prematch_regression
diff_p1_mean_zone_centrality_roll10,0.0,xgboost,prematch_regression
diff_p1_mean_zone_centrality_expanding,0.0,xgboost,prematch_regression
diff_p1_mean_zone_leakage_roll3,0.0,xgboost,prematch_regression
diff_p1_mean_zone_leakage_roll5,0.0,xgboost,prematch_regression
diff_p1_median_zone_leakage_roll10,0.0,xgboost,prematch_regression
home_event_shots_on_target_expanding,0.0,xgboost,prematch_regression
home_event_xg_roll3,0.0,xgboost,prematch_regression
home_event_xg_roll5,0.0,xgboost,prematch_regression
home_event_xg_roll10,0.0,xgboost,prematch_regression
home_event_passes_roll5,0.0,xgboost,prematch_regression
home_event_passes_roll10,0.0,xgboost,prematch_regression
home_event_passes_expanding,0.0,xgboost,prematch_regression
home_event_completed_passes_roll3,0.0,xgboost,prematch_regression
home_event_completed_passes_roll5,0.0,xgboost,prematch_regression
home_event_completed_passes_roll10,0.0,xgboost,prematch_regression
diff_p1_mean_zone_recovery_roll3,0.0,xgboost,prematch_regression
diff_p1_mean_zone_recovery_roll10,0.0,xgboost,prematch_regression
diff_p1_mean_zone_recovery_expanding,0.0,xgboost,prematch_regression
diff_p1_median_zone_recovery_roll3,0.0,xgboost,prematch_regression
diff_p1_maximum_zone_recovery_roll3,0.0,xgboost,prematch_regression
diff_p1_maximum_zone_recovery_roll10,0.0,xgboost,prematch_regression
diff_p1_maximum_zone_recovery_expanding,0.0,xgboost,prematch_regression
diff_p1_completed_passes_roll3,0.0,xgboost,prematch_regression
home_event_goals_for_roll10,0.0,xgboost,prematch_regression
home_event_goals_for_roll5,0.0,xgboost,prematch_regression
market_prob_A,0.2165261096191477,lightgbm,prematch_regression
market_prob_H,0.1575234247411403,lightgbm,prematch_regression
diff_event_yellow_cards_roll10,0.12656132313232235,lightgbm,prematch_regression
home_event_interceptions_expanding,0.10575588180133462,lightgbm,prematch_regression
home_event_final_third_entries_expanding,0.07960237089733262,lightgbm,prematch_regression
diff_p1_maximum_zone_leakage_roll5,0.07711147354649464,lightgbm,prematch_regression
home_p1_median_zone_leakage_roll3,0.0718033470446256,lightgbm,prematch_regression
away_event_shots_roll3,0.06870178941413059,lightgbm,prematch_regression
home_p1_maximum_zone_leakage_roll3,0.06618499368858281,lightgbm,prematch_regression
away_event_recoveries_roll3,0.06523598391016112,lightgbm,prematch_regression
away_event_final_third_entries_roll3,0.06277202692360524,lightgbm,prematch_regression
diff_p1_maximum_zone_recovery_roll5,0.0625336655261599,lightgbm,prematch_regression
diff_p1_mean_zone_leakage_roll10,0.06152199290262058,lightgbm,prematch_regression
diff_p1_maximum_zone_leakage_roll3,0.06102028989203794,lightgbm,prematch_regression
bookie_margin,0.058916989430738066,lightgbm,prematch_regression
away_event_fouls_roll10,0.058514107733160806,lightgbm,prematch_regression
diff_event_goals_against_expanding,0.04994179797459192,lightgbm,prematch_regression
away_p1_median_zone_leakage_roll3,0.04924987995342456,lightgbm,prematch_regression
diff_p1_switching_factor_roll10,0.0457051542827921,lightgbm,prematch_regression
diff_p1_accumulated_eigenvector_centrality_roll5,0.041755615204826686,lightgbm,prematch_regression
away_event_goals_against_roll3,0.041659516745180016,lightgbm,prematch_regression
away_event_shots_on_target_roll3,0.04075742755823393,lightgbm,prematch_regression
diff_p1_maximum_zone_leakage_expanding,0.03848002958564165,lightgbm,prematch_regression
away_event_final_third_entries_roll5,0.03742993153089068,lightgbm,prematch_regression
diff_event_final_third_entries_expanding,0.03622672575184626,lightgbm,prematch_regression
away_event_points_expanding,0.03613257038451437,lightgbm,prematch_regression
diff_p1_possession_losses_expanding,0.032610837936608246,lightgbm,prematch_regression
home_event_xg_roll3,0.03201380231086066,lightgbm,prematch_regression
diff_event_shots_on_target_expanding,0.03192174168646135,lightgbm,prematch_regression
diff_event_points_roll5,0.029444866877546078,lightgbm,prematch_regression
away_p1_mean_zone_leakage_roll3,0.029437136888945115,lightgbm,prematch_regression
away_event_goals_against_expanding,0.027772976524370403,lightgbm,prematch_regression
diff_p1_median_zone_recovery_roll5,0.02571207462793435,lightgbm,prematch_regression
away_p1_median_zone_leakage_roll10,0.025625945660352152,lightgbm,prematch_regression
home_event_shots_on_target_roll5,0.024943809370175013,lightgbm,prematch_regression
away_event_shots_roll10,0.024599143524806463,lightgbm,prematch_regression
diff_p1_mean_zone_leakage_expanding,0.02390735197195604,lightgbm,prematch_regression
away_p1_median_zone_recovery_roll5,0.023525355696648806,lightgbm,prematch_regression
diff_p1_accumulated_eigenvector_centrality_expanding,0.02350350915879902,lightgbm,prematch_regression
diff_p1_maximum_zone_leakage_roll10,0.022669535327321105,lightgbm,prematch_regression
away_p1_accumulated_eigenvector_centrality_roll3,0.02253738910772487,lightgbm,prematch_regression
diff_p1_median_zone_leakage_expanding,0.02211830822356248,lightgbm,prematch_regression
home_p1_median_zone_recovery_roll10,0.021410159372074477,lightgbm,prematch_regression
diff_p1_median_zone_recovery_expanding,0.020971155254281084,lightgbm,prematch_regression
diff_p1_median_zone_recovery_roll10,0.020936568587827296,lightgbm,prematch_regression
diff_event_yellow_cards_roll5,0.02071637115995213,lightgbm,prematch_regression
home_p1_switching_factor_roll5,0.02034094991052239,lightgbm,prematch_regression
home_event_points_roll3,0.019866249020075232,lightgbm,prematch_regression
home_event_pressures_roll3,0.019462949156559623,lightgbm,prematch_regression
diff_event_recoveries_roll3,0.019387869886486955,lightgbm,prematch_regression
home_event_points_roll5,0.019164150083047563,lightgbm,prematch_regression
away_p1_mean_zone_recovery_expanding,0.018610257810779112,lightgbm,prematch_regression
away_event_interceptions_expanding,0.018149447783645516,lightgbm,prematch_regression
market_prob_D,0.018120113828126297,lightgbm,prematch_regression
away_event_fouls_expanding,0.017900812941850485,lightgbm,prematch_regression
away_event_duels_won_roll5,0.01773978906718861,lightgbm,prematch_regression
home_event_completed_passes_expanding,0.017649456357894538,lightgbm,prematch_regression
home_p1_possession_recoveries_expanding,0.017329264720810762,lightgbm,prematch_regression
away_event_duels_won_roll10,0.016996937347513254,lightgbm,prematch_regression
home_event_passes_roll10,0.01682557319059745,lightgbm,prematch_regression
home_p1_accumulated_eigenvector_centrality_roll3,0.016630298337589996,lightgbm,prematch_regression
home_event_xg_roll5,0.016508727375964347,lightgbm,prematch_regression
diff_event_possessions_roll5,0.016284377658138765,lightgbm,prematch_regression
away_event_interceptions_roll5,0.01594258020797763,lightgbm,prematch_regression
away_event_red_cards_expanding,0.015910321517216785,lightgbm,prematch_regression
diff_event_final_third_entries_roll3,0.015529142519150389,lightgbm,prematch_regression
home_p1_possession_losses_expanding,0.015502927935113197,lightgbm,prematch_regression
diff_event_shots_on_target_roll5,0.015446505385965011,lightgbm,prematch_regression
diff_event_interceptions_roll5,0.015421021709296804,lightgbm,prematch_regression
away_p1_possession_losses_roll5,0.014958786588819906,lightgbm,prematch_regression
home_event_goals_for_roll3,0.014859665768421914,lightgbm,prematch_regression
diff_event_red_cards_roll10,0.014701499271360325,lightgbm,prematch_regression
away_p1_mean_zone_recovery_roll5,0.013895006867565216,lightgbm,prematch_regression
diff_p1_accumulated_eigenvector_centrality_roll10,0.013882752990243899,lightgbm,prematch_regression
diff_p1_possession_recoveries_roll10,0.013857669556305827,lightgbm,prematch_regression
home_p1_maximum_zone_recovery_roll3,0.013120985739008021,lightgbm,prematch_regression
diff_event_shots_expanding,0.013111934600684298,lightgbm,prematch_regression
away_event_possessions_roll5,0.012834725871325604,lightgbm,prematch_regression
home_event_passes_roll3,0.012689950869113684,lightgbm,prematch_regression
home_event_pressures_expanding,0.012540520817736368,lightgbm,prematch_regression
away_p1_maximum_zone_leakage_roll10,0.012518642939475176,lightgbm,prematch_regression
diff_p1_mean_zone_recovery_roll5,0.012427095565477471,lightgbm,prematch_regression
diff_event_interceptions_roll10,0.012418525728214249,lightgbm,prematch_regression
away_p1_maximum_zone_leakage_expanding,0.012349995834884265,lightgbm,prematch_regression
diff_event_goals_against_roll5,0.012185640200243215,lightgbm,prematch_regression
diff_event_yellow_cards_roll3,0.011532628703950736,lightgbm,prematch_regression
away_p1_mean_zone_leakage_roll5,0.011383869981773797,lightgbm,prematch_regression
home_event_interceptions_roll10,0.011233063825026746,lightgbm,prematch_regression
away_p1_possession_losses_roll3,0.01112118554276398,lightgbm,prematch_regression
away_event_duels_won_expanding,0.011106981368005465,lightgbm,prematch_regression
home_event_points_roll10,0.011065047751191362,lightgbm,prematch_regression
home_event_possessions_roll5,0.011028991365502396,lightgbm,prematch_regression
away_p1_maximum_zone_centrality_expanding,0.01091594825593088,lightgbm,prematch_regression
home_event_fouls_roll5,0.010862099967587266,lightgbm,prematch_regression
diff_p1_mean_zone_recovery_roll10,0.010849578196943903,lightgbm,prematch_regression
diff_p1_mean_zone_leakage_roll5,0.010827571038652948,lightgbm,prematch_regression
away_p1_maximum_zone_centrality_roll10,0.010347422514169861,lightgbm,prematch_regression
away_event_interceptions_roll3,0.010254004571933628,lightgbm,prematch_regression
away_p1_median_zone_recovery_expanding,0.010240555903536609,lightgbm,prematch_regression
away_p1_switching_factor_expanding,0.010116842491490774,lightgbm,prematch_regression
home_p1_switching_factor_roll3,0.010050117551659458,lightgbm,prematch_regression
home_event_fouls_expanding,0.009874192543167954,lightgbm,prematch_regression
home_p1_maximum_zone_leakage_roll5,0.00934376917547219,lightgbm,prematch_regression
home_event_goals_against_expanding,0.009120791314993075,lightgbm,prematch_regression
diff_event_fouls_expanding,0.009038775352517639,lightgbm,prematch_regression
diff_event_possessions_roll10,0.008893300975751502,lightgbm,prematch_regression
home_event_shots_on_target_expanding,0.008589621038201859,lightgbm,prematch_regression
home_event_matches_played_prior,0.008453453814044116,lightgbm,prematch_regression
diff_p1_switching_factor_roll3,0.008449813184729621,lightgbm,prematch_regression
home_event_rest_days,0.008432403441891938,lightgbm,prematch_regression
home_event_yellow_cards_roll5,0.008391574898319843,lightgbm,prematch_regression
diff_event_fouls_roll5,0.008380818817582944,lightgbm,prematch_regression
home_p1_accumulated_eigenvector_centrality_roll5,0.008052480066330109,lightgbm,prematch_regression
away_event_passes_roll3,0.008045252100860188,lightgbm,prematch_regression
home_event_shots_roll10,0.007977993631288942,lightgbm,prematch_regression
home_event_fouls_roll3,0.007956308347580807,lightgbm,prematch_regression
away_event_points_roll10,0.007902587910311775,lightgbm,prematch_regression
home_event_recoveries_roll10,0.007728822696643747,lightgbm,prematch_regression
away_event_points_roll3,0.007653647732596079,lightgbm,prematch_regression
away_p1_maximum_zone_recovery_roll5,0.007580851285132884,lightgbm,prematch_regression
home_event_red_cards_expanding,0.00734731840782211,lightgbm,prematch_regression
diff_p1_mean_zone_recovery_expanding,0.007284247180226326,lightgbm,prematch_regression
away_event_yellow_cards_expanding,0.007266956107363584,lightgbm,prematch_regression
away_event_recoveries_roll5,0.007197441433044129,lightgbm,prematch_regression
home_event_duels_won_expanding,0.007190890234065186,lightgbm,prematch_regression
away_event_goals_for_roll3,0.007152372997755451,lightgbm,prematch_regression
calendar_cos,0.007149630883616637,lightgbm,prematch_regression
home_event_goals_for_expanding,0.007103529633420243,lightgbm,prematch_regression
away_event_possessions_roll3,0.006984640275425558,lightgbm,prematch_regression
home_event_shots_roll5,0.006937133205903127,lightgbm,prematch_regression
home_event_shots_expanding,0.006920614733093916,lightgbm,prematch_regression
away_event_completed_passes_expanding,0.006718365646653952,lightgbm,prematch_regression
away_event_pressures_roll10,0.006544779734518688,lightgbm,prematch_regression
diff_event_xg_expanding,0.00654476886065425,lightgbm,prematch_regression
away_p1_switching_factor_roll5,0.006383031407096547,lightgbm,prematch_regression
home_p1_accumulated_eigenvector_centrality_roll10,0.006368225061904056,lightgbm,prematch_regression
diff_event_recoveries_roll5,0.006294217309684969,lightgbm,prematch_regression
home_event_completed_passes_roll3,0.00623720634947947,lightgbm,prematch_regression
away_event_carries_roll3,0.006227950592524,lightgbm,prematch_regression
diff_p1_maximum_zone_recovery_roll10,0.006193051975860162,lightgbm,prematch_regression
diff_event_shots_on_target_roll10,0.006156237737856088,lightgbm,prematch_regression
diff_p1_maximum_zone_centrality_expanding,0.006143600027603123,lightgbm,prematch_regression
home_event_goals_for_roll5,0.006083680897930996,lightgbm,prematch_regression
diff_event_yellow_cards_expanding,0.006068776814052948,lightgbm,prematch_regression
home_event_final_third_entries_roll10,0.005974039477020359,lightgbm,prematch_regression
away_event_pressures_roll5,0.005884985800949316,lightgbm,prematch_regression
home_event_recoveries_roll5,0.005803253302431096,lightgbm,prematch_regression
away_p1_maximum_zone_centrality_roll5,0.005720632684640194,lightgbm,prematch_regression
home_event_final_third_entries_roll5,0.0056957077309061355,lightgbm,prematch_regression
diff_event_shots_roll3,0.00564668138149866,lightgbm,prematch_regression
diff_event_carries_roll3,0.005585102493944227,lightgbm,prematch_regression
diff_event_goals_against_roll3,0.0055576398346940505,lightgbm,prematch_regression
home_event_goals_against_roll5,0.0054232017947624354,lightgbm,prematch_regression
away_p1_possession_recoveries_roll3,0.005405207698408187,lightgbm,prematch_regression
home_p1_possession_recoveries_roll5,0.005405135100822968,lightgbm,prematch_regression
diff_event_red_cards_roll3,0.005325216113379439,lightgbm,prematch_regression
diff_p1_switching_factor_expanding,0.0053141727053065465,lightgbm,prematch_regression
diff_p1_possession_recoveries_roll3,0.005186363292991723,lightgbm,prematch_regression
diff_p1_median_zone_recovery_roll3,0.0051759169399079215,lightgbm,prematch_regression
home_p1_maximum_zone_leakage_expanding,0.005136572053667775,lightgbm,prematch_regression
home_event_duels_won_roll3,0.005075936755756478,lightgbm,prematch_regression
home_p1_median_zone_recovery_roll3,0.005054344778047237,lightgbm,prematch_regression
home_event_carries_roll3,0.004994217962722826,lightgbm,prematch_regression
diff_event_duels_won_roll5,0.00482792272101909,lightgbm,prematch_regression
home_event_possessions_roll10,0.004674543407798516,lightgbm,prematch_regression
diff_p1_maximum_zone_recovery_roll3,0.004644263018185393,lightgbm,prematch_regression
away_event_final_third_entries_expanding,0.0045755107291304605,lightgbm,prematch_regression
diff_event_interceptions_expanding,0.004431516562463008,lightgbm,prematch_regression
away_event_final_third_entries_roll10,0.004373329271293788,lightgbm,prematch_regression
diff_p1_possession_losses_roll10,0.004311158173216221,lightgbm,prematch_regression
diff_event_goals_against_roll10,0.0041186251743170164,lightgbm,prematch_regression
diff_event_duels_won_roll10,0.00406205272464851,lightgbm,prematch_regression
away_p1_median_zone_recovery_roll3,0.00402376322475636,lightgbm,prematch_regression
away_event_shots_roll5,0.004010031329864144,lightgbm,prematch_regression
diff_event_completed_passes_roll5,0.003983777804914925,lightgbm,prematch_regression
away_p1_maximum_zone_centrality_roll3,0.0039122358759028164,lightgbm,prematch_regression
home_p1_possession_losses_roll5,0.0038881664362539594,lightgbm,prematch_regression
diff_event_xg_roll3,0.0037663684167076167,lightgbm,prematch_regression
home_event_shots_on_target_roll3,0.003730911535251114,lightgbm,prematch_regression
home_p1_maximum_zone_centrality_roll3,0.0036526255432025863,lightgbm,prematch_regression
home_p1_possession_recoveries_roll10,0.0036513423357485953,lightgbm,prematch_regression
away_event_shots_on_target_roll5,0.0035476170054247794,lightgbm,prematch_regression
away_event_carries_expanding,0.0035407822836020066,lightgbm,prematch_regression
diff_p1_possession_recoveries_expanding,0.003514093587415818,lightgbm,prematch_regression
diff_p1_mean_zone_leakage_roll3,0.003507988768048291,lightgbm,prematch_regression
home_p1_accumulated_eigenvector_centrality_expanding,0.003502871373281118,lightgbm,prematch_regression
diff_event_points_roll3,0.0034914048663022496,lightgbm,prematch_regression
home_p1_possession_losses_roll10,0.0034768959377366334,lightgbm,prematch_regression
away_p1_mean_zone_leakage_expanding,0.003339419815517742,lightgbm,prematch_regression
home_event_yellow_cards_roll10,0.003332149548501859,lightgbm,prematch_regression
home_event_possessions_roll3,0.00328628650761159,lightgbm,prematch_regression
diff_event_interceptions_roll3,0.003243588404139425,lightgbm,prematch_regression
home_event_interceptions_roll5,0.0031792564203361492,lightgbm,prematch_regression
diff_event_possessions_roll3,0.0030490250839297203,lightgbm,prematch_regression
home_p1_mean_zone_leakage_roll3,0.0030346533528800047,lightgbm,prematch_regression
home_event_fouls_roll10,0.0028610127993003985,lightgbm,prematch_regression
home_p1_median_zone_leakage_roll5,0.002859447400970382,lightgbm,prematch_regression
home_p1_mean_zone_leakage_roll5,0.0028193362098469085,lightgbm,prematch_regression
home_p1_median_zone_recovery_roll5,0.0027898039064268095,lightgbm,prematch_regression
home_p1_maximum_zone_leakage_roll10,0.002769162805071663,lightgbm,prematch_regression
diff_p1_median_zone_leakage_roll3,0.0027265358363574004,lightgbm,prematch_regression
away_p1_possession_recoveries_roll5,0.002715408577852932,lightgbm,prematch_regression
away_event_recoveries_roll10,0.0026641962101170576,lightgbm,prematch_regression
away_event_yellow_cards_roll5,0.0025942956872882844,lightgbm,prematch_regression
home_p1_maximum_zone_centrality_expanding,0.0025766183502174077,lightgbm,prematch_regression
diff_p1_possession_losses_roll3,0.0025187395718089802,lightgbm,prematch_regression
home_event_recoveries_roll3,0.0025176767338622027,lightgbm,prematch_regression
home_event_final_third_entries_roll3,0.002484267427647186,lightgbm,prematch_regression
home_p1_possession_recoveries_roll3,0.002304580625948585,lightgbm,prematch_regression
diff_event_carries_roll10,0.002265556630093951,lightgbm,prematch_regression
diff_event_duels_won_roll3,0.0022621083026045123,lightgbm,prematch_regression
diff_event_pressures_expanding,0.0022557885396542773,lightgbm,prematch_regression
diff_event_possessions_expanding,0.002249635294578253,lightgbm,prematch_regression
away_p1_maximum_zone_leakage_roll5,0.002184549454040539,lightgbm,prematch_regression
diff_event_final_third_entries_roll10,0.0021090869084731323,lightgbm,prematch_regression
away_p1_possession_recoveries_roll10,0.002090888106907325,lightgbm,prematch_regression
away_event_passes_roll10,0.0020528874026234244,lightgbm,prematch_regression
home_event_duels_won_roll5,0.002034982206207722,lightgbm,prematch_regression
home_p1_median_zone_leakage_roll10,0.0019515404407435624,lightgbm,prematch_regression
home_p1_maximum_zone_recovery_roll10,0.0019351701559665148,lightgbm,prematch_regression
diff_event_recoveries_roll10,0.0019251759754693486,lightgbm,prematch_regression
away_event_goals_for_roll5,0.0018859682063412267,lightgbm,prematch_regression
home_event_possessions_expanding,0.0018363241859030563,lightgbm,prematch_regression
away_event_rest_days,0.0017681039874903179,lightgbm,prematch_regression
diff_p1_median_zone_leakage_roll5,0.0017512015356563495,lightgbm,prematch_regression
home_event_xg_expanding,0.001708690922004898,lightgbm,prematch_regression
diff_event_points_expanding,0.0016557423496940573,lightgbm,prematch_regression
away_event_possessions_roll10,0.0016137286517454242,lightgbm,prematch_regression
away_p1_possession_recoveries_expanding,0.0015681066170255304,lightgbm,prematch_regression
away_event_pressures_expanding,0.001464296944884445,lightgbm,prematch_regression
home_p1_maximum_zone_recovery_roll5,0.0014591821086440812,lightgbm,prematch_regression
away_p1_mean_zone_recovery_roll10,0.0013783531276084556,lightgbm,prematch_regression
home_p1_switching_factor_expanding,0.0012654078225086832,lightgbm,prematch_regression
diff_event_passes_expanding,0.0,lightgbm,prematch_regression
diff_event_passes_roll10,0.0,lightgbm,prematch_regression
diff_event_xg_roll10,0.0,lightgbm,prematch_regression
diff_event_xg_roll5,0.0,lightgbm,prematch_regression
diff_event_shots_on_target_roll3,0.0,lightgbm,prematch_regression
diff_event_shots_roll10,0.0,lightgbm,prematch_regression
diff_event_goals_for_expanding,0.0,lightgbm,prematch_regression
diff_event_shots_roll5,0.0,lightgbm,prematch_regression
diff_event_points_roll10,0.0,lightgbm,prematch_regression
diff_event_goals_for_roll10,0.0,lightgbm,prematch_regression
diff_event_matches_played_prior,0.0,lightgbm,prematch_regression
diff_event_rest_days,0.0,lightgbm,prematch_regression
diff_event_goals_for_roll3,0.0,lightgbm,prematch_regression
diff_event_goals_for_roll5,0.0,lightgbm,prematch_regression
diff_p1_mean_zone_recovery_roll3,0.0,lightgbm,prematch_regression
diff_p1_maximum_zone_recovery_expanding,0.0,lightgbm,prematch_regression
diff_event_passes_roll5,0.0,lightgbm,prematch_regression
diff_event_passes_roll3,0.0,lightgbm,prematch_regression
home_event_completed_passes_roll10,0.0,lightgbm,prematch_regression
diff_p1_completed_passes_expanding,0.0,lightgbm,prematch_regression
diff_p1_completed_passes_roll10,0.0,lightgbm,prematch_regression
diff_p1_completed_passes_roll5,0.0,lightgbm,prematch_regression
home_event_goals_against_roll10,0.0,lightgbm,prematch_regression
home_event_completed_passes_roll5,0.0,lightgbm,prematch_regression
home_event_passes_expanding,0.0,lightgbm,prematch_regression
home_event_passes_roll5,0.0,lightgbm,prematch_regression
diff_p1_possession_losses_roll5,0.0,lightgbm,prematch_regression
home_event_points_expanding,0.0,lightgbm,prematch_regression
diff_p1_completed_passes_roll3,0.0,lightgbm,prematch_regression
home_event_shots_roll3,0.0,lightgbm,prematch_regression
home_p1_mean_zone_centrality_expanding,0.0,lightgbm,prematch_regression
home_p1_mean_zone_centrality_roll10,0.0,lightgbm,prematch_regression
home_p1_mean_zone_centrality_roll5,0.0,lightgbm,prematch_regression
home_p1_mean_zone_centrality_roll3,0.0,lightgbm,prematch_regression
home_p1_maximum_zone_centrality_roll10,0.0,lightgbm,prematch_regression
home_p1_maximum_zone_centrality_roll5,0.0,lightgbm,prematch_regression
home_p1_matches_played_prior,0.0,lightgbm,prematch_regression
home_p1_rest_days,0.0,lightgbm,prematch_regression
away_event_red_cards_roll5,0.0,lightgbm,prematch_regression
away_event_red_cards_roll10,0.0,lightgbm,prematch_regression
calendar_sin,0.0,lightgbm,prematch_regression
season_progress,0.0,lightgbm,prematch_regression
away_event_fouls_roll5,0.0,lightgbm,prematch_regression
away_event_yellow_cards_roll3,0.0,lightgbm,prematch_regression
away_event_yellow_cards_roll10,0.0,lightgbm,prematch_regression
away_event_red_cards_roll3,0.0,lightgbm,prematch_regression
diff_event_carries_expanding,0.0,lightgbm,prematch_regression
diff_event_duels_won_expanding,0.0,lightgbm,prematch_regression
away_event_recoveries_expanding,0.0,lightgbm,prematch_regression
away_event_xg_expanding,0.0,lightgbm,prematch_regression
away_event_interceptions_roll10,0.0,lightgbm,prematch_regression
away_event_fouls_roll3,0.0,lightgbm,prematch_regression
away_event_goals_for_roll10,0.0,lightgbm,prematch_regression
diff_event_pressures_roll10,0.0,lightgbm,prematch_regression
diff_event_recoveries_expanding,0.0,lightgbm,prematch_regression
diff_event_pressures_roll3,0.0,lightgbm,prematch_regression
diff_event_pressures_roll5,0.0,lightgbm,prematch_regression
diff_event_fouls_roll3,0.0,lightgbm,prematch_regression
diff_event_fouls_roll10,0.0,lightgbm,prematch_regression
diff_event_red_cards_roll5,0.0,lightgbm,prematch_regression
diff_event_red_cards_expanding,0.0,lightgbm,prematch_regression
diff_event_carries_roll5,0.0,lightgbm,prematch_regression
diff_event_completed_passes_roll3,0.0,lightgbm,prematch_regression
home_event_duels_won_roll10,0.0,lightgbm,prematch_regression
away_event_matches_played_prior,0.0,lightgbm,prematch_regression
away_event_goals_against_roll5,0.0,lightgbm,prematch_regression
away_event_goals_against_roll10,0.0,lightgbm,prematch_regression
diff_event_completed_passes_roll10,0.0,lightgbm,prematch_regression
diff_event_completed_passes_expanding,0.0,lightgbm,prematch_regression
diff_event_final_third_entries_roll5,0.0,lightgbm,prematch_regression
away_event_goals_for_expanding,0.0,lightgbm,prematch_regression
away_event_carries_roll5,0.0,lightgbm,prematch_regression
away_event_duels_won_roll3,0.0,lightgbm,prematch_regression
away_event_possessions_expanding,0.0,lightgbm,prematch_regression
away_event_carries_roll10,0.0,lightgbm,prematch_regression
home_event_goals_against_roll3,0.0,lightgbm,prematch_regression
home_event_carries_roll5,0.0,lightgbm,prematch_regression
home_event_carries_roll10,0.0,lightgbm,prematch_regression
home_event_yellow_cards_roll3,0.0,lightgbm,prematch_regression
home_p1_completed_passes_roll10,0.0,lightgbm,prematch_regression
home_p1_maximum_zone_recovery_expanding,0.0,lightgbm,prematch_regression
home_p1_completed_passes_roll3,0.0,lightgbm,prematch_regression
home_p1_completed_passes_roll5,0.0,lightgbm,prematch_regression
home_p1_possession_losses_roll3,0.0,lightgbm,prematch_regression
home_p1_completed_passes_expanding,0.0,lightgbm,prematch_regression
home_p1_median_zone_recovery_expanding,0.0,lightgbm,prematch_regression
home_p1_median_zone_leakage_expanding,0.0,lightgbm,prematch_regression
home_event_carries_expanding,0.0,lightgbm,prematch_regression
home_p1_mean_zone_recovery_roll5,0.0,lightgbm,prematch_regression
home_p1_mean_zone_recovery_expanding,0.0,lightgbm,prematch_regression
home_p1_mean_zone_recovery_roll3,0.0,lightgbm,prematch_regression
home_p1_mean_zone_leakage_roll10,0.0,lightgbm,prematch_regression
home_p1_mean_zone_leakage_expanding,0.0,lightgbm,prematch_regression
home_p1_mean_zone_recovery_roll10,0.0,lightgbm,prematch_regression
away_event_xg_roll3,0.0,lightgbm,prematch_regression
away_event_shots_on_target_expanding,0.0,lightgbm,prematch_regression
away_event_shots_on_target_roll10,0.0,lightgbm,prematch_regression
away_event_shots_expanding,0.0,lightgbm,prematch_regression
away_event_points_roll5,0.0,lightgbm,prematch_regression
away_p1_mean_zone_centrality_roll10,0.0,lightgbm,prematch_regression
away_p1_mean_zone_centrality_expanding,0.0,lightgbm,prematch_regression
away_event_pressures_roll3,0.0,lightgbm,prematch_regression
away_p1_accumulated_eigenvector_centrality_expanding,0.0,lightgbm,prematch_regression
away_p1_mean_zone_centrality_roll3,0.0,lightgbm,prematch_regression
away_p1_mean_zone_centrality_roll5,0.0,lightgbm,prematch_regression
home_p1_switching_factor_roll10,0.0,lightgbm,prematch_regression
away_p1_matches_played_prior,0.0,lightgbm,prematch_regression
away_p1_rest_days,0.0,lightgbm,prematch_regression
away_p1_accumulated_eigenvector_centrality_roll5,0.0,lightgbm,prematch_regression
away_p1_accumulated_eigenvector_centrality_roll10,0.0,lightgbm,prematch_regression
home_event_red_cards_roll3,0.0,lightgbm,prematch_regression
home_event_red_cards_roll5,0.0,lightgbm,prematch_regression
home_event_yellow_cards_expanding,0.0,lightgbm,prematch_regression
home_event_red_cards_roll10,0.0,lightgbm,prematch_regression
away_p1_completed_passes_roll3,0.0,lightgbm,prematch_regression
away_p1_maximum_zone_recovery_expanding,0.0,lightgbm,prematch_regression
away_p1_maximum_zone_recovery_roll10,0.0,lightgbm,prematch_regression
away_p1_maximum_zone_recovery_roll3,0.0,lightgbm,prematch_regression
away_p1_maximum_zone_leakage_roll3,0.0,lightgbm,prematch_regression
away_p1_median_zone_leakage_expanding,0.0,lightgbm,prematch_regression
away_p1_mean_zone_recovery_roll3,0.0,lightgbm,prematch_regression
away_p1_median_zone_recovery_roll10,0.0,lightgbm,prematch_regression
away_p1_mean_zone_leakage_roll10,0.0,lightgbm,prematch_regression
away_p1_median_zone_leakage_roll5,0.0,lightgbm,prematch_regression
away_event_xg_roll10,0.0,lightgbm,prematch_regression
away_event_xg_roll5,0.0,lightgbm,prematch_regression
home_event_pressures_roll10,0.0,lightgbm,prematch_regression
home_event_pressures_roll5,0.0,lightgbm,prematch_regression
diff_p1_accumulated_eigenvector_centrality_roll3,0.0,lightgbm,prematch_regression
diff_p1_rest_days,0.0,lightgbm,prematch_regression
diff_p1_matches_played_prior,0.0,lightgbm,prematch_regression
away_p1_switching_factor_roll10,0.0,lightgbm,prematch_regression
away_p1_switching_factor_roll3,0.0,lightgbm,prematch_regression
away_p1_possession_losses_expanding,0.0,lightgbm,prematch_regression
away_p1_completed_passes_roll5,0.0,lightgbm,prematch_regression
away_p1_completed_passes_roll10,0.0,lightgbm,prematch_regression
away_p1_completed_passes_expanding,0.0,lightgbm,prematch_regression
away_p1_possession_losses_roll10,0.0,lightgbm,prematch_regression
diff_p1_possession_recoveries_roll5,0.0,lightgbm,prematch_regression
diff_p1_maximum_zone_centrality_roll3,0.0,lightgbm,prematch_regression
home_event_recoveries_expanding,0.0,lightgbm,prematch_regression
home_event_interceptions_roll3,0.0,lightgbm,prematch_regression
away_event_completed_passes_roll5,0.0,lightgbm,prematch_regression
away_event_completed_passes_roll3,0.0,lightgbm,prematch_regression
away_event_passes_expanding,0.0,lightgbm,prematch_regression
away_event_passes_roll5,0.0,lightgbm,prematch_regression
diff_p1_switching_factor_roll5,0.0,lightgbm,prematch_regression
away_event_completed_passes_roll10,0.0,lightgbm,prematch_regression
diff_p1_maximum_zone_centrality_roll5,0.0,lightgbm,prematch_regression
diff_p1_maximum_zone_centrality_roll10,0.0,lightgbm,prematch_regression
diff_p1_mean_zone_centrality_expanding,0.0,lightgbm,prematch_regression
diff_p1_mean_zone_centrality_roll10,0.0,lightgbm,prematch_regression
diff_p1_mean_zone_centrality_roll5,0.0,lightgbm,prematch_regression
diff_p1_mean_zone_centrality_roll3,0.0,lightgbm,prematch_regression
diff_p1_median_zone_leakage_roll10,0.0,lightgbm,prematch_regression
home_event_shots_on_target_roll10,0.0,lightgbm,prematch_regression
home_event_xg_roll10,0.0,lightgbm,prematch_regression
home_event_goals_for_roll10,0.0,lightgbm,prematch_regression
score_diff,0.017071713709942253,random_forest,snapshot_classification
away_score,0.013442570668007641,random_forest,snapshot_classification
prematch_market_prob_H,0.012769553304931866,random_forest,snapshot_classification
prematch_market_prob_A,0.010705004938680924,random_forest,snapshot_classification
home_score,0.009551238767008564,random_forest,snapshot_classification
prematch_diff_p1_mean_zone_leakage_expanding,0.008632670478506422,random_forest,snapshot_classification
prematch_diff_event_goals_for_expanding,0.007484142446365839,random_forest,snapshot_classification
prematch_diff_event_final_third_entries_expanding,0.0058178705993615,random_forest,snapshot_classification
prematch_home_p1_switching_factor_roll10,0.00536016716467519,random_forest,snapshot_classification
prematch_diff_event_fouls_expanding,0.004565956216811349,random_forest,snapshot_classification
prematch_diff_p1_mean_zone_leakage_roll10,0.00412431922996073,random_forest,snapshot_classification
prematch_diff_p1_mean_zone_leakage_roll5,0.003934170776912714,random_forest,snapshot_classification
prematch_diff_p1_switching_factor_roll10,0.0036587472089303894,random_forest,snapshot_classification
prematch_home_p1_mean_zone_leakage_roll5,0.0032398428170695576,random_forest,snapshot_classification
prematch_home_p1_switching_factor_expanding,0.0032364537671607583,random_forest,snapshot_classification
diff_cum_xg,0.003052064022498583,random_forest,snapshot_classification
prematch_diff_p1_median_zone_leakage_roll10,0.0029749362294554933,random_forest,snapshot_classification
prematch_home_event_duels_won_expanding,0.0028129981536416265,random_forest,snapshot_classification
prematch_diff_event_shots_on_target_expanding,0.002790946475686129,random_forest,snapshot_classification
prematch_away_event_final_third_entries_roll10,0.002745116510708605,random_forest,snapshot_classification
prematch_diff_event_shots_on_target_roll5,0.0027041563428064803,random_forest,snapshot_classification
prematch_diff_p1_median_zone_recovery_roll10,0.002695159931695467,random_forest,snapshot_classification
prematch_diff_p1_completed_passes_expanding,0.0025658060747251335,random_forest,snapshot_classification
prematch_diff_event_final_third_entries_roll10,0.002526124446460299,random_forest,snapshot_classification
prematch_away_event_points_expanding,0.0024106154772014104,random_forest,snapshot_classification
prematch_home_p1_mean_zone_leakage_roll10,0.002396712841147144,random_forest,snapshot_classification
prematch_diff_p1_completed_passes_roll10,0.002343572774013797,random_forest,snapshot_classification
prematch_away_p1_maximum_zone_leakage_expanding,0.0022177342750159396,random_forest,snapshot_classification
prematch_diff_event_yellow_cards_expanding,0.002213417555413853,random_forest,snapshot_classification
prematch_diff_p1_median_zone_recovery_roll5,0.0021333605145089484,random_forest,snapshot_classification
prematch_diff_event_points_roll10,0.002100526718981654,random_forest,snapshot_classification
prematch_home_event_interceptions_roll5,0.0020898119394707755,random_forest,snapshot_classification
prematch_diff_event_yellow_cards_roll10,0.0020754284997546602,random_forest,snapshot_classification
prematch_home_p1_median_zone_leakage_roll10,0.00207285846199714,random_forest,snapshot_classification
prematch_away_p1_median_zone_leakage_roll3,0.001983916239560134,random_forest,snapshot_classification
prematch_home_event_fouls_roll5,0.0019481402696034961,random_forest,snapshot_classification
prematch_home_p1_median_zone_leakage_roll3,0.0019359420458115073,random_forest,snapshot_classification
prematch_away_event_yellow_cards_roll5,0.001904776353643936,random_forest,snapshot_classification
prematch_home_event_interceptions_expanding,0.0018238488410536515,random_forest,snapshot_classification
prematch_diff_p1_maximum_zone_leakage_roll10,0.0018215999251550146,random_forest,snapshot_classification
prematch_diff_event_carries_roll5,0.0017986152293793364,random_forest,snapshot_classification
prematch_diff_p1_maximum_zone_leakage_expanding,0.0017873022484657026,random_forest,snapshot_classification
prematch_home_event_fouls_roll10,0.0017857979449862802,random_forest,snapshot_classification
prematch_diff_event_duels_won_roll5,0.0017830596302122312,random_forest,snapshot_classification
prematch_home_event_shots_expanding,0.0017625338604726774,random_forest,snapshot_classification
prematch_diff_p1_mean_zone_recovery_roll5,0.0017282013242424863,random_forest,snapshot_classification
prematch_diff_event_completed_passes_expanding,0.0016970939116870757,random_forest,snapshot_classification
prematch_diff_event_pressures_roll3,0.0016656872741249694,random_forest,snapshot_classification
prematch_home_event_possessions_expanding,0.0015863997019317398,random_forest,snapshot_classification
prematch_diff_p1_median_zone_leakage_expanding,0.0015845267860149896,random_forest,snapshot_classification
prematch_home_event_goals_against_roll10,0.0015656060555347918,random_forest,snapshot_classification
prematch_home_p1_maximum_zone_centrality_expanding,0.0015619372746814757,random_forest,snapshot_classification
prematch_away_event_duels_won_roll3,0.0015518971585317472,random_forest,snapshot_classification
prematch_home_event_final_third_entries_roll5,0.0015417939160851043,random_forest,snapshot_classification
prematch_away_event_possessions_roll10,0.0015366298984263087,random_forest,snapshot_classification
prematch_away_p1_possession_losses_roll5,0.0015267172852451603,random_forest,snapshot_classification
prematch_diff_event_shots_on_target_roll10,0.0015256583482309476,random_forest,snapshot_classification
prematch_diff_event_passes_expanding,0.0015226521092830884,random_forest,snapshot_classification
prematch_home_p1_mean_zone_centrality_roll5,0.0015061505134604824,random_forest,snapshot_classification
prematch_diff_event_carries_expanding,0.0014745637551802878,random_forest,snapshot_classification
prematch_home_p1_mean_zone_recovery_roll10,0.0014707110468557434,random_forest,snapshot_classification
prematch_away_event_goals_for_expanding,0.001449589116392559,random_forest,snapshot_classification
prematch_diff_event_possessions_roll10,0.00144948889651297,random_forest,snapshot_classification
prematch_diff_event_shots_expanding,0.0014440971277075384,random_forest,snapshot_classification
prematch_diff_event_duels_won_roll10,0.0014280544704333043,random_forest,snapshot_classification
prematch_diff_event_fouls_roll10,0.0014235177989488379,random_forest,snapshot_classification
prematch_home_event_red_cards_expanding,0.001418896320134575,random_forest,snapshot_classification
prematch_diff_event_passes_roll5,0.0014136986802286856,random_forest,snapshot_classification
prematch_diff_p1_mean_zone_centrality_expanding,0.0014037309925424683,random_forest,snapshot_classification
prematch_diff_event_yellow_cards_roll3,0.0013988227871747669,random_forest,snapshot_classification
prematch_home_event_passes_roll10,0.0013935479359450673,random_forest,snapshot_classification
prematch_home_event_passes_expanding,0.0013904925130746178,random_forest,snapshot_classification
prematch_diff_event_goals_for_roll10,0.001390470015836137,random_forest,snapshot_classification
prematch_diff_event_carries_roll10,0.0013885509528417269,random_forest,snapshot_classification
prematch_home_p1_median_zone_leakage_roll5,0.001379653979309616,random_forest,snapshot_classification
prematch_away_p1_median_zone_recovery_roll10,0.0013589553289395809,random_forest,snapshot_classification
prematch_home_p1_accumulated_eigenvector_centrality_roll5,0.0013588827603461357,random_forest,snapshot_classification
prematch_home_event_shots_on_target_expanding,0.0013534539800718305,random_forest,snapshot_classification
prematch_market_prob_D,0.0013500743919566626,random_forest,snapshot_classification
prematch_diff_p1_maximum_zone_leakage_roll5,0.001329344984907056,random_forest,snapshot_classification
prematch_diff_event_points_expanding,0.001327116068815632,random_forest,snapshot_classification
prematch_diff_event_yellow_cards_roll5,0.0013150070216942675,random_forest,snapshot_classification
prematch_diff_p1_mean_zone_centrality_roll5,0.0012909557790372127,random_forest,snapshot_classification
prematch_home_p1_switching_factor_roll5,0.0012903388894621747,random_forest,snapshot_classification
prematch_home_event_pressures_roll5,0.0012763690548148133,random_forest,snapshot_classification
prematch_home_event_final_third_entries_roll10,0.0012692515990467322,random_forest,snapshot_classification
prematch_away_event_yellow_cards_roll10,0.0012674355734791079,random_forest,snapshot_classification
prematch_home_p1_maximum_zone_leakage_roll5,0.0012665676140165667,random_forest,snapshot_classification
prematch_diff_p1_maximum_zone_recovery_expanding,0.0012650686915122824,random_forest,snapshot_classification
prematch_away_p1_mean_zone_recovery_roll3,0.0012537964282522708,random_forest,snapshot_classification
prematch_diff_event_interceptions_roll5,0.0012509650655463977,random_forest,snapshot_classification
prematch_home_event_completed_passes_expanding,0.0012467961554978838,random_forest,snapshot_classification
prematch_diff_event_completed_passes_roll3,0.0012455877247146037,random_forest,snapshot_classification
prematch_diff_event_completed_passes_roll10,0.0012415061584660388,random_forest,snapshot_classification
prematch_home_p1_median_zone_leakage_expanding,0.0012353621982086733,random_forest,snapshot_classification
prematch_home_p1_maximum_zone_leakage_roll10,0.0012210571447180386,random_forest,snapshot_classification
prematch_away_p1_median_zone_leakage_expanding,0.0012174950293304958,random_forest,snapshot_classification
prematch_away_event_recoveries_roll3,0.001210939596753183,random_forest,snapshot_classification
prematch_diff_event_xg_roll5,0.001206463489624969,random_forest,snapshot_classification
prematch_home_event_fouls_roll3,0.0012057546921137668,random_forest,snapshot_classification
prematch_diff_event_interceptions_expanding,0.0011814846519469953,random_forest,snapshot_classification
prematch_away_event_yellow_cards_expanding,0.0011704166122482556,random_forest,snapshot_classification
prematch_away_p1_mean_zone_leakage_expanding,0.001158561681230919,random_forest,snapshot_classification
prematch_away_p1_mean_zone_recovery_expanding,0.0011334347008534129,random_forest,snapshot_classification
prematch_calendar_cos,0.0011291820959626528,random_forest,snapshot_classification
prematch_away_event_possessions_roll3,0.0011106175701327155,random_forest,snapshot_classification
prematch_away_p1_matches_played_prior,0.0011091801419913171,random_forest,snapshot_classification
prematch_away_event_fouls_roll5,0.001107151771920799,random_forest,snapshot_classification
prematch_home_event_possessions_roll5,0.0010963880142175295,random_forest,snapshot_classification
prematch_diff_event_recoveries_roll10,0.0010823540689212164,random_forest,snapshot_classification
prematch_away_event_fouls_roll10,0.0010756143489257888,random_forest,snapshot_classification
prematch_away_event_points_roll10,0.001072729622639386,random_forest,snapshot_classification
prematch_away_event_duels_won_expanding,0.0010717738608648601,random_forest,snapshot_classification
prematch_diff_p1_switching_factor_roll5,0.0010608950052484287,random_forest,snapshot_classification
prematch_home_event_yellow_cards_roll10,0.0010547734316927728,random_forest,snapshot_classification
prematch_away_p1_maximum_zone_centrality_roll10,0.001053893887432428,random_forest,snapshot_classification
prematch_diff_event_passes_roll3,0.0010538865333453507,random_forest,snapshot_classification
prematch_home_event_pressures_roll10,0.0010533153620384311,random_forest,snapshot_classification
prematch_away_p1_mean_zone_leakage_roll3,0.0010277992816465555,random_forest,snapshot_classification
prematch_home_event_interceptions_roll10,0.0010272598844416202,random_forest,snapshot_classification
prematch_away_p1_maximum_zone_leakage_roll10,0.0010258164428367733,random_forest,snapshot_classification
prematch_diff_p1_median_zone_recovery_expanding,0.0010255270645050118,random_forest,snapshot_classification
prematch_diff_p1_switching_factor_expanding,0.0010241696066445936,random_forest,snapshot_classification
prematch_home_p1_mean_zone_centrality_roll3,0.0010109324757147176,random_forest,snapshot_classification
prematch_away_p1_mean_zone_recovery_roll5,0.000998186682329125,random_forest,snapshot_classification
prematch_home_p1_mean_zone_centrality_roll10,0.0009947733460257647,random_forest,snapshot_classification
prematch_diff_event_goals_against_expanding,0.0009868300583846883,random_forest,snapshot_classification
prematch_home_event_shots_on_target_roll5,0.000986044363882607,random_forest,snapshot_classification
prematch_home_p1_mean_zone_leakage_expanding,0.0009793276820532794,random_forest,snapshot_classification
prematch_away_event_points_roll3,0.0009772837461210844,random_forest,snapshot_classification
prematch_away_event_final_third_entries_roll3,0.0009638925779143706,random_forest,snapshot_classification
prematch_diff_event_possessions_expanding,0.0009636399644065458,random_forest,snapshot_classification
prematch_home_event_duels_won_roll10,0.0009602219892367443,random_forest,snapshot_classification
prematch_away_event_final_third_entries_expanding,0.0009587314507094836,random_forest,snapshot_classification
prematch_calendar_sin,0.0009579735470285995,random_forest,snapshot_classification
prematch_diff_event_final_third_entries_roll3,0.0009576650232094237,random_forest,snapshot_classification
prematch_diff_p1_possession_losses_roll5,0.0009548240557178141,random_forest,snapshot_classification
away_cum_xg,0.0009546719710455387,random_forest,snapshot_classification
prematch_away_event_xg_roll3,0.0009525431981297584,random_forest,snapshot_classification
prematch_home_event_fouls_expanding,0.0009521829486166526,random_forest,snapshot_classification
prematch_home_p1_maximum_zone_recovery_roll5,0.0009469925741645766,random_forest,snapshot_classification
prematch_away_p1_possession_losses_roll3,0.0009455933901114622,random_forest,snapshot_classification
prematch_diff_p1_possession_recoveries_roll5,0.0009446047016145197,random_forest,snapshot_classification
prematch_away_event_xg_roll10,0.0009446044847711343,random_forest,snapshot_classification
prematch_home_p1_maximum_zone_recovery_expanding,0.0009417365633732884,random_forest,snapshot_classification
prematch_away_event_matches_played_prior,0.0009405621532656203,random_forest,snapshot_classification
prematch_home_p1_mean_zone_leakage_roll3,0.0009377753510013869,random_forest,snapshot_classification
prematch_diff_event_final_third_entries_roll5,0.0009358232456775087,random_forest,snapshot_classification
prematch_home_event_goals_against_expanding,0.000924962888011388,random_forest,snapshot_classification
prematch_diff_p1_completed_passes_roll3,0.0009239728894034769,random_forest,snapshot_classification
prematch_away_p1_median_zone_leakage_roll10,0.0009210804754499461,random_forest,snapshot_classification
prematch_away_event_fouls_roll3,0.0009059060247586552,random_forest,snapshot_classification
prematch_diff_event_pressures_roll5,0.0009052247245312762,random_forest,snapshot_classification
prematch_diff_event_recoveries_roll3,0.0009047780439605813,random_forest,snapshot_classification
prematch_diff_event_xg_roll10,0.0009007308504244422,random_forest,snapshot_classification
prematch_season_progress,0.00089993830488605,random_forest,snapshot_classification
prematch_diff_event_pressures_roll10,0.0008898694905653099,random_forest,snapshot_classification
prematch_home_event_xg_roll3,0.0008886031185403494,random_forest,snapshot_classification
prematch_diff_event_pressures_expanding,0.0008834083028017906,random_forest,snapshot_classification
prematch_away_event_passes_roll10,0.0008781555933162519,random_forest,snapshot_classification
prematch_home_event_completed_passes_roll10,0.0008772003365170785,random_forest,snapshot_classification
prematch_diff_p1_mean_zone_centrality_roll10,0.0008724174511547966,random_forest,snapshot_classification
prematch_diff_p1_accumulated_eigenvector_centrality_expanding,0.0008654893840593584,random_forest,snapshot_classification
prematch_away_p1_mean_zone_recovery_roll10,0.000855408021672161,random_forest,snapshot_classification
prematch_away_event_goals_for_roll10,0.000854782936862448,random_forest,snapshot_classification
prematch_diff_p1_maximum_zone_centrality_roll10,0.0008533481248473717,random_forest,snapshot_classification
prematch_diff_p1_mean_zone_recovery_roll10,0.0008473642072339935,random_forest,snapshot_classification
prematch_home_event_shots_on_target_roll10,0.0008431074073423719,random_forest,snapshot_classification
prematch_home_event_yellow_cards_roll5,0.0008420937521283107,random_forest,snapshot_classification
prematch_home_event_pressures_expanding,0.000834429712092854,random_forest,snapshot_classification
prematch_diff_event_shots_roll3,0.0008317271745886585,random_forest,snapshot_classification
prematch_home_event_duels_won_roll5,0.0008191845411613681,random_forest,snapshot_classification
prematch_away_event_shots_on_target_roll5,0.0008149735152720684,random_forest,snapshot_classification
prematch_home_event_pressures_roll3,0.0008117767275514958,random_forest,snapshot_classification
prematch_diff_p1_maximum_zone_recovery_roll3,0.0008088643662598805,random_forest,snapshot_classification
prematch_away_p1_switching_factor_roll10,0.0008069699399903935,random_forest,snapshot_classification
prematch_away_event_shots_roll10,0.0008048763676199568,random_forest,snapshot_classification
prematch_home_event_xg_expanding,0.0008037802853778697,random_forest,snapshot_classification
prematch_diff_event_passes_roll10,0.0008020581229380896,random_forest,snapshot_classification
prematch_diff_p1_median_zone_leakage_roll5,0.0007982339112043945,random_forest,snapshot_classification
prematch_diff_event_fouls_roll5,0.0007981616868256471,random_forest,snapshot_classification
prematch_diff_event_red_cards_expanding,0.0007899974159261046,random_forest,snapshot_classification
prematch_away_event_duels_won_roll10,0.0007898581531838992,random_forest,snapshot_classification
prematch_home_p1_accumulated_eigenvector_centrality_roll3,0.0007893731344501115,random_forest,snapshot_classification
prematch_home_p1_switching_factor_roll3,0.0007870494873049403,random_forest,snapshot_classification
prematch_away_event_goals_for_roll5,0.0007862285898501164,random_forest,snapshot_classification
prematch_away_p1_maximum_zone_leakage_roll5,0.0007852420899587133,random_forest,snapshot_classification
prematch_diff_event_completed_passes_roll5,0.0007843041640363107,random_forest,snapshot_classification
prematch_away_p1_maximum_zone_recovery_roll3,0.0007765220168741059,random_forest,snapshot_classification
prematch_home_p1_rest_days,0.0007715653586982565,random_forest,snapshot_classification
prematch_diff_p1_possession_recoveries_roll10,0.0007648162487190871,random_forest,snapshot_classification
prematch_home_p1_maximum_zone_leakage_roll3,0.0007646185591803894,random_forest,snapshot_classification
prematch_home_p1_possession_losses_roll3,0.0007615555683909351,random_forest,snapshot_classification
prematch_diff_p1_mean_zone_recovery_roll3,0.0007592261707263664,random_forest,snapshot_classification
prematch_away_event_shots_on_target_expanding,0.0007550723128986222,random_forest,snapshot_classification
prematch_away_p1_median_zone_recovery_roll5,0.0007534230978711541,random_forest,snapshot_classification
prematch_diff_p1_possession_losses_roll10,0.000750746997666198,random_forest,snapshot_classification
prematch_diff_p1_switching_factor_roll3,0.0007493869783542878,random_forest,snapshot_classification
prematch_away_p1_completed_passes_roll3,0.0007397946362019809,random_forest,snapshot_classification
prematch_home_event_xg_roll10,0.0007383748358961854,random_forest,snapshot_classification
prematch_home_event_xg_roll5,0.000738140877645948,random_forest,snapshot_classification
prematch_diff_p1_accumulated_eigenvector_centrality_roll5,0.0007269238107253705,random_forest,snapshot_classification
prematch_diff_event_goals_against_roll10,0.0007253190630643498,random_forest,snapshot_classification
prematch_home_event_yellow_cards_expanding,0.0007244813508008254,random_forest,snapshot_classification
prematch_away_event_shots_on_target_roll10,0.000724067543050381,random_forest,snapshot_classification
prematch_diff_event_xg_expanding,0.0007232826231748906,random_forest,snapshot_classification
prematch_diff_event_xg_roll3,0.000718977069011185,random_forest,snapshot_classification
prematch_diff_event_goals_for_roll5,0.0007159945444216255,random_forest,snapshot_classification
prematch_away_p1_mean_zone_leakage_roll5,0.0007114442524018188,random_forest,snapshot_classification
prematch_home_p1_maximum_zone_centrality_roll5,0.0006934799600479897,random_forest,snapshot_classification
prematch_home_p1_maximum_zone_centrality_roll10,0.0006933643961020851,random_forest,snapshot_classification
prematch_home_p1_completed_passes_roll10,0.0006904580845548495,random_forest,snapshot_classification
prematch_home_event_recoveries_roll3,0.0006888194523865895,random_forest,snapshot_classification
prematch_away_p1_median_zone_recovery_expanding,0.0006854351209182885,random_forest,snapshot_classification
prematch_diff_event_carries_roll3,0.0006834317026313715,random_forest,snapshot_classification
prematch_away_p1_median_zone_recovery_roll3,0.0006771281568592205,random_forest,snapshot_classification
prematch_away_p1_possession_recoveries_roll3,0.0006715357055649861,random_forest,snapshot_classification
prematch_away_p1_accumulated_eigenvector_centrality_expanding,0.0006645319572651281,random_forest,snapshot_classification
prematch_home_event_points_roll5,0.0006622530803632999,random_forest,snapshot_classification
prematch_away_p1_switching_factor_expanding,0.0006597729404771734,random_forest,snapshot_classification
prematch_diff_p1_mean_zone_centrality_roll3,0.000659617903712606,random_forest,snapshot_classification
prematch_away_event_interceptions_expanding,0.0006583198547327329,random_forest,snapshot_classification
prematch_away_event_points_roll5,0.0006578464173900617,random_forest,snapshot_classification
prematch_diff_event_possessions_roll3,0.0006562810860493592,random_forest,snapshot_classification
prematch_diff_p1_accumulated_eigenvector_centrality_roll10,0.0006469355072115314,random_forest,snapshot_classification
prematch_diff_p1_possession_losses_roll3,0.0006465541449255905,random_forest,snapshot_classification
prematch_diff_event_recoveries_roll5,0.0006462097248153694,random_forest,snapshot_classification
prematch_away_event_possessions_expanding,0.0006460872652895124,random_forest,snapshot_classification
prematch_home_event_possessions_roll10,0.0006404428023152468,random_forest,snapshot_classification
prematch_diff_event_possessions_roll5,0.0006374084580463314,random_forest,snapshot_classification
prematch_diff_event_goals_against_roll3,0.0006368252961383081,random_forest,snapshot_classification
prematch_away_event_goals_against_expanding,0.0006351935488231697,random_forest,snapshot_classification
prematch_away_event_carries_roll10,0.0006322331800393793,random_forest,snapshot_classification
prematch_away_event_completed_passes_expanding,0.0006251065455122909,random_forest,snapshot_classification
prematch_home_event_shots_roll5,0.0006215585793595913,random_forest,snapshot_classification
prematch_diff_p1_maximum_zone_centrality_roll3,0.0006201376149461821,random_forest,snapshot_classification
prematch_away_event_xg_expanding,0.0006187061001029762,random_forest,snapshot_classification
prematch_diff_event_duels_won_expanding,0.0006178381075499589,random_forest,snapshot_classification
prematch_home_p1_maximum_zone_recovery_roll10,0.0006173488715003848,random_forest,snapshot_classification
prematch_away_p1_maximum_zone_centrality_roll3,0.0006166008914371259,random_forest,snapshot_classification
prematch_diff_event_red_cards_roll10,0.0006162500831276151,random_forest,snapshot_classification
prematch_diff_event_fouls_roll3,0.0006150705202491395,random_forest,snapshot_classification
prematch_away_p1_maximum_zone_leakage_roll3,0.0006126902678936431,random_forest,snapshot_classification
prematch_diff_p1_maximum_zone_leakage_roll3,0.0006119410666327055,random_forest,snapshot_classification
prematch_home_p1_maximum_zone_recovery_roll3,0.0006074939921835775,random_forest,snapshot_classification
prematch_diff_p1_maximum_zone_recovery_roll10,0.0006063577496571742,random_forest,snapshot_classification
prematch_home_p1_accumulated_eigenvector_centrality_roll10,0.0006044995909293516,random_forest,snapshot_classification
prematch_home_p1_completed_passes_expanding,0.0006034628880999896,random_forest,snapshot_classification
prematch_diff_p1_accumulated_eigenvector_centrality_roll3,0.000599450910877905,random_forest,snapshot_classification
prematch_away_event_recoveries_roll5,0.0005987041526728479,random_forest,snapshot_classification
prematch_home_p1_maximum_zone_centrality_roll3,0.000598156368097957,random_forest,snapshot_classification
prematch_away_event_shots_roll3,0.0005949234847858556,random_forest,snapshot_classification
prematch_away_event_fouls_expanding,0.000594544273102674,random_forest,snapshot_classification
home_cum_xg,0.0005944498713426816,random_forest,snapshot_classification
prematch_home_p1_possession_losses_expanding,0.0005942064297215559,random_forest,snapshot_classification
prematch_diff_event_duels_won_roll3,0.0005933028538280759,random_forest,snapshot_classification
prematch_away_event_passes_roll5,0.0005883695285988417,random_forest,snapshot_classification
prematch_diff_p1_median_zone_recovery_roll3,0.000587057866319958,random_forest,snapshot_classification
prematch_home_p1_mean_zone_recovery_expanding,0.0005849275192748675,random_forest,snapshot_classification
prematch_home_p1_matches_played_prior,0.0005803917563838273,random_forest,snapshot_classification
prematch_away_event_duels_won_roll5,0.0005802916942113641,random_forest,snapshot_classification
prematch_diff_p1_mean_zone_leakage_roll3,0.0005785670686029159,random_forest,snapshot_classification
prematch_diff_p1_completed_passes_roll5,0.0005772101724756174,random_forest,snapshot_classification
prematch_home_p1_mean_zone_centrality_expanding,0.0005762259024359758,random_forest,snapshot_classification
prematch_home_p1_maximum_zone_leakage_expanding,0.0005760063417454764,random_forest,snapshot_classification
prematch_diff_event_shots_roll10,0.0005711598566918527,random_forest,snapshot_classification
prematch_away_event_yellow_cards_roll3,0.0005708357765631699,random_forest,snapshot_classification
prematch_away_event_red_cards_expanding,0.0005653235857605513,random_forest,snapshot_classification
prematch_home_event_final_third_entries_expanding,0.0005643657177541166,random_forest,snapshot_classification
prematch_away_p1_maximum_zone_centrality_expanding,0.0005629807132952397,random_forest,snapshot_classification
prematch_diff_event_interceptions_roll10,0.0005446753145635488,random_forest,snapshot_classification
prematch_away_p1_accumulated_eigenvector_centrality_roll3,0.0005383118534295439,random_forest,snapshot_classification
prematch_home_event_points_roll3,0.0005347498845625129,random_forest,snapshot_classification
prematch_diff_event_shots_on_target_roll3,0.0005299868330566635,random_forest,snapshot_classification
prematch_away_p1_mean_zone_centrality_roll5,0.0005264668292042079,random_forest,snapshot_classification
prematch_away_event_carries_expanding,0.0005259126534404417,random_forest,snapshot_classification
prematch_bookie_margin,0.0005254765866452692,random_forest,snapshot_classification
prematch_away_p1_maximum_zone_recovery_roll10,0.0005236821237027687,random_forest,snapshot_classification
prematch_diff_event_red_cards_roll5,0.0005235823497645505,random_forest,snapshot_classification
prematch_away_p1_possession_recoveries_roll5,0.0005218743764071568,random_forest,snapshot_classification
prematch_away_p1_accumulated_eigenvector_centrality_roll5,0.0005189696306333341,random_forest,snapshot_classification
prematch_away_p1_accumulated_eigenvector_centrality_roll10,0.0005188932051791846,random_forest,snapshot_classification
prematch_away_p1_maximum_zone_recovery_roll5,0.0005179143091816994,random_forest,snapshot_classification
prematch_away_event_carries_roll3,0.0005133912454665748,random_forest,snapshot_classification
prematch_home_event_completed_passes_roll3,0.0005115834444194222,random_forest,snapshot_classification
prematch_away_p1_possession_recoveries_roll10,0.0005069129030152618,random_forest,snapshot_classification
prematch_diff_event_goals_for_roll3,0.0005054679340313493,random_forest,snapshot_classification
prematch_diff_p1_maximum_zone_recovery_roll5,0.0005042940689252613,random_forest,snapshot_classification
prematch_away_event_possessions_roll5,0.0005015551724892087,random_forest,snapshot_classification
prematch_diff_event_shots_roll5,0.0004989978657044298,random_forest,snapshot_classification
prematch_home_p1_possession_recoveries_expanding,0.0004946937592368097,random_forest,snapshot_classification
prematch_diff_p1_maximum_zone_centrality_expanding,0.0004946188682579621,random_forest,snapshot_classification
prematch_home_event_passes_roll3,0.0004939809234316259,random_forest,snapshot_classification
prematch_home_p1_completed_passes_roll3,0.0004908598561690199,random_forest,snapshot_classification
prematch_home_event_points_expanding,0.0004901162665684288,random_forest,snapshot_classification
prematch_diff_p1_possession_recoveries_roll3,0.0004889240102494058,random_forest,snapshot_classification
prematch_home_p1_mean_zone_recovery_roll5,0.0004844204495286346,random_forest,snapshot_classification
prematch_home_p1_possession_recoveries_roll3,0.00047919339253957673,random_forest,snapshot_classification
prematch_away_event_interceptions_roll3,0.0004759316807042423,random_forest,snapshot_classification
prematch_away_event_passes_expanding,0.0004747570426210402,random_forest,snapshot_classification
prematch_home_p1_possession_recoveries_roll5,0.00047443457352249515,random_forest,snapshot_classification
prematch_home_event_yellow_cards_roll3,0.0004706693688117095,random_forest,snapshot_classification
prematch_home_event_shots_roll3,0.0004663843944421226,random_forest,snapshot_classification
prematch_diff_event_points_roll5,0.0004662580645380422,random_forest,snapshot_classification
prematch_away_event_shots_expanding,0.00046571029673100954,random_forest,snapshot_classification
prematch_home_event_red_cards_roll10,0.00046382591550148984,random_forest,snapshot_classification
prematch_away_event_rest_days,0.00046087795054365464,random_forest,snapshot_classification
prematch_away_event_goals_against_roll10,0.0004520889428699267,random_forest,snapshot_classification
prematch_away_p1_median_zone_leakage_roll5,0.0004473789856054448,random_forest,snapshot_classification
prematch_home_event_goals_against_roll5,0.0004468472185427357,random_forest,snapshot_classification
prematch_home_event_recoveries_roll10,0.00044333613847594703,random_forest,snapshot_classification
prematch_away_p1_possession_losses_expanding,0.0004413003610608994,random_forest,snapshot_classification
prematch_home_event_points_roll10,0.0004401615081831235,random_forest,snapshot_classification
prematch_away_event_goals_against_roll3,0.0004389469379384869,random_forest,snapshot_classification
prematch_home_event_matches_played_prior,0.00043576342270861695,random_forest,snapshot_classification
prematch_home_event_goals_for_roll10,0.0004356397841059528,random_forest,snapshot_classification
prematch_home_p1_median_zone_recovery_roll3,0.0004347415112438882,random_forest,snapshot_classification
prematch_away_p1_rest_days,0.00043451202554346813,random_forest,snapshot_classification
prematch_away_event_pressures_expanding,0.00043337987690444805,random_forest,snapshot_classification
prematch_home_p1_median_zone_recovery_expanding,0.00042482348210249845,random_forest,snapshot_classification
prematch_away_p1_mean_zone_centrality_expanding,0.00040915818699130684,random_forest,snapshot_classification
prematch_diff_p1_possession_recoveries_expanding,0.00040891623927425655,random_forest,snapshot_classification
prematch_away_p1_maximum_zone_centrality_roll5,0.00039817184335115086,random_forest,snapshot_classification
prematch_away_p1_mean_zone_centrality_roll3,0.0003959329091543824,random_forest,snapshot_classification
prematch_home_event_passes_roll5,0.00039303856999294543,random_forest,snapshot_classification
prematch_diff_p1_maximum_zone_centrality_roll5,0.0003924268764084244,random_forest,snapshot_classification
prematch_home_p1_completed_passes_roll5,0.0003863708240504287,random_forest,snapshot_classification
prematch_away_event_shots_roll5,0.00038498976624764067,random_forest,snapshot_classification
prematch_away_event_pressures_roll10,0.0003838993221561025,random_forest,snapshot_classification
prematch_home_event_rest_days,0.00038304441614727785,random_forest,snapshot_classification
prematch_home_event_carries_roll3,0.0003826335075786405,random_forest,snapshot_classification
prematch_away_event_passes_roll3,0.00038120439241094034,random_forest,snapshot_classification
prematch_home_event_shots_on_target_roll3,0.00038040647621356073,random_forest,snapshot_classification
prematch_diff_p1_mean_zone_recovery_expanding,0.0003777709275289244,random_forest,snapshot_classification
prematch_away_p1_maximum_zone_recovery_expanding,0.00037644314427835317,random_forest,snapshot_classification
prematch_away_event_completed_passes_roll3,0.0003759992220671515,random_forest,snapshot_classification
prematch_home_event_recoveries_expanding,0.000373938016506159,random_forest,snapshot_classification
prematch_home_p1_possession_losses_roll5,0.000373308167656281,random_forest,snapshot_classification
prematch_away_event_completed_passes_roll5,0.00037325479840333623,random_forest,snapshot_classification
prematch_away_p1_mean_zone_centrality_roll10,0.00036921986712431344,random_forest,snapshot_classification
prematch_away_event_completed_passes_roll10,0.0003680373719950229,random_forest,snapshot_classification
prematch_diff_event_interceptions_roll3,0.00036668001385909706,random_forest,snapshot_classification
prematch_home_event_duels_won_roll3,0.0003593602563452978,random_forest,snapshot_classification
prematch_home_event_completed_passes_roll5,0.00035743130127435617,random_forest,snapshot_classification
prematch_diff_p1_possession_losses_expanding,0.00035490380969742955,random_forest,snapshot_classification
prematch_away_p1_completed_passes_expanding,0.0003546125510781935,random_forest,snapshot_classification
prematch_diff_p1_median_zone_leakage_roll3,0.00035423063916773006,random_forest,snapshot_classification
prematch_away_event_recoveries_roll10,0.00035099852992107516,random_forest,snapshot_classification
prematch_home_event_possessions_roll3,0.0003491163955191807,random_forest,snapshot_classification
prematch_diff_event_points_roll3,0.0003488682203448274,random_forest,snapshot_classification
prematch_home_p1_accumulated_eigenvector_centrality_expanding,0.0003465484517023222,random_forest,snapshot_classification
prematch_away_p1_possession_losses_roll10,0.0003431368023310062,random_forest,snapshot_classification
prematch_home_event_interceptions_roll3,0.0003415076096902914,random_forest,snapshot_classification
prematch_away_event_pressures_roll3,0.00033768855242829007,random_forest,snapshot_classification
prematch_home_p1_possession_losses_roll10,0.0003366513224538259,random_forest,snapshot_classification
prematch_home_p1_mean_zone_recovery_roll3,0.0003338405392971652,random_forest,snapshot_classification
prematch_away_event_final_third_entries_roll5,0.0003283336055844191,random_forest,snapshot_classification
prematch_away_event_carries_roll5,0.00032776858706685556,random_forest,snapshot_classification
prematch_home_event_recoveries_roll5,0.0003142737341562397,random_forest,snapshot_classification
prematch_home_event_carries_roll5,0.0003120999542444631,random_forest,snapshot_classification
prematch_away_event_goals_for_roll3,0.00031141430363003695,random_forest,snapshot_classification
prematch_home_event_goals_for_roll3,0.00030683357617429643,random_forest,snapshot_classification
prematch_away_event_shots_on_target_roll3,0.0003020695043660809,random_forest,snapshot_classification
prematch_home_p1_possession_recoveries_roll10,0.00030101808173796433,random_forest,snapshot_classification
prematch_home_p1_median_zone_recovery_roll5,0.0002979030914429592,random_forest,snapshot_classification
prematch_diff_event_recoveries_expanding,0.0002967509517843952,random_forest,snapshot_classification
prematch_away_p1_completed_passes_roll10,0.0002901417085620884,random_forest,snapshot_classification
prematch_home_event_carries_expanding,0.00028800361750428273,random_forest,snapshot_classification
prematch_away_p1_switching_factor_roll5,0.00027821343989631276,random_forest,snapshot_classification
prematch_home_event_shots_roll10,0.0002778582379659296,random_forest,snapshot_classification
prematch_away_p1_completed_passes_roll5,0.0002711707335041876,random_forest,snapshot_classification
prematch_away_event_interceptions_roll10,0.0002689518319418251,random_forest,snapshot_classification
prematch_home_event_final_third_entries_roll3,0.000264659891128854,random_forest,snapshot_classification
prematch_home_event_carries_roll10,0.00026462558591071073,random_forest,snapshot_classification
prematch_home_event_goals_for_expanding,0.00025816839883400323,random_forest,snapshot_classification
prematch_home_event_goals_for_roll5,0.00024641332813571376,random_forest,snapshot_classification
prematch_away_event_goals_against_roll5,0.0002456363606940734,random_forest,snapshot_classification
prematch_away_event_red_cards_roll10,0.0002442565281700481,random_forest,snapshot_classification
prematch_away_p1_possession_recoveries_expanding,0.00024226028585706247,random_forest,snapshot_classification
prematch_away_event_xg_roll5,0.0002398950065254566,random_forest,snapshot_classification
prematch_away_event_pressures_roll5,0.00023950895186957625,random_forest,snapshot_classification
prematch_diff_event_red_cards_roll3,0.00022997675468193528,random_forest,snapshot_classification
prematch_home_event_goals_against_roll3,0.00022943418736867845,random_forest,snapshot_classification
prematch_away_event_red_cards_roll5,0.00022516075279171535,random_forest,snapshot_classification
prematch_away_p1_mean_zone_leakage_roll10,0.00022022884796713823,random_forest,snapshot_classification
prematch_diff_event_goals_against_roll5,0.00021385576937871803,random_forest,snapshot_classification
prematch_home_event_red_cards_roll3,0.00018744242314629696,random_forest,snapshot_classification
prematch_home_p1_median_zone_recovery_roll10,0.00018314409152891682,random_forest,snapshot_classification
prematch_away_event_interceptions_roll5,0.00017861742211117593,random_forest,snapshot_classification
home_cum_pressures,0.00017481840292540675,random_forest,snapshot_classification
home_cum_recoveries,0.00015735880019429298,random_forest,snapshot_classification
home_cum_interceptions,0.00014196649731817846,random_forest,snapshot_classification
prematch_diff_p1_rest_days,0.0001361070650699973,random_forest,snapshot_classification
diff_cum_completed_passes,0.00013461014681670586,random_forest,snapshot_classification
prematch_away_p1_switching_factor_roll3,0.00011556310397014755,random_forest,snapshot_classification
prematch_diff_event_rest_days,0.00011511605188308763,random_forest,snapshot_classification
away_cum_interceptions,0.00011010199227432681,random_forest,snapshot_classification
diff_cum_recoveries,0.0001057156663677737,random_forest,snapshot_classification
prematch_away_event_recoveries_expanding,0.00010105143492004309,random_forest,snapshot_classification
diff_cum_pressures,9.818445550784543e-05,random_forest,snapshot_classification
diff_cum_fouls,7.784755672349925e-05,random_forest,snapshot_classification
away_cum_yellow_cards,6.94854277754077e-05,random_forest,snapshot_classification
diff_cum_interceptions,6.798688201691389e-05,random_forest,snapshot_classification
diff_recent10_completed_passes,6.753042530529971e-05,random_forest,snapshot_classification
home_recent10_completed_passes,4.807980121803536e-05,random_forest,snapshot_classification
match_fraction,4.753507495193726e-05,random_forest,snapshot_classification
diff_cum_passes,4.536089187068388e-05,random_forest,snapshot_classification
home_cum_fouls,4.0115403504328906e-05,random_forest,snapshot_classification
away_cum_recoveries,3.972288662280858e-05,random_forest,snapshot_classification
diff_cum_final_third_entries,3.705330628928952e-05,random_forest,snapshot_classification
home_cum_yellow_cards,3.7003091599843383e-05,random_forest,snapshot_classification
home_recent10_xg,3.646484511441176e-05,random_forest,snapshot_classification
away_cum_completed_passes,3.624213945478463e-05,random_forest,snapshot_classification
diff_recent10_pressures,3.574704781753456e-05,random_forest,snapshot_classification
diff_cum_shots,3.148927962777296e-05,random_forest,snapshot_classification
prematch_away_event_red_cards_roll3,3.0921011563289433e-05,random_forest,snapshot_classification
home_cum_shots,3.0048526004267697e-05,random_forest,snapshot_classification
away_cum_passes,3.004628662430098e-05,random_forest,snapshot_classification
away_recent10_final_third_entries,2.983773439832655e-05,random_forest,snapshot_classification
home_cum_passes,2.8784615816581794e-05,random_forest,snapshot_classification
home_cum_carries,2.6764600640514444e-05,random_forest,snapshot_classification
diff_recent10_fouls,2.57356393560293e-05,random_forest,snapshot_classification
diff_recent10_carries,2.456975558832124e-05,random_forest,snapshot_classification
prematch_diff_event_matches_played_prior,2.4102457958218447e-05,random_forest,snapshot_classification
away_cum_final_third_entries,2.289925772210041e-05,random_forest,snapshot_classification
home_recent10_passes,2.2796483593958935e-05,random_forest,snapshot_classification
away_recent5_final_third_entries,2.256098887043067e-05,random_forest,snapshot_classification
away_cum_fouls,2.2373675839022967e-05,random_forest,snapshot_classification
diff_cum_yellow_cards,2.0999948270403654e-05,random_forest,snapshot_classification
away_recent5_passes,2.0761243404473768e-05,random_forest,snapshot_classification
home_cum_completed_passes,2.015063485199333e-05,random_forest,snapshot_classification
away_recent10_pressures,1.8973465916443467e-05,random_forest,snapshot_classification
away_cum_pressures,1.8259660966232392e-05,random_forest,snapshot_classification
diff_cum_carries,1.8201573280415504e-05,random_forest,snapshot_classification
away_recent5_completed_passes,1.7639971622174422e-05,random_forest,snapshot_classification
away_recent5_carries,1.7568554563698428e-05,random_forest,snapshot_classification
away_cum_carries,1.7230020901192784e-05,random_forest,snapshot_classification
home_recent10_carries,1.6780733584495574e-05,random_forest,snapshot_classification
diff_recent5_final_third_entries,1.6509593573389107e-05,random_forest,snapshot_classification
diff_recent10_final_third_entries,1.632614269599067e-05,random_forest,snapshot_classification
home_recent10_final_third_entries,1.6080307817347924e-05,random_forest,snapshot_classification
diff_recent10_passes,1.503053864103229e-05,random_forest,snapshot_classification
home_recent10_pressures,1.4702197142680845e-05,random_forest,snapshot_classification
prematch_home_event_red_cards_roll5,1.3740711809581415e-05,random_forest,snapshot_classification
away_recent5_pressures,1.3428522319044076e-05,random_forest,snapshot_classification
diff_recent5_carries,1.3268607400544142e-05,random_forest,snapshot_classification
away_recent10_completed_passes,1.1862311373481531e-05,random_forest,snapshot_classification
home_recent5_completed_passes,1.1697835647249451e-05,random_forest,snapshot_classification
prematch_diff_p1_matches_played_prior,1.043701286713522e-05,random_forest,snapshot_classification
diff_cum_red_cards,9.225476366266746e-06,random_forest,snapshot_classification
home_cum_red_cards,8.861641210625714e-06,random_forest,snapshot_classification
away_recent10_passes,8.184130771764557e-06,random_forest,snapshot_classification
home_recent5_passes,7.549617837005662e-06,random_forest,snapshot_classification
home_recent10_recoveries,6.844665682981022e-06,random_forest,snapshot_classification
away_recent10_recoveries,6.330227313111849e-06,random_forest,snapshot_classification
home_recent5_xg,6.245433100076675e-06,random_forest,snapshot_classification
home_recent10_fouls,6.149893716229019e-06,random_forest,snapshot_classification
away_recent10_fouls,5.864161162500264e-06,random_forest,snapshot_classification
diff_recent5_interceptions,5.735800587819531e-06,random_forest,snapshot_classification
away_recent10_xg,4.658816437808457e-06,random_forest,snapshot_classification
away_recent10_interceptions,4.399784933092998e-06,random_forest,snapshot_classification
home_recent5_carries,3.894536918687327e-06,random_forest,snapshot_classification
diff_recent5_recoveries,3.835719300818881e-06,random_forest,snapshot_classification
diff_recent5_passes,3.465878199922626e-06,random_forest,snapshot_classification
diff_recent5_completed_passes,3.005543967283468e-06,random_forest,snapshot_classification
home_recent10_shots,2.6519815356758944e-06,random_forest,snapshot_classification
home_recent5_final_third_entries,2.3934670497506853e-06,random_forest,snapshot_classification
away_recent5_shots,2.198129351082957e-06,random_forest,snapshot_classification
home_cum_final_third_entries,1.882234827365254e-06,random_forest,snapshot_classification
diff_recent5_yellow_cards,1.057626244103002e-06,random_forest,snapshot_classification
diff_recent10_recoveries,7.297102276209677e-07,random_forest,snapshot_classification
diff_recent10_interceptions,5.737661602283501e-07,random_forest,snapshot_classification
away_recent5_recoveries,5.501151812176332e-07,random_forest,snapshot_classification
away_recent5_xg,5.350383809961346e-07,random_forest,snapshot_classification
home_recent10_interceptions,0.0,random_forest,snapshot_classification
home_recent5_recoveries,0.0,random_forest,snapshot_classification
home_recent5_pressures,0.0,random_forest,snapshot_classification
home_recent5_interceptions,0.0,random_forest,snapshot_classification
home_in_possession,0.0,random_forest,snapshot_classification
diff_recent5_fouls,0.0,random_forest,snapshot_classification
diff_recent10_shots,0.0,random_forest,snapshot_classification
diff_recent5_red_cards,0.0,random_forest,snapshot_classification
diff_recent5_pressures,0.0,random_forest,snapshot_classification
phase_first_half,0.0,random_forest,snapshot_classification
diff_recent10_xg,0.0,random_forest,snapshot_classification
diff_recent10_yellow_cards,0.0,random_forest,snapshot_classification
diff_recent10_red_cards,0.0,random_forest,snapshot_classification
phase_halftime,0.0,random_forest,snapshot_classification
diff_recent5_xg,0.0,random_forest,snapshot_classification
phase_late,0.0,random_forest,snapshot_classification
diff_recent5_shots,0.0,random_forest,snapshot_classification
away_recent10_shots,0.0,random_forest,snapshot_classification
away_recent10_carries,0.0,random_forest,snapshot_classification
away_recent5_fouls,0.0,random_forest,snapshot_classification
away_recent5_yellow_cards,0.0,random_forest,snapshot_classification
away_recent10_yellow_cards,0.0,random_forest,snapshot_classification
away_cum_red_cards,0.0,random_forest,snapshot_classification
away_recent5_red_cards,0.0,random_forest,snapshot_classification
away_recent10_red_cards,0.0,random_forest,snapshot_classification
away_recent5_interceptions,0.0,random_forest,snapshot_classification
home_recent10_yellow_cards,0.0,random_forest,snapshot_classification
home_recent5_fouls,0.0,random_forest,snapshot_classification
home_recent5_yellow_cards,0.0,random_forest,snapshot_classification
home_recent5_red_cards,0.0,random_forest,snapshot_classification
home_recent10_red_cards,0.0,random_forest,snapshot_classification
away_cum_shots,0.0,random_forest,snapshot_classification
home_recent5_shots,0.0,random_forest,snapshot_classification
score_diff,0.3705170452594757,xgboost,snapshot_classification
prematch_market_prob_A,0.23221838474273682,xgboost,snapshot_classification
prematch_market_prob_H,0.07395655661821365,xgboost,snapshot_classification
prematch_home_event_goals_against_roll10,0.04700421914458275,xgboost,snapshot_classification
prematch_home_event_duels_won_expanding,0.04142440855503082,xgboost,snapshot_classification
prematch_home_event_final_third_entries_roll10,0.037073761224746704,xgboost,snapshot_classification
prematch_diff_p1_median_zone_leakage_roll5,0.034532494843006134,xgboost,snapshot_classification
prematch_home_event_duels_won_roll10,0.0312363151460886,xgboost,snapshot_classification
prematch_diff_p1_mean_zone_leakage_expanding,0.030548984184861183,xgboost,snapshot_classification
prematch_away_p1_mean_zone_recovery_roll10,0.02790917456150055,xgboost,snapshot_classification
prematch_away_event_final_third_entries_roll3,0.023107510060071945,xgboost,snapshot_classification
prematch_diff_p1_mean_zone_recovery_roll5,0.02098265290260315,xgboost,snapshot_classification
prematch_away_event_possessions_roll10,0.020946703851222992,xgboost,snapshot_classification
away_score,0.02085602656006813,xgboost,snapshot_classification
prematch_away_p1_mean_zone_recovery_roll3,0.020364467054605484,xgboost,snapshot_classification
prematch_diff_event_yellow_cards_roll5,0.019719548523426056,xgboost,snapshot_classification
prematch_home_event_final_third_entries_roll5,0.01936042308807373,xgboost,snapshot_classification
prematch_diff_event_yellow_cards_roll10,0.018871309235692024,xgboost,snapshot_classification
away_cum_xg,0.018494000658392906,xgboost,snapshot_classification
prematch_away_event_final_third_entries_roll10,0.018124179914593697,xgboost,snapshot_classification
prematch_home_event_duels_won_roll3,0.018033357337117195,xgboost,snapshot_classification
prematch_home_event_interceptions_roll3,0.017781104892492294,xgboost,snapshot_classification
prematch_home_event_interceptions_roll10,0.017026422545313835,xgboost,snapshot_classification
prematch_home_event_yellow_cards_roll10,0.01679105870425701,xgboost,snapshot_classification
prematch_home_event_fouls_roll5,0.016761023551225662,xgboost,snapshot_classification
prematch_home_event_interceptions_expanding,0.01626465655863285,xgboost,snapshot_classification
prematch_away_event_shots_roll3,0.014264038763940334,xgboost,snapshot_classification
prematch_home_event_fouls_roll3,0.014050248079001904,xgboost,snapshot_classification
prematch_home_event_goals_against_expanding,0.013366707600653172,xgboost,snapshot_classification
prematch_diff_p1_median_zone_leakage_expanding,0.013262736611068249,xgboost,snapshot_classification
prematch_away_event_carries_expanding,0.013195446692407131,xgboost,snapshot_classification
prematch_diff_event_final_third_entries_expanding,0.012734364718198776,xgboost,snapshot_classification
prematch_home_event_goals_against_roll5,0.012573949061334133,xgboost,snapshot_classification
home_score,0.01256544142961502,xgboost,snapshot_classification
prematch_diff_p1_maximum_zone_leakage_expanding,0.011786717921495438,xgboost,snapshot_classification
prematch_home_p1_median_zone_leakage_roll3,0.01171234343200922,xgboost,snapshot_classification
prematch_away_p1_mean_zone_recovery_expanding,0.01149500347673893,xgboost,snapshot_classification
prematch_diff_p1_median_zone_recovery_roll3,0.011395366862416267,xgboost,snapshot_classification
prematch_home_event_pressures_roll5,0.011204294860363007,xgboost,snapshot_classification
prematch_diff_event_pressures_roll5,0.011148850433528423,xgboost,snapshot_classification
prematch_home_event_fouls_roll10,0.011008870787918568,xgboost,snapshot_classification
prematch_away_event_fouls_roll3,0.010473886504769325,xgboost,snapshot_classification
prematch_diff_event_goals_for_expanding,0.010368792340159416,xgboost,snapshot_classification
prematch_away_p1_maximum_zone_leakage_roll5,0.010188213549554348,xgboost,snapshot_classification
prematch_diff_event_carries_expanding,0.009879062883555889,xgboost,snapshot_classification
diff_cum_xg,0.00987322349101305,xgboost,snapshot_classification
prematch_diff_event_xg_roll3,0.009749938733875751,xgboost,snapshot_classification
prematch_diff_event_pressures_expanding,0.009361818432807922,xgboost,snapshot_classification
prematch_home_p1_median_zone_leakage_roll10,0.009198945015668869,xgboost,snapshot_classification
prematch_diff_event_shots_on_target_expanding,0.009193037636578083,xgboost,snapshot_classification
prematch_market_prob_D,0.008902236819267273,xgboost,snapshot_classification
prematch_diff_event_final_third_entries_roll3,0.008570621721446514,xgboost,snapshot_classification
prematch_home_event_final_third_entries_expanding,0.008094857446849346,xgboost,snapshot_classification
prematch_home_event_possessions_roll10,0.007968872785568237,xgboost,snapshot_classification
prematch_diff_p1_switching_factor_roll3,0.007795952260494232,xgboost,snapshot_classification
prematch_diff_p1_maximum_zone_leakage_roll5,0.007679572328925133,xgboost,snapshot_classification
prematch_diff_event_fouls_roll3,0.007656405679881573,xgboost,snapshot_classification
prematch_home_event_goals_for_roll3,0.007473713252693415,xgboost,snapshot_classification
prematch_diff_p1_maximum_zone_centrality_roll10,0.0073781246319413185,xgboost,snapshot_classification
prematch_away_event_points_expanding,0.007310883142054081,xgboost,snapshot_classification
prematch_away_p1_median_zone_leakage_roll3,0.00713631696999073,xgboost,snapshot_classification
prematch_home_event_shots_expanding,0.0070237405598163605,xgboost,snapshot_classification
prematch_away_p1_median_zone_recovery_expanding,0.006693345028907061,xgboost,snapshot_classification
prematch_away_event_passes_roll5,0.006583880633115768,xgboost,snapshot_classification
prematch_home_p1_mean_zone_leakage_expanding,0.006539436988532543,xgboost,snapshot_classification
prematch_home_p1_maximum_zone_recovery_roll3,0.00649644760414958,xgboost,snapshot_classification
prematch_away_event_duels_won_expanding,0.0064117019064724445,xgboost,snapshot_classification
prematch_away_p1_mean_zone_recovery_roll5,0.0063149407505989075,xgboost,snapshot_classification
prematch_home_event_possessions_roll5,0.006079001817852259,xgboost,snapshot_classification
prematch_bookie_margin,0.00601551728323102,xgboost,snapshot_classification
prematch_away_event_pressures_expanding,0.005822533275932074,xgboost,snapshot_classification
prematch_home_event_shots_on_target_roll5,0.005687010940164328,xgboost,snapshot_classification
prematch_away_p1_median_zone_recovery_roll10,0.0055569978430867195,xgboost,snapshot_classification
home_cum_xg,0.005513167008757591,xgboost,snapshot_classification
prematch_home_p1_mean_zone_leakage_roll5,0.005484777502715588,xgboost,snapshot_classification
prematch_home_event_xg_roll5,0.005453706253319979,xgboost,snapshot_classification
prematch_diff_p1_mean_zone_leakage_roll5,0.005446260329335928,xgboost,snapshot_classification
prematch_away_p1_possession_recoveries_roll5,0.00534863630309701,xgboost,snapshot_classification
prematch_home_event_possessions_expanding,0.005191286094486713,xgboost,snapshot_classification
prematch_home_event_yellow_cards_roll5,0.005143591668456793,xgboost,snapshot_classification
prematch_diff_event_duels_won_roll10,0.004908457864075899,xgboost,snapshot_classification
prematch_away_event_xg_roll10,0.004797699395567179,xgboost,snapshot_classification
prematch_home_event_goals_for_roll5,0.004677270073443651,xgboost,snapshot_classification
prematch_diff_p1_median_zone_leakage_roll10,0.004654499236494303,xgboost,snapshot_classification
prematch_diff_event_interceptions_roll5,0.004528757184743881,xgboost,snapshot_classification
prematch_away_event_possessions_expanding,0.004497468937188387,xgboost,snapshot_classification
prematch_away_p1_maximum_zone_recovery_expanding,0.0044707199558615685,xgboost,snapshot_classification
prematch_away_event_possessions_roll3,0.0044626803137362,xgboost,snapshot_classification
prematch_diff_event_pressures_roll3,0.004338243044912815,xgboost,snapshot_classification
prematch_home_p1_switching_factor_roll3,0.004285413306206465,xgboost,snapshot_classification
prematch_home_event_recoveries_roll3,0.004278074484318495,xgboost,snapshot_classification
prematch_diff_event_completed_passes_roll3,0.004182484000921249,xgboost,snapshot_classification
prematch_diff_p1_median_zone_recovery_roll10,0.004168502055108547,xgboost,snapshot_classification
prematch_home_event_duels_won_roll5,0.0041072010062634945,xgboost,snapshot_classification
prematch_home_event_shots_on_target_roll10,0.003970277030020952,xgboost,snapshot_classification
prematch_away_event_points_roll10,0.003928071353584528,xgboost,snapshot_classification
prematch_home_event_interceptions_roll5,0.003875400172546506,xgboost,snapshot_classification
prematch_diff_p1_maximum_zone_recovery_expanding,0.003697641659528017,xgboost,snapshot_classification
prematch_diff_p1_mean_zone_leakage_roll10,0.003695062827318907,xgboost,snapshot_classification
prematch_home_p1_maximum_zone_leakage_roll10,0.003674997016787529,xgboost,snapshot_classification
prematch_diff_event_goals_for_roll5,0.003635232336819172,xgboost,snapshot_classification
prematch_away_p1_maximum_zone_centrality_roll3,0.003634906141087413,xgboost,snapshot_classification
prematch_diff_event_fouls_expanding,0.003615704597905278,xgboost,snapshot_classification
prematch_diff_p1_possession_recoveries_roll5,0.0036081140860915184,xgboost,snapshot_classification
prematch_away_event_recoveries_roll3,0.003489741822704673,xgboost,snapshot_classification
prematch_home_event_points_roll3,0.003477132646366954,xgboost,snapshot_classification
prematch_home_p1_maximum_zone_leakage_roll5,0.0033542935270816088,xgboost,snapshot_classification
prematch_home_event_passes_roll10,0.003291199915111065,xgboost,snapshot_classification
prematch_diff_p1_switching_factor_roll10,0.0032179292757064104,xgboost,snapshot_classification
prematch_away_event_pressures_roll3,0.0031698483508080244,xgboost,snapshot_classification
prematch_away_event_passes_expanding,0.0031355221290141344,xgboost,snapshot_classification
prematch_diff_event_points_roll10,0.0030893455259501934,xgboost,snapshot_classification
prematch_home_event_matches_played_prior,0.0030826192814856768,xgboost,snapshot_classification
prematch_home_p1_median_zone_leakage_roll5,0.0030594735872000456,xgboost,snapshot_classification
prematch_home_event_red_cards_expanding,0.002923443214967847,xgboost,snapshot_classification
prematch_diff_event_possessions_roll10,0.002913235453888774,xgboost,snapshot_classification
prematch_home_p1_median_zone_leakage_expanding,0.0028648858424276114,xgboost,snapshot_classification
prematch_home_event_recoveries_roll10,0.002836215775460005,xgboost,snapshot_classification
prematch_diff_p1_accumulated_eigenvector_centrality_roll5,0.0028318266849964857,xgboost,snapshot_classification
prematch_home_p1_mean_zone_recovery_roll5,0.0028010390233248472,xgboost,snapshot_classification
prematch_diff_event_interceptions_roll10,0.0027575420681387186,xgboost,snapshot_classification
prematch_away_p1_maximum_zone_leakage_expanding,0.002747377846390009,xgboost,snapshot_classification
prematch_away_event_goals_for_roll10,0.002727802377194166,xgboost,snapshot_classification
prematch_home_event_possessions_roll3,0.002677998971194029,xgboost,snapshot_classification
prematch_diff_p1_mean_zone_recovery_roll10,0.0026615140959620476,xgboost,snapshot_classification
prematch_away_event_duels_won_roll5,0.002659273101016879,xgboost,snapshot_classification
prematch_home_p1_median_zone_recovery_roll5,0.002583368681371212,xgboost,snapshot_classification
prematch_home_p1_mean_zone_leakage_roll10,0.002513734856620431,xgboost,snapshot_classification
prematch_away_event_goals_against_roll3,0.00250498135574162,xgboost,snapshot_classification
prematch_diff_event_recoveries_roll3,0.0025043468922376633,xgboost,snapshot_classification
prematch_home_event_pressures_roll10,0.0024112951941788197,xgboost,snapshot_classification
prematch_away_p1_possession_losses_roll3,0.0023848062846809626,xgboost,snapshot_classification
prematch_away_p1_possession_losses_roll10,0.0023675377015024424,xgboost,snapshot_classification
prematch_home_event_rest_days,0.002322989050298929,xgboost,snapshot_classification
prematch_diff_p1_possession_recoveries_expanding,0.0023067547008395195,xgboost,snapshot_classification
prematch_diff_event_possessions_expanding,0.002281330991536379,xgboost,snapshot_classification
prematch_away_p1_maximum_zone_recovery_roll3,0.002222925191745162,xgboost,snapshot_classification
prematch_away_p1_median_zone_leakage_roll5,0.002220770576968789,xgboost,snapshot_classification
prematch_away_p1_completed_passes_roll3,0.00219097756780684,xgboost,snapshot_classification
prematch_home_event_points_roll5,0.0020583870355039835,xgboost,snapshot_classification
prematch_home_event_xg_roll3,0.0020423191599547863,xgboost,snapshot_classification
prematch_home_p1_possession_losses_roll10,0.0020176346879452467,xgboost,snapshot_classification
prematch_home_event_shots_on_target_roll3,0.002005605725571513,xgboost,snapshot_classification
prematch_diff_event_duels_won_expanding,0.0019977460615336895,xgboost,snapshot_classification
prematch_diff_event_carries_roll10,0.0019976955372840166,xgboost,snapshot_classification
prematch_diff_event_shots_roll3,0.0019780579023063183,xgboost,snapshot_classification
prematch_away_event_goals_for_roll5,0.0019724927842617035,xgboost,snapshot_classification
prematch_home_event_xg_expanding,0.001966215670108795,xgboost,snapshot_classification
prematch_home_p1_possession_recoveries_expanding,0.001936363521963358,xgboost,snapshot_classification
prematch_diff_event_final_third_entries_roll10,0.00187678390648216,xgboost,snapshot_classification
away_cum_final_third_entries,0.0018594273133203387,xgboost,snapshot_classification
prematch_away_event_fouls_expanding,0.0018128646770492196,xgboost,snapshot_classification
prematch_away_p1_mean_zone_leakage_expanding,0.001803689170628786,xgboost,snapshot_classification
prematch_away_event_shots_expanding,0.0017765166703611612,xgboost,snapshot_classification
prematch_away_event_carries_roll10,0.0017733442364260554,xgboost,snapshot_classification
prematch_diff_p1_possession_recoveries_roll3,0.001760070095770061,xgboost,snapshot_classification
prematch_diff_event_recoveries_roll10,0.0017572417855262756,xgboost,snapshot_classification
prematch_away_p1_mean_zone_leakage_roll3,0.0017464131815358996,xgboost,snapshot_classification
prematch_calendar_sin,0.0017141238786280155,xgboost,snapshot_classification
prematch_away_p1_maximum_zone_leakage_roll3,0.0017010453157126904,xgboost,snapshot_classification
prematch_diff_p1_median_zone_recovery_expanding,0.0016974892932921648,xgboost,snapshot_classification
prematch_away_p1_median_zone_recovery_roll5,0.001694910111837089,xgboost,snapshot_classification
prematch_away_event_duels_won_roll10,0.00169168331194669,xgboost,snapshot_classification
prematch_home_p1_completed_passes_roll3,0.0016679023392498493,xgboost,snapshot_classification
prematch_away_p1_possession_recoveries_roll10,0.0016580477822571993,xgboost,snapshot_classification
prematch_diff_p1_maximum_zone_recovery_roll5,0.001566039165481925,xgboost,snapshot_classification
prematch_home_event_shots_on_target_expanding,0.001543337246403098,xgboost,snapshot_classification
home_cum_interceptions,0.001501362887211144,xgboost,snapshot_classification
home_cum_pressures,0.001483315252698958,xgboost,snapshot_classification
prematch_away_event_pressures_roll5,0.0014302338240668178,xgboost,snapshot_classification
prematch_diff_event_points_roll5,0.0014296923764050007,xgboost,snapshot_classification
prematch_home_event_goals_for_roll10,0.00140233407728374,xgboost,snapshot_classification
prematch_away_event_passes_roll3,0.0013973136665299535,xgboost,snapshot_classification
prematch_diff_p1_possession_losses_expanding,0.0013776005944237113,xgboost,snapshot_classification
prematch_diff_event_red_cards_roll3,0.0013680813135579228,xgboost,snapshot_classification
prematch_diff_event_shots_on_target_roll10,0.0013632695190608501,xgboost,snapshot_classification
prematch_away_event_goals_against_expanding,0.0013619456440210342,xgboost,snapshot_classification
prematch_away_event_interceptions_expanding,0.0012488060165196657,xgboost,snapshot_classification
prematch_away_p1_median_zone_leakage_expanding,0.0012385230511426926,xgboost,snapshot_classification
prematch_away_event_yellow_cards_roll5,0.0012344114948064089,xgboost,snapshot_classification
prematch_diff_p1_maximum_zone_centrality_roll5,0.0012006714241579175,xgboost,snapshot_classification
prematch_home_event_pressures_expanding,0.0011936225928366184,xgboost,snapshot_classification
prematch_away_p1_switching_factor_expanding,0.0011924696154892445,xgboost,snapshot_classification
prematch_home_event_points_roll10,0.0011893585324287415,xgboost,snapshot_classification
prematch_diff_p1_possession_losses_roll5,0.0011845517437905073,xgboost,snapshot_classification
prematch_away_event_goals_against_roll10,0.0011577886762097478,xgboost,snapshot_classification
prematch_diff_event_fouls_roll10,0.001151384087279439,xgboost,snapshot_classification
prematch_home_p1_switching_factor_roll10,0.0011451891623437405,xgboost,snapshot_classification
prematch_home_event_shots_roll5,0.0011302904458716512,xgboost,snapshot_classification
prematch_home_p1_possession_losses_roll5,0.001112470985390246,xgboost,snapshot_classification
prematch_diff_event_goals_against_roll10,0.001110867247916758,xgboost,snapshot_classification
prematch_home_event_passes_expanding,0.0010790806263685226,xgboost,snapshot_classification
prematch_away_event_red_cards_roll5,0.0010774921393021941,xgboost,snapshot_classification
prematch_home_p1_median_zone_recovery_roll10,0.0010705766035243869,xgboost,snapshot_classification
prematch_diff_event_shots_roll10,0.0010522230295464396,xgboost,snapshot_classification
prematch_away_event_red_cards_expanding,0.0010212381603196263,xgboost,snapshot_classification
prematch_diff_event_goals_against_roll3,0.001001166645437479,xgboost,snapshot_classification
prematch_diff_p1_median_zone_recovery_roll5,0.0009969124803319573,xgboost,snapshot_classification
prematch_home_event_goals_against_roll3,0.0009961903560906649,xgboost,snapshot_classification
prematch_diff_p1_completed_passes_roll3,0.0009640665957704186,xgboost,snapshot_classification
prematch_home_p1_maximum_zone_leakage_roll3,0.0009621803765185177,xgboost,snapshot_classification
prematch_away_event_fouls_roll5,0.0009429604979231954,xgboost,snapshot_classification
prematch_away_event_fouls_roll10,0.0009302435792051256,xgboost,snapshot_classification
prematch_away_event_recoveries_roll10,0.0009279130026698112,xgboost,snapshot_classification
prematch_diff_p1_maximum_zone_recovery_roll3,0.0009235630859620869,xgboost,snapshot_classification
prematch_calendar_cos,0.0009197863982990384,xgboost,snapshot_classification
prematch_diff_event_interceptions_expanding,0.0008932858472689986,xgboost,snapshot_classification
prematch_away_event_interceptions_roll3,0.0008837038767524064,xgboost,snapshot_classification
prematch_diff_event_carries_roll3,0.0008562360890209675,xgboost,snapshot_classification
prematch_diff_p1_mean_zone_centrality_roll5,0.0008406087872572243,xgboost,snapshot_classification
prematch_home_p1_possession_recoveries_roll3,0.000825003779027611,xgboost,snapshot_classification
prematch_away_p1_accumulated_eigenvector_centrality_roll3,0.0008201379096135497,xgboost,snapshot_classification
prematch_diff_p1_maximum_zone_centrality_expanding,0.0008008356671780348,xgboost,snapshot_classification
prematch_away_p1_accumulated_eigenvector_centrality_roll10,0.0007940178620629013,xgboost,snapshot_classification
prematch_away_event_rest_days,0.0007912747096270323,xgboost,snapshot_classification
prematch_away_p1_maximum_zone_leakage_roll10,0.0007812862750142813,xgboost,snapshot_classification
prematch_home_event_passes_roll5,0.0007576617645099759,xgboost,snapshot_classification
prematch_home_p1_maximum_zone_centrality_roll3,0.0007381897885352373,xgboost,snapshot_classification
prematch_home_event_completed_passes_roll3,0.0007344478508457541,xgboost,snapshot_classification
prematch_away_event_xg_roll5,0.000721339660231024,xgboost,snapshot_classification
prematch_away_p1_switching_factor_roll5,0.0007109255529940128,xgboost,snapshot_classification
prematch_diff_event_goals_against_roll5,0.0006884922622703016,xgboost,snapshot_classification
prematch_away_event_xg_expanding,0.0006662647356279194,xgboost,snapshot_classification
prematch_home_p1_accumulated_eigenvector_centrality_roll10,0.0006369908805936575,xgboost,snapshot_classification
prematch_away_event_shots_on_target_roll3,0.0006260965019464493,xgboost,snapshot_classification
prematch_home_p1_mean_zone_recovery_roll3,0.0006142078782431781,xgboost,snapshot_classification
prematch_diff_event_passes_roll5,0.0005995851824991405,xgboost,snapshot_classification
prematch_home_p1_maximum_zone_centrality_roll5,0.000581038708332926,xgboost,snapshot_classification
prematch_away_event_possessions_roll5,0.0005614618421532214,xgboost,snapshot_classification
prematch_away_event_yellow_cards_roll3,0.0005433419719338417,xgboost,snapshot_classification
prematch_home_event_shots_roll10,0.0005342423100955784,xgboost,snapshot_classification
prematch_diff_event_points_expanding,0.00053003168432042,xgboost,snapshot_classification
prematch_home_event_recoveries_roll5,0.0005272504640743136,xgboost,snapshot_classification
prematch_diff_event_recoveries_expanding,0.0005248317611403763,xgboost,snapshot_classification
prematch_away_event_recoveries_expanding,0.0005186477792449296,xgboost,snapshot_classification
prematch_diff_event_pressures_roll10,0.0005168936913833022,xgboost,snapshot_classification
prematch_diff_event_xg_expanding,0.0005148252239450812,xgboost,snapshot_classification
prematch_diff_event_red_cards_expanding,0.0004927378613501787,xgboost,snapshot_classification
prematch_away_event_points_roll5,0.0004911023424938321,xgboost,snapshot_classification
prematch_home_event_recoveries_expanding,0.0004800461756531149,xgboost,snapshot_classification
prematch_home_event_red_cards_roll10,0.00047661171993240714,xgboost,snapshot_classification
prematch_home_event_yellow_cards_roll3,0.0004756856069434434,xgboost,snapshot_classification
prematch_away_event_shots_roll10,0.00046357966493815184,xgboost,snapshot_classification
prematch_away_event_duels_won_roll3,0.00045688447426073253,xgboost,snapshot_classification
prematch_home_event_shots_roll3,0.0004513043095357716,xgboost,snapshot_classification
prematch_home_p1_maximum_zone_centrality_roll10,0.0004437894676811993,xgboost,snapshot_classification
prematch_diff_event_recoveries_roll5,0.0004357495345175266,xgboost,snapshot_classification
prematch_home_event_passes_roll3,0.00043553076102398336,xgboost,snapshot_classification
prematch_home_p1_median_zone_recovery_roll3,0.0004260432324372232,xgboost,snapshot_classification
prematch_away_p1_mean_zone_centrality_roll10,0.000421446020482108,xgboost,snapshot_classification
prematch_away_event_yellow_cards_expanding,0.000412708061048761,xgboost,snapshot_classification
prematch_diff_p1_maximum_zone_leakage_roll10,0.000412293040426448,xgboost,snapshot_classification
prematch_diff_p1_mean_zone_leakage_roll3,0.0004061316722072661,xgboost,snapshot_classification
prematch_away_p1_accumulated_eigenvector_centrality_expanding,0.0003923548210877925,xgboost,snapshot_classification
prematch_away_p1_maximum_zone_recovery_roll5,0.0003788395843002945,xgboost,snapshot_classification
prematch_home_p1_switching_factor_roll5,0.0003753440105356276,xgboost,snapshot_classification
prematch_diff_event_passes_roll3,0.00036989792715758085,xgboost,snapshot_classification
prematch_away_event_completed_passes_roll5,0.0003578772011678666,xgboost,snapshot_classification
prematch_home_event_final_third_entries_roll3,0.0003508211812004447,xgboost,snapshot_classification
prematch_home_event_carries_roll3,0.00033871372579596937,xgboost,snapshot_classification
prematch_away_p1_accumulated_eigenvector_centrality_roll5,0.0003369355108588934,xgboost,snapshot_classification
prematch_home_p1_mean_zone_centrality_roll3,0.00031998101621866226,xgboost,snapshot_classification
prematch_home_p1_rest_days,0.00029691029340028763,xgboost,snapshot_classification
prematch_away_event_yellow_cards_roll10,0.0002892673364840448,xgboost,snapshot_classification
prematch_away_event_completed_passes_roll10,0.0002885772555600852,xgboost,snapshot_classification
prematch_home_event_xg_roll10,0.00027887598844245076,xgboost,snapshot_classification
prematch_diff_event_fouls_roll5,0.0002777168119791895,xgboost,snapshot_classification
prematch_home_event_goals_for_expanding,0.00027086283080279827,xgboost,snapshot_classification
prematch_diff_p1_maximum_zone_leakage_roll3,0.00026077707298099995,xgboost,snapshot_classification
prematch_away_p1_maximum_zone_centrality_roll5,0.000250979617703706,xgboost,snapshot_classification
prematch_diff_event_xg_roll10,0.00024342178949154913,xgboost,snapshot_classification
prematch_home_event_completed_passes_roll5,0.0002244488277938217,xgboost,snapshot_classification
prematch_away_p1_mean_zone_leakage_roll10,0.00022201136744115502,xgboost,snapshot_classification
prematch_home_p1_possession_losses_roll3,0.0002074125368380919,xgboost,snapshot_classification
prematch_diff_event_interceptions_roll3,0.00020299678726587445,xgboost,snapshot_classification
prematch_away_event_completed_passes_roll3,0.00018045143224298954,xgboost,snapshot_classification
diff_cum_completed_passes,0.00016824166232254356,xgboost,snapshot_classification
prematch_diff_event_duels_won_roll5,0.00014614834799431264,xgboost,snapshot_classification
prematch_diff_p1_switching_factor_roll5,0.00012810542830266058,xgboost,snapshot_classification
prematch_home_p1_accumulated_eigenvector_centrality_roll3,0.0001064151365426369,xgboost,snapshot_classification
prematch_diff_event_carries_roll5,9.718847286421806e-05,xgboost,snapshot_classification
prematch_away_event_xg_roll3,6.50008296361193e-05,xgboost,snapshot_classification
prematch_home_event_pressures_roll3,4.491245636017993e-05,xgboost,snapshot_classification
diff_cum_shots,3.2784915674710646e-05,xgboost,snapshot_classification
prematch_away_event_shots_on_target_roll5,3.173371442244388e-05,xgboost,snapshot_classification
home_cum_passes,1.547712781757582e-05,xgboost,snapshot_classification
home_cum_shots,7.002689017099328e-06,xgboost,snapshot_classification
diff_cum_final_third_entries,6.377088993758662e-06,xgboost,snapshot_classification
home_recent10_passes,0.0,xgboost,snapshot_classification
home_recent5_completed_passes,0.0,xgboost,snapshot_classification
home_cum_completed_passes,0.0,xgboost,snapshot_classification
prematch_diff_p1_possession_losses_roll3,0.0,xgboost,snapshot_classification
prematch_diff_p1_completed_passes_expanding,0.0,xgboost,snapshot_classification
prematch_diff_p1_completed_passes_roll10,0.0,xgboost,snapshot_classification
prematch_diff_p1_completed_passes_roll5,0.0,xgboost,snapshot_classification
prematch_diff_p1_maximum_zone_recovery_roll10,0.0,xgboost,snapshot_classification
home_recent10_interceptions,0.0,xgboost,snapshot_classification
home_recent5_interceptions,0.0,xgboost,snapshot_classification
home_recent10_completed_passes,0.0,xgboost,snapshot_classification
prematch_diff_p1_median_zone_leakage_roll3,0.0,xgboost,snapshot_classification
prematch_diff_p1_mean_zone_centrality_expanding,0.0,xgboost,snapshot_classification
prematch_diff_p1_mean_zone_centrality_roll10,0.0,xgboost,snapshot_classification
home_recent10_final_third_entries,0.0,xgboost,snapshot_classification
home_recent5_shots,0.0,xgboost,snapshot_classification
home_recent10_shots,0.0,xgboost,snapshot_classification
prematch_diff_p1_switching_factor_expanding,0.0,xgboost,snapshot_classification
prematch_diff_p1_mean_zone_recovery_expanding,0.0,xgboost,snapshot_classification
prematch_diff_p1_mean_zone_recovery_roll3,0.0,xgboost,snapshot_classification
prematch_diff_event_shots_on_target_roll3,0.0,xgboost,snapshot_classification
prematch_diff_event_shots_expanding,0.0,xgboost,snapshot_classification
prematch_diff_event_shots_roll5,0.0,xgboost,snapshot_classification
prematch_diff_event_completed_passes_expanding,0.0,xgboost,snapshot_classification
prematch_diff_event_completed_passes_roll10,0.0,xgboost,snapshot_classification
prematch_diff_event_completed_passes_roll5,0.0,xgboost,snapshot_classification
home_recent10_recoveries,0.0,xgboost,snapshot_classification
phase_late,0.0,xgboost,snapshot_classification
phase_halftime,0.0,xgboost,snapshot_classification
phase_first_half,0.0,xgboost,snapshot_classification
match_fraction,0.0,xgboost,snapshot_classification
diff_recent10_xg,0.0,xgboost,snapshot_classification
diff_recent10_carries,0.0,xgboost,snapshot_classification
diff_recent10_red_cards,0.0,xgboost,snapshot_classification
diff_recent10_yellow_cards,0.0,xgboost,snapshot_classification
diff_recent10_fouls,0.0,xgboost,snapshot_classification
diff_recent10_interceptions,0.0,xgboost,snapshot_classification
diff_recent10_recoveries,0.0,xgboost,snapshot_classification
diff_recent10_pressures,0.0,xgboost,snapshot_classification
diff_recent5_shots,0.0,xgboost,snapshot_classification
diff_cum_carries,0.0,xgboost,snapshot_classification
diff_cum_red_cards,0.0,xgboost,snapshot_classification
prematch_diff_event_red_cards_roll10,0.0,xgboost,snapshot_classification
prematch_diff_event_red_cards_roll5,0.0,xgboost,snapshot_classification
prematch_diff_event_yellow_cards_expanding,0.0,xgboost,snapshot_classification
prematch_diff_event_yellow_cards_roll3,0.0,xgboost,snapshot_classification
prematch_away_event_carries_roll5,0.0,xgboost,snapshot_classification
prematch_away_event_carries_roll3,0.0,xgboost,snapshot_classification
prematch_away_event_red_cards_roll10,0.0,xgboost,snapshot_classification
diff_recent10_final_third_entries,0.0,xgboost,snapshot_classification
diff_recent10_completed_passes,0.0,xgboost,snapshot_classification
diff_recent10_passes,0.0,xgboost,snapshot_classification
prematch_diff_event_passes_roll10,0.0,xgboost,snapshot_classification
prematch_diff_event_xg_roll5,0.0,xgboost,snapshot_classification
prematch_diff_event_shots_on_target_roll5,0.0,xgboost,snapshot_classification
prematch_diff_event_points_roll3,0.0,xgboost,snapshot_classification
prematch_diff_event_goals_against_expanding,0.0,xgboost,snapshot_classification
prematch_diff_event_goals_for_roll10,0.0,xgboost,snapshot_classification
prematch_diff_event_goals_for_roll3,0.0,xgboost,snapshot_classification
prematch_diff_event_rest_days,0.0,xgboost,snapshot_classification
prematch_diff_event_matches_played_prior,0.0,xgboost,snapshot_classification
prematch_diff_event_final_third_entries_roll5,0.0,xgboost,snapshot_classification
prematch_diff_event_duels_won_roll3,0.0,xgboost,snapshot_classification
diff_recent10_shots,0.0,xgboost,snapshot_classification
diff_recent5_xg,0.0,xgboost,snapshot_classification
diff_recent5_carries,0.0,xgboost,snapshot_classification
diff_recent5_red_cards,0.0,xgboost,snapshot_classification
diff_recent5_yellow_cards,0.0,xgboost,snapshot_classification
diff_recent5_fouls,0.0,xgboost,snapshot_classification
diff_recent5_interceptions,0.0,xgboost,snapshot_classification
prematch_away_event_completed_passes_expanding,0.0,xgboost,snapshot_classification
prematch_away_event_passes_roll10,0.0,xgboost,snapshot_classification
prematch_away_event_red_cards_roll3,0.0,xgboost,snapshot_classification
prematch_home_event_points_expanding,0.0,xgboost,snapshot_classification
diff_recent5_recoveries,0.0,xgboost,snapshot_classification
diff_recent5_pressures,0.0,xgboost,snapshot_classification
diff_recent5_final_third_entries,0.0,xgboost,snapshot_classification
diff_recent5_completed_passes,0.0,xgboost,snapshot_classification
diff_recent5_passes,0.0,xgboost,snapshot_classification
prematch_home_p1_maximum_zone_centrality_expanding,0.0,xgboost,snapshot_classification
prematch_home_p1_accumulated_eigenvector_centrality_expanding,0.0,xgboost,snapshot_classification
prematch_home_p1_accumulated_eigenvector_centrality_roll5,0.0,xgboost,snapshot_classification
prematch_home_p1_matches_played_prior,0.0,xgboost,snapshot_classification
prematch_season_progress,0.0,xgboost,snapshot_classification
prematch_diff_event_possessions_roll5,0.0,xgboost,snapshot_classification
prematch_diff_event_possessions_roll3,0.0,xgboost,snapshot_classification
diff_cum_yellow_cards,0.0,xgboost,snapshot_classification
diff_cum_fouls,0.0,xgboost,snapshot_classification
diff_cum_interceptions,0.0,xgboost,snapshot_classification
diff_cum_recoveries,0.0,xgboost,snapshot_classification
prematch_diff_event_passes_expanding,0.0,xgboost,snapshot_classification
diff_cum_pressures,0.0,xgboost,snapshot_classification
diff_cum_passes,0.0,xgboost,snapshot_classification
home_in_possession,0.0,xgboost,snapshot_classification
away_recent10_xg,0.0,xgboost,snapshot_classification
prematch_away_event_shots_on_target_expanding,0.0,xgboost,snapshot_classification
prematch_away_event_shots_on_target_roll10,0.0,xgboost,snapshot_classification
prematch_away_event_interceptions_roll10,0.0,xgboost,snapshot_classification
prematch_away_event_interceptions_roll5,0.0,xgboost,snapshot_classification
prematch_away_event_recoveries_roll5,0.0,xgboost,snapshot_classification
prematch_away_event_pressures_roll10,0.0,xgboost,snapshot_classification
prematch_away_event_final_third_entries_expanding,0.0,xgboost,snapshot_classification
prematch_away_event_final_third_entries_roll5,0.0,xgboost,snapshot_classification
prematch_home_event_carries_expanding,0.0,xgboost,snapshot_classification
prematch_home_event_completed_passes_roll10,0.0,xgboost,snapshot_classification
away_recent5_xg,0.0,xgboost,snapshot_classification
prematch_home_p1_mean_zone_leakage_roll3,0.0,xgboost,snapshot_classification
prematch_home_p1_mean_zone_centrality_expanding,0.0,xgboost,snapshot_classification
prematch_home_p1_mean_zone_centrality_roll10,0.0,xgboost,snapshot_classification
prematch_home_p1_mean_zone_centrality_roll5,0.0,xgboost,snapshot_classification
prematch_home_p1_completed_passes_expanding,0.0,xgboost,snapshot_classification
prematch_home_p1_completed_passes_roll10,0.0,xgboost,snapshot_classification
prematch_home_p1_completed_passes_roll5,0.0,xgboost,snapshot_classification
prematch_home_p1_maximum_zone_recovery_expanding,0.0,xgboost,snapshot_classification
prematch_home_p1_maximum_zone_recovery_roll10,0.0,xgboost,snapshot_classification
prematch_home_p1_maximum_zone_recovery_roll5,0.0,xgboost,snapshot_classification
prematch_home_p1_median_zone_recovery_expanding,0.0,xgboost,snapshot_classification
home_recent5_passes,0.0,xgboost,snapshot_classification
prematch_diff_p1_possession_recoveries_roll10,0.0,xgboost,snapshot_classification
prematch_diff_p1_possession_losses_roll10,0.0,xgboost,snapshot_classification
prematch_away_event_shots_roll5,0.0,xgboost,snapshot_classification
prematch_away_event_points_roll3,0.0,xgboost,snapshot_classification
prematch_away_event_goals_against_roll5,0.0,xgboost,snapshot_classification
prematch_away_event_goals_for_expanding,0.0,xgboost,snapshot_classification
prematch_away_event_goals_for_roll3,0.0,xgboost,snapshot_classification
prematch_away_event_matches_played_prior,0.0,xgboost,snapshot_classification
prematch_home_p1_mean_zone_recovery_expanding,0.0,xgboost,snapshot_classification
prematch_home_p1_mean_zone_recovery_roll10,0.0,xgboost,snapshot_classification
prematch_home_p1_maximum_zone_leakage_expanding,0.0,xgboost,snapshot_classification
away_recent10_recoveries,0.0,xgboost,snapshot_classification
prematch_away_p1_maximum_zone_centrality_roll10,0.0,xgboost,snapshot_classification
prematch_away_p1_rest_days,0.0,xgboost,snapshot_classification
prematch_away_p1_matches_played_prior,0.0,xgboost,snapshot_classification
prematch_home_p1_switching_factor_expanding,0.0,xgboost,snapshot_classification
prematch_home_p1_possession_recoveries_roll10,0.0,xgboost,snapshot_classification
prematch_home_p1_possession_recoveries_roll5,0.0,xgboost,snapshot_classification
prematch_home_p1_possession_losses_expanding,0.0,xgboost,snapshot_classification
prematch_away_p1_maximum_zone_centrality_expanding,0.0,xgboost,snapshot_classification
away_recent10_carries,0.0,xgboost,snapshot_classification
away_recent5_carries,0.0,xgboost,snapshot_classification
away_cum_carries,0.0,xgboost,snapshot_classification
away_recent10_red_cards,0.0,xgboost,snapshot_classification
away_recent5_red_cards,0.0,xgboost,snapshot_classification
away_cum_red_cards,0.0,xgboost,snapshot_classification
away_recent10_yellow_cards,0.0,xgboost,snapshot_classification
away_recent5_yellow_cards,0.0,xgboost,snapshot_classification
away_cum_yellow_cards,0.0,xgboost,snapshot_classification
away_recent10_fouls,0.0,xgboost,snapshot_classification
away_recent5_fouls,0.0,xgboost,snapshot_classification
away_cum_fouls,0.0,xgboost,snapshot_classification
away_recent10_interceptions,0.0,xgboost,snapshot_classification
away_recent5_interceptions,0.0,xgboost,snapshot_classification
away_cum_interceptions,0.0,xgboost,snapshot_classification
away_recent10_shots,0.0,xgboost,snapshot_classification
away_recent5_shots,0.0,xgboost,snapshot_classification
prematch_away_p1_completed_passes_roll10,0.0,xgboost,snapshot_classification
prematch_away_p1_completed_passes_roll5,0.0,xgboost,snapshot_classification
prematch_away_p1_maximum_zone_recovery_roll10,0.0,xgboost,snapshot_classification
prematch_away_p1_median_zone_recovery_roll3,0.0,xgboost,snapshot_classification
prematch_away_p1_median_zone_leakage_roll10,0.0,xgboost,snapshot_classification
prematch_away_p1_mean_zone_leakage_roll5,0.0,xgboost,snapshot_classification
prematch_away_p1_mean_zone_centrality_expanding,0.0,xgboost,snapshot_classification
prematch_away_p1_mean_zone_centrality_roll5,0.0,xgboost,snapshot_classification
prematch_away_p1_mean_zone_centrality_roll3,0.0,xgboost,snapshot_classification
prematch_away_p1_possession_losses_expanding,0.0,xgboost,snapshot_classification
prematch_away_p1_possession_losses_roll5,0.0,xgboost,snapshot_classification
prematch_away_p1_completed_passes_expanding,0.0,xgboost,snapshot_classification
away_recent5_recoveries,0.0,xgboost,snapshot_classification
away_cum_recoveries,0.0,xgboost,snapshot_classification
away_recent10_pressures,0.0,xgboost,snapshot_classification
away_recent5_pressures,0.0,xgboost,snapshot_classification
away_cum_pressures,0.0,xgboost,snapshot_classification
away_recent10_final_third_entries,0.0,xgboost,snapshot_classification
away_recent5_final_third_entries,0.0,xgboost,snapshot_classification
away_recent10_completed_passes,0.0,xgboost,snapshot_classification
away_recent5_completed_passes,0.0,xgboost,snapshot_classification
away_cum_completed_passes,0.0,xgboost,snapshot_classification
away_recent10_passes,0.0,xgboost,snapshot_classification
away_recent5_passes,0.0,xgboost,snapshot_classification
away_cum_passes,0.0,xgboost,snapshot_classification
prematch_diff_p1_mean_zone_centrality_roll3,0.0,xgboost,snapshot_classification
prematch_diff_p1_maximum_zone_centrality_roll3,0.0,xgboost,snapshot_classification
prematch_diff_p1_accumulated_eigenvector_centrality_expanding,0.0,xgboost,snapshot_classification
prematch_diff_p1_accumulated_eigenvector_centrality_roll10,0.0,xgboost,snapshot_classification
prematch_diff_p1_accumulated_eigenvector_centrality_roll3,0.0,xgboost,snapshot_classification
prematch_diff_p1_rest_days,0.0,xgboost,snapshot_classification
prematch_diff_p1_matches_played_prior,0.0,xgboost,snapshot_classification
prematch_away_p1_switching_factor_roll10,0.0,xgboost,snapshot_classification
home_recent5_recoveries,0.0,xgboost,snapshot_classification
home_cum_recoveries,0.0,xgboost,snapshot_classification
home_recent10_pressures,0.0,xgboost,snapshot_classification
home_recent5_pressures,0.0,xgboost,snapshot_classification
home_recent5_final_third_entries,0.0,xgboost,snapshot_classification
prematch_home_event_completed_passes_expanding,0.0,xgboost,snapshot_classification
prematch_home_event_carries_roll10,0.0,xgboost,snapshot_classification
prematch_home_event_carries_roll5,0.0,xgboost,snapshot_classification
prematch_home_event_red_cards_roll5,0.0,xgboost,snapshot_classification
prematch_home_event_red_cards_roll3,0.0,xgboost,snapshot_classification
prematch_home_event_yellow_cards_expanding,0.0,xgboost,snapshot_classification
prematch_home_event_fouls_expanding,0.0,xgboost,snapshot_classification
prematch_away_p1_switching_factor_roll3,0.0,xgboost,snapshot_classification
prematch_away_p1_possession_recoveries_expanding,0.0,xgboost,snapshot_classification
prematch_away_p1_possession_recoveries_roll3,0.0,xgboost,snapshot_classification
home_cum_final_third_entries,0.0,xgboost,snapshot_classification
home_cum_carries,0.0,xgboost,snapshot_classification
home_recent10_red_cards,0.0,xgboost,snapshot_classification
home_recent5_red_cards,0.0,xgboost,snapshot_classification
home_cum_red_cards,0.0,xgboost,snapshot_classification
home_recent10_yellow_cards,0.0,xgboost,snapshot_classification
home_recent5_yellow_cards,0.0,xgboost,snapshot_classification
home_cum_yellow_cards,0.0,xgboost,snapshot_classification
home_recent10_fouls,0.0,xgboost,snapshot_classification
home_recent5_fouls,0.0,xgboost,snapshot_classification
home_cum_fouls,0.0,xgboost,snapshot_classification
home_recent5_carries,0.0,xgboost,snapshot_classification
away_cum_shots,0.0,xgboost,snapshot_classification
home_recent10_xg,0.0,xgboost,snapshot_classification
home_recent5_xg,0.0,xgboost,snapshot_classification
home_recent10_carries,0.0,xgboost,snapshot_classification
score_diff,0.47444513064134897,lightgbm,snapshot_classification
prematch_market_prob_A,0.3330234321030338,lightgbm,snapshot_classification
prematch_market_prob_H,0.09230867222180865,lightgbm,snapshot_classification
prematch_home_event_duels_won_expanding,0.08242425487466386,lightgbm,snapshot_classification
prematch_home_event_goals_against_roll10,0.06663083906087848,lightgbm,snapshot_classification
prematch_diff_event_yellow_cards_roll10,0.052831690688975225,lightgbm,snapshot_classification
prematch_market_prob_D,0.04597150338560942,lightgbm,snapshot_classification
away_cum_xg,0.04346475803578549,lightgbm,snapshot_classification
prematch_away_event_final_third_entries_roll3,0.041208756889306794,lightgbm,snapshot_classification
prematch_home_event_interceptions_roll3,0.04025517203798859,lightgbm,snapshot_classification
prematch_away_event_possessions_roll10,0.040188181246409306,lightgbm,snapshot_classification
prematch_diff_p1_median_zone_leakage_roll5,0.03800693481665436,lightgbm,snapshot_classification
prematch_diff_p1_mean_zone_leakage_expanding,0.036726135250893945,lightgbm,snapshot_classification
prematch_away_p1_mean_zone_recovery_expanding,0.03392197704790487,lightgbm,snapshot_classification
prematch_away_p1_mean_zone_recovery_roll5,0.030651436373919053,lightgbm,snapshot_classification
prematch_home_event_possessions_roll10,0.0304294046864961,lightgbm,snapshot_classification
prematch_home_event_interceptions_expanding,0.029887956910323917,lightgbm,snapshot_classification
prematch_diff_event_pressures_roll5,0.02975823559172538,lightgbm,snapshot_classification
prematch_home_event_duels_won_roll3,0.029682278830125045,lightgbm,snapshot_classification
prematch_home_p1_maximum_zone_recovery_roll3,0.029596361213963585,lightgbm,snapshot_classification
prematch_home_event_fouls_roll10,0.02929499860111478,lightgbm,snapshot_classification
prematch_home_event_fouls_roll5,0.02887405658354895,lightgbm,snapshot_classification
prematch_home_event_final_third_entries_roll10,0.028153174860017418,lightgbm,snapshot_classification
prematch_home_event_yellow_cards_roll10,0.025695434232077364,lightgbm,snapshot_classification
prematch_diff_event_carries_expanding,0.02509313005062194,lightgbm,snapshot_classification
prematch_home_event_duels_won_roll10,0.024849670922163048,lightgbm,snapshot_classification
prematch_home_p1_median_zone_leakage_roll10,0.023847181313447593,lightgbm,snapshot_classification
prematch_away_p1_mean_zone_recovery_roll3,0.02369390092378853,lightgbm,snapshot_classification
prematch_diff_p1_median_zone_recovery_roll3,0.02262167813768399,lightgbm,snapshot_classification
prematch_home_event_final_third_entries_roll5,0.022295667552210293,lightgbm,snapshot_classification
prematch_home_event_interceptions_roll10,0.021703338716973355,lightgbm,snapshot_classification
prematch_away_event_fouls_roll3,0.021410009455175533,lightgbm,snapshot_classification
prematch_diff_event_xg_roll3,0.02138929050869104,lightgbm,snapshot_classification
prematch_diff_event_fouls_roll3,0.02117622150197895,lightgbm,snapshot_classification
prematch_away_p1_mean_zone_recovery_roll10,0.01964156662016935,lightgbm,snapshot_classification
prematch_home_event_fouls_roll3,0.019022948328061354,lightgbm,snapshot_classification
prematch_home_event_goals_against_roll5,0.01884677087716793,lightgbm,snapshot_classification
prematch_diff_p1_median_zone_leakage_expanding,0.018844215426237154,lightgbm,snapshot_classification
prematch_diff_event_final_third_entries_roll3,0.018270252290760625,lightgbm,snapshot_classification
prematch_bookie_margin,0.01820634151243204,lightgbm,snapshot_classification
prematch_home_event_recoveries_roll3,0.0180475775128453,lightgbm,snapshot_classification
prematch_away_p1_median_zone_recovery_roll10,0.017913404025418012,lightgbm,snapshot_classification
prematch_away_event_recoveries_roll3,0.017874631539734443,lightgbm,snapshot_classification
prematch_home_p1_mean_zone_leakage_expanding,0.016253541494290803,lightgbm,snapshot_classification
prematch_diff_p1_median_zone_leakage_roll3,0.0152429291391187,lightgbm,snapshot_classification
prematch_home_event_points_roll5,0.014366981115294164,lightgbm,snapshot_classification
prematch_away_event_xg_roll10,0.01411583893228527,lightgbm,snapshot_classification
prematch_home_event_final_third_entries_expanding,0.014052433488745499,lightgbm,snapshot_classification
prematch_diff_event_duels_won_roll10,0.01387713606997225,lightgbm,snapshot_classification
prematch_away_p1_median_zone_recovery_expanding,0.013822521687853322,lightgbm,snapshot_classification
prematch_away_event_shots_roll3,0.013720193359582845,lightgbm,snapshot_classification
prematch_home_event_pressures_roll5,0.013161944064805654,lightgbm,snapshot_classification
prematch_home_event_goals_against_expanding,0.012893962344461591,lightgbm,snapshot_classification
prematch_diff_p1_mean_zone_recovery_roll5,0.012485644186297296,lightgbm,snapshot_classification
prematch_diff_event_interceptions_roll5,0.012355593140419573,lightgbm,snapshot_classification
prematch_home_event_yellow_cards_roll5,0.012206506638316076,lightgbm,snapshot_classification
prematch_away_p1_median_zone_leakage_roll3,0.012102468229229007,lightgbm,snapshot_classification
prematch_away_event_possessions_expanding,0.012045043798398786,lightgbm,snapshot_classification
prematch_diff_p1_accumulated_eigenvector_centrality_roll5,0.01177369531604722,lightgbm,snapshot_classification
prematch_home_p1_median_zone_recovery_roll5,0.011770673753414704,lightgbm,snapshot_classification
prematch_diff_event_completed_passes_roll3,0.011506944400826525,lightgbm,snapshot_classification
prematch_away_event_duels_won_expanding,0.01145872327102682,lightgbm,snapshot_classification
prematch_away_p1_maximum_zone_recovery_expanding,0.011324660493974317,lightgbm,snapshot_classification
prematch_away_event_fouls_roll10,0.011238210855862012,lightgbm,snapshot_classification
prematch_away_p1_maximum_zone_centrality_roll3,0.011173838996999594,lightgbm,snapshot_classification
prematch_calendar_cos,0.010930705968496102,lightgbm,snapshot_classification
prematch_diff_p1_mean_zone_recovery_roll10,0.010897838874125574,lightgbm,snapshot_classification
prematch_home_event_goals_for_roll5,0.010767269709393743,lightgbm,snapshot_classification
prematch_diff_event_possessions_roll10,0.010762389359203378,lightgbm,snapshot_classification
prematch_diff_event_carries_roll10,0.010434661518837285,lightgbm,snapshot_classification
prematch_diff_event_pressures_roll3,0.010327292933763495,lightgbm,snapshot_classification
prematch_away_p1_maximum_zone_leakage_roll5,0.010317363060337075,lightgbm,snapshot_classification
prematch_home_p1_accumulated_eigenvector_centrality_roll3,0.010212811012164959,lightgbm,snapshot_classification
prematch_home_p1_median_zone_leakage_expanding,0.010108848959270958,lightgbm,snapshot_classification
prematch_home_event_points_roll3,0.010066344454502801,lightgbm,snapshot_classification
prematch_home_event_pressures_roll3,0.009973530557316604,lightgbm,snapshot_classification
prematch_diff_p1_maximum_zone_leakage_roll5,0.00974738416100643,lightgbm,snapshot_classification
prematch_diff_event_yellow_cards_roll5,0.009676188575419074,lightgbm,snapshot_classification
prematch_away_event_duels_won_roll5,0.00962691866740999,lightgbm,snapshot_classification
prematch_home_event_red_cards_expanding,0.009470666661300454,lightgbm,snapshot_classification
away_score,0.009172098787839878,lightgbm,snapshot_classification
prematch_away_event_passes_roll5,0.009104794201846745,lightgbm,snapshot_classification
prematch_away_event_goals_against_roll5,0.008201688314983684,lightgbm,snapshot_classification
prematch_diff_p1_maximum_zone_recovery_roll5,0.007955526315565469,lightgbm,snapshot_classification
prematch_diff_event_yellow_cards_expanding,0.00793228108842919,lightgbm,snapshot_classification
prematch_diff_event_goals_for_roll5,0.007606743886045445,lightgbm,snapshot_classification
prematch_away_event_fouls_expanding,0.007534231024476086,lightgbm,snapshot_classification
prematch_diff_p1_possession_recoveries_expanding,0.007531817744334636,lightgbm,snapshot_classification
prematch_away_event_rest_days,0.007483342732331189,lightgbm,snapshot_classification
prematch_diff_p1_median_zone_recovery_roll10,0.007427518817335421,lightgbm,snapshot_classification
prematch_diff_event_red_cards_expanding,0.007365597714622035,lightgbm,snapshot_classification
prematch_away_p1_switching_factor_roll10,0.007197179368093119,lightgbm,snapshot_classification
prematch_away_p1_possession_losses_roll10,0.00717380746626861,lightgbm,snapshot_classification
prematch_home_event_interceptions_roll5,0.0070930504177763145,lightgbm,snapshot_classification
prematch_away_event_xg_expanding,0.006946616916327404,lightgbm,snapshot_classification
prematch_away_event_points_roll5,0.006931238562431043,lightgbm,snapshot_classification
prematch_home_event_xg_roll5,0.006773576764808878,lightgbm,snapshot_classification
prematch_diff_event_recoveries_roll3,0.006744223236361618,lightgbm,snapshot_classification
prematch_home_p1_possession_losses_expanding,0.006685558498686009,lightgbm,snapshot_classification
prematch_home_p1_possession_recoveries_roll3,0.0065573284429489434,lightgbm,snapshot_classification
prematch_home_event_goals_against_roll3,0.006466282683419014,lightgbm,snapshot_classification
prematch_diff_event_pressures_expanding,0.0063551893073369335,lightgbm,snapshot_classification
prematch_diff_event_interceptions_expanding,0.006326443374286623,lightgbm,snapshot_classification
prematch_home_event_possessions_expanding,0.0062265006397966794,lightgbm,snapshot_classification
prematch_home_event_recoveries_roll10,0.006023530472766738,lightgbm,snapshot_classification
prematch_diff_p1_maximum_zone_recovery_roll10,0.0060166614239406425,lightgbm,snapshot_classification
prematch_away_event_shots_expanding,0.0059953492198991515,lightgbm,snapshot_classification
prematch_home_event_pressures_roll10,0.005994225486903154,lightgbm,snapshot_classification
prematch_home_event_yellow_cards_roll3,0.005955504014207956,lightgbm,snapshot_classification
prematch_diff_event_points_roll10,0.005811787616582911,lightgbm,snapshot_classification
prematch_home_event_goals_for_roll10,0.0057648218544895475,lightgbm,snapshot_classification
prematch_home_event_final_third_entries_roll3,0.005715737951799738,lightgbm,snapshot_classification
prematch_diff_p1_switching_factor_roll10,0.005624386275064201,lightgbm,snapshot_classification
home_cum_pressures,0.005481581517854843,lightgbm,snapshot_classification
prematch_home_event_shots_on_target_roll3,0.005453235781056487,lightgbm,snapshot_classification
prematch_home_event_completed_passes_roll3,0.005436642950303458,lightgbm,snapshot_classification
prematch_diff_event_yellow_cards_roll3,0.005377594207203596,lightgbm,snapshot_classification
prematch_diff_event_possessions_roll3,0.005361278815045024,lightgbm,snapshot_classification
prematch_home_p1_switching_factor_roll3,0.005346072885702922,lightgbm,snapshot_classification
prematch_diff_event_goals_against_roll5,0.005335284631917016,lightgbm,snapshot_classification
prematch_home_p1_switching_factor_roll5,0.005317256477005372,lightgbm,snapshot_classification
prematch_diff_event_carries_roll3,0.005293731998242852,lightgbm,snapshot_classification
prematch_away_event_final_third_entries_roll10,0.005288862246751124,lightgbm,snapshot_classification
prematch_home_p1_accumulated_eigenvector_centrality_roll5,0.005232536646224196,lightgbm,snapshot_classification
prematch_home_p1_mean_zone_leakage_roll5,0.005097855715858455,lightgbm,snapshot_classification
prematch_away_event_goals_for_roll10,0.005007099100410426,lightgbm,snapshot_classification
prematch_home_p1_maximum_zone_leakage_roll5,0.004988974467174402,lightgbm,snapshot_classification
prematch_diff_p1_possession_losses_roll5,0.004863230425912225,lightgbm,snapshot_classification
prematch_diff_event_goals_for_expanding,0.004862573020678249,lightgbm,snapshot_classification
prematch_diff_event_fouls_roll5,0.004722088312838698,lightgbm,snapshot_classification
prematch_diff_event_shots_on_target_expanding,0.004720386174775175,lightgbm,snapshot_classification
home_cum_xg,0.004716584817320805,lightgbm,snapshot_classification
prematch_away_p1_possession_recoveries_roll5,0.004683219028357264,lightgbm,snapshot_classification
prematch_home_event_shots_roll5,0.004572177050098932,lightgbm,snapshot_classification
prematch_away_event_possessions_roll3,0.00457038201673408,lightgbm,snapshot_classification
prematch_diff_p1_switching_factor_roll3,0.004551309409745651,lightgbm,snapshot_classification
prematch_home_event_xg_roll3,0.004284204982010683,lightgbm,snapshot_classification
prematch_home_p1_maximum_zone_recovery_roll5,0.004259357681904275,lightgbm,snapshot_classification
prematch_home_p1_maximum_zone_leakage_roll3,0.004239015923771661,lightgbm,snapshot_classification
prematch_calendar_sin,0.004210676371382126,lightgbm,snapshot_classification
prematch_home_event_goals_for_roll3,0.004183049702179234,lightgbm,snapshot_classification
prematch_diff_p1_maximum_zone_leakage_expanding,0.004140690488440247,lightgbm,snapshot_classification
prematch_away_event_points_roll10,0.004123993842979602,lightgbm,snapshot_classification
prematch_home_p1_switching_factor_roll10,0.004120204605455542,lightgbm,snapshot_classification
prematch_away_event_pressures_expanding,0.004116870645938404,lightgbm,snapshot_classification
prematch_home_p1_switching_factor_expanding,0.0039619509326382085,lightgbm,snapshot_classification
prematch_diff_event_goals_against_expanding,0.003959612197531298,lightgbm,snapshot_classification
prematch_diff_event_possessions_expanding,0.003886523409228757,lightgbm,snapshot_classification
prematch_home_event_passes_roll3,0.003831888676603109,lightgbm,snapshot_classification
prematch_diff_p1_mean_zone_recovery_expanding,0.0038186110077285487,lightgbm,snapshot_classification
prematch_diff_p1_possession_losses_roll10,0.0037058412136977774,lightgbm,snapshot_classification
prematch_diff_event_fouls_roll10,0.003505442339079128,lightgbm,snapshot_classification
prematch_diff_event_final_third_entries_expanding,0.0035053499326573264,lightgbm,snapshot_classification
prematch_diff_event_red_cards_roll10,0.0034707040968235685,lightgbm,snapshot_classification
prematch_away_event_shots_on_target_roll10,0.003467963688173246,lightgbm,snapshot_classification
prematch_home_p1_mean_zone_recovery_roll5,0.0034576230799072795,lightgbm,snapshot_classification
prematch_home_event_possessions_roll3,0.003430905012707875,lightgbm,snapshot_classification
prematch_home_p1_median_zone_leakage_roll3,0.0031794884481723203,lightgbm,snapshot_classification
diff_cum_carries,0.0031232193153060577,lightgbm,snapshot_classification
prematch_away_event_goals_against_roll10,0.0030057401260810863,lightgbm,snapshot_classification
prematch_home_p1_possession_recoveries_expanding,0.002899733994531631,lightgbm,snapshot_classification
prematch_diff_event_shots_on_target_roll10,0.0028782311366838532,lightgbm,snapshot_classification
prematch_diff_p1_switching_factor_roll5,0.0028773721977860714,lightgbm,snapshot_classification
prematch_diff_p1_accumulated_eigenvector_centrality_roll10,0.0028733780530341892,lightgbm,snapshot_classification
prematch_away_event_shots_on_target_roll5,0.0028731001615031914,lightgbm,snapshot_classification
prematch_away_event_recoveries_roll10,0.0028688154232412487,lightgbm,snapshot_classification
prematch_diff_event_carries_roll5,0.0026690845778867575,lightgbm,snapshot_classification
prematch_away_event_duels_won_roll10,0.00266201607827343,lightgbm,snapshot_classification
diff_cum_shots,0.0026524877696729884,lightgbm,snapshot_classification
prematch_diff_p1_switching_factor_expanding,0.00262278384241177,lightgbm,snapshot_classification
prematch_away_p1_maximum_zone_centrality_roll5,0.0025846144681570247,lightgbm,snapshot_classification
prematch_diff_event_pressures_roll10,0.0025774413895651074,lightgbm,snapshot_classification
diff_cum_xg,0.0025644599752400413,lightgbm,snapshot_classification
prematch_diff_event_points_expanding,0.002552258495817723,lightgbm,snapshot_classification
prematch_diff_event_points_roll5,0.002525351817612974,lightgbm,snapshot_classification
prematch_diff_event_rest_days,0.0025236036745487815,lightgbm,snapshot_classification
prematch_diff_p1_median_zone_leakage_roll10,0.0025139883940481418,lightgbm,snapshot_classification
prematch_diff_event_shots_roll5,0.0024767936782889876,lightgbm,snapshot_classification
prematch_away_p1_maximum_zone_leakage_roll3,0.0024639840422418244,lightgbm,snapshot_classification
prematch_away_event_recoveries_roll5,0.0024499683848439773,lightgbm,snapshot_classification
prematch_diff_p1_possession_recoveries_roll3,0.002393901944298765,lightgbm,snapshot_classification
prematch_away_p1_switching_factor_roll3,0.002358251320890719,lightgbm,snapshot_classification
prematch_away_p1_median_zone_leakage_expanding,0.002355695585295738,lightgbm,snapshot_classification
prematch_home_event_shots_roll10,0.0023298756950961065,lightgbm,snapshot_classification
prematch_home_event_points_roll10,0.002322195861636451,lightgbm,snapshot_classification
prematch_away_p1_median_zone_recovery_roll3,0.002308392540458193,lightgbm,snapshot_classification
prematch_away_event_carries_expanding,0.0022845972943633546,lightgbm,snapshot_classification
prematch_away_event_xg_roll5,0.002277275022733961,lightgbm,snapshot_classification
prematch_away_event_xg_roll3,0.0022742716375567643,lightgbm,snapshot_classification
away_cum_completed_passes,0.0021836545218545953,lightgbm,snapshot_classification
prematch_home_p1_possession_recoveries_roll10,0.0021596917779520457,lightgbm,snapshot_classification
home_cum_red_cards,0.0021410015545661257,lightgbm,snapshot_classification
prematch_home_p1_median_zone_recovery_roll10,0.002140191658920749,lightgbm,snapshot_classification
prematch_home_event_points_expanding,0.002132562078489683,lightgbm,snapshot_classification
prematch_diff_event_goals_against_roll3,0.002093447055881025,lightgbm,snapshot_classification
prematch_away_event_final_third_entries_roll5,0.002071688120598512,lightgbm,snapshot_classification
prematch_home_event_matches_played_prior,0.0020332914487606554,lightgbm,snapshot_classification
prematch_diff_p1_median_zone_recovery_expanding,0.0019955766908141158,lightgbm,snapshot_classification
prematch_diff_event_recoveries_roll10,0.0019832043111638765,lightgbm,snapshot_classification
prematch_diff_p1_mean_zone_recovery_roll3,0.0019363132902087978,lightgbm,snapshot_classification
prematch_diff_event_final_third_entries_roll5,0.0018788165735895038,lightgbm,snapshot_classification
prematch_home_event_passes_roll10,0.0018594172812730668,lightgbm,snapshot_classification
prematch_home_p1_median_zone_leakage_roll5,0.001838076967724276,lightgbm,snapshot_classification
prematch_away_p1_accumulated_eigenvector_centrality_expanding,0.001831842592120496,lightgbm,snapshot_classification
prematch_away_event_points_expanding,0.001825212724592028,lightgbm,snapshot_classification
prematch_away_event_goals_against_roll3,0.0018237528957438364,lightgbm,snapshot_classification
prematch_away_p1_mean_zone_leakage_roll3,0.0018173202068841319,lightgbm,snapshot_classification
prematch_home_p1_possession_losses_roll3,0.0018171282044650535,lightgbm,snapshot_classification
prematch_home_p1_maximum_zone_recovery_roll10,0.0018136435531356482,lightgbm,snapshot_classification
home_cum_interceptions,0.0017949005851980652,lightgbm,snapshot_classification
prematch_away_p1_switching_factor_expanding,0.0017749184085837763,lightgbm,snapshot_classification
prematch_away_p1_maximum_zone_leakage_roll10,0.0017417117108094564,lightgbm,snapshot_classification
prematch_away_p1_median_zone_leakage_roll5,0.0016909073103092201,lightgbm,snapshot_classification
prematch_home_event_shots_on_target_roll5,0.0016853316483520179,lightgbm,snapshot_classification
prematch_diff_event_completed_passes_expanding,0.0016756117171497114,lightgbm,snapshot_classification
prematch_home_event_recoveries_expanding,0.001664996418313422,lightgbm,snapshot_classification
prematch_away_p1_switching_factor_roll5,0.0015698982636629891,lightgbm,snapshot_classification
prematch_diff_event_interceptions_roll3,0.0015306508469023435,lightgbm,snapshot_classification
prematch_home_p1_possession_recoveries_roll5,0.001527341797061792,lightgbm,snapshot_classification
prematch_diff_p1_maximum_zone_recovery_roll3,0.0015172317216167754,lightgbm,snapshot_classification
prematch_away_event_yellow_cards_roll5,0.0014572826496637844,lightgbm,snapshot_classification
prematch_diff_event_possessions_roll5,0.0014120518492408889,lightgbm,snapshot_classification
prematch_home_event_rest_days,0.0014055355076501802,lightgbm,snapshot_classification
prematch_diff_event_duels_won_roll3,0.0013739658393118464,lightgbm,snapshot_classification
prematch_away_event_carries_roll3,0.001343375831230849,lightgbm,snapshot_classification
prematch_home_event_passes_expanding,0.0013350423095055074,lightgbm,snapshot_classification
prematch_away_p1_maximum_zone_leakage_expanding,0.0013319501208635257,lightgbm,snapshot_classification
prematch_away_event_recoveries_expanding,0.0013209921084286435,lightgbm,snapshot_classification
home_cum_completed_passes,0.0013058122240989746,lightgbm,snapshot_classification
diff_recent10_recoveries,0.0012886406865861,lightgbm,snapshot_classification
prematch_away_p1_maximum_zone_recovery_roll3,0.0012755751827752868,lightgbm,snapshot_classification
prematch_home_event_goals_for_expanding,0.0012623434844939824,lightgbm,snapshot_classification
prematch_away_event_pressures_roll3,0.001228555661519574,lightgbm,snapshot_classification
prematch_home_event_fouls_expanding,0.0011991102112690615,lightgbm,snapshot_classification
prematch_home_p1_possession_losses_roll5,0.001183193346166614,lightgbm,snapshot_classification
prematch_away_event_goals_for_roll5,0.001160383130315045,lightgbm,snapshot_classification
prematch_diff_event_shots_roll3,0.0011554319469163482,lightgbm,snapshot_classification
prematch_away_event_pressures_roll5,0.0011528535450342308,lightgbm,snapshot_classification
prematch_home_p1_maximum_zone_leakage_roll10,0.0010974593780759298,lightgbm,snapshot_classification
prematch_diff_p1_maximum_zone_centrality_roll5,0.0010779331134190611,lightgbm,snapshot_classification
home_cum_yellow_cards,0.0010395328981296365,lightgbm,snapshot_classification
prematch_home_p1_accumulated_eigenvector_centrality_roll10,0.0010168824151502284,lightgbm,snapshot_classification
prematch_home_p1_possession_losses_roll10,0.001016493285966576,lightgbm,snapshot_classification
prematch_diff_event_goals_for_roll10,0.0010113964208853755,lightgbm,snapshot_classification
prematch_away_event_yellow_cards_roll3,0.0010009334403506742,lightgbm,snapshot_classification
prematch_diff_p1_possession_losses_expanding,0.0009988749880591877,lightgbm,snapshot_classification
prematch_diff_event_completed_passes_roll10,0.0009850598393880436,lightgbm,snapshot_classification
prematch_away_event_completed_passes_roll5,0.000979921395764341,lightgbm,snapshot_classification
prematch_home_event_shots_on_target_roll10,0.0008916766265671052,lightgbm,snapshot_classification
prematch_away_event_duels_won_roll3,0.0008753804376806793,lightgbm,snapshot_classification
prematch_away_event_passes_expanding,0.0008657561186311251,lightgbm,snapshot_classification
prematch_away_event_points_roll3,0.0008421601414116481,lightgbm,snapshot_classification
prematch_home_p1_accumulated_eigenvector_centrality_expanding,0.0008175527162632072,lightgbm,snapshot_classification
prematch_diff_p1_possession_losses_roll3,0.0008063589577086434,lightgbm,snapshot_classification
prematch_away_p1_accumulated_eigenvector_centrality_roll3,0.0007966577762602412,lightgbm,snapshot_classification
prematch_diff_event_recoveries_expanding,0.0007901149349969263,lightgbm,snapshot_classification
prematch_home_event_duels_won_roll5,0.0007761833316400768,lightgbm,snapshot_classification
prematch_home_p1_mean_zone_recovery_roll3,0.000763849164262899,lightgbm,snapshot_classification
prematch_home_event_possessions_roll5,0.0007426996622112501,lightgbm,snapshot_classification
prematch_home_p1_maximum_zone_centrality_roll5,0.0007130164056334913,lightgbm,snapshot_classification
prematch_away_p1_accumulated_eigenvector_centrality_roll10,0.0007059221752156092,lightgbm,snapshot_classification
prematch_away_event_interceptions_expanding,0.0006856266347867534,lightgbm,snapshot_classification
prematch_diff_event_shots_on_target_roll5,0.000681360610510606,lightgbm,snapshot_classification
prematch_diff_p1_mean_zone_leakage_roll10,0.0006620226251209196,lightgbm,snapshot_classification
away_cum_shots,0.0006387567900152871,lightgbm,snapshot_classification
prematch_home_event_completed_passes_roll5,0.0006342071720675872,lightgbm,snapshot_classification
prematch_home_event_red_cards_roll10,0.0006197837500798662,lightgbm,snapshot_classification
prematch_away_event_fouls_roll5,0.0005847496206581129,lightgbm,snapshot_classification
diff_cum_passes,0.0005794956208938204,lightgbm,snapshot_classification
prematch_away_p1_possession_losses_roll3,0.0005781832215089466,lightgbm,snapshot_classification
away_cum_interceptions,0.0005602908532135396,lightgbm,snapshot_classification
prematch_diff_event_passes_roll5,0.0005480955617482217,lightgbm,snapshot_classification
prematch_home_p1_median_zone_recovery_roll3,0.0005343878263825781,lightgbm,snapshot_classification
prematch_home_p1_mean_zone_leakage_roll10,0.0004772116531487235,lightgbm,snapshot_classification
diff_cum_final_third_entries,0.00044979301484642637,lightgbm,snapshot_classification
prematch_diff_event_passes_roll3,0.0004483702443725432,lightgbm,snapshot_classification
prematch_diff_p1_mean_zone_leakage_roll3,0.00042211679834743677,lightgbm,snapshot_classification
prematch_away_p1_maximum_zone_centrality_expanding,0.000420909274019529,lightgbm,snapshot_classification
prematch_away_event_goals_against_expanding,0.00041774414831131256,lightgbm,snapshot_classification
prematch_diff_event_red_cards_roll3,0.0003606082735973062,lightgbm,snapshot_classification
prematch_home_event_carries_roll10,0.00032003529417580696,lightgbm,snapshot_classification
prematch_diff_p1_maximum_zone_centrality_expanding,0.0002768256015461329,lightgbm,snapshot_classification
prematch_diff_event_goals_for_roll3,0.0002472595797936179,lightgbm,snapshot_classification
prematch_home_event_xg_expanding,0.00024690255133326026,lightgbm,snapshot_classification
prematch_away_p1_possession_losses_expanding,0.0002395284353550448,lightgbm,snapshot_classification
prematch_diff_event_recoveries_roll5,0.00023094686255604037,lightgbm,snapshot_classification
prematch_home_event_shots_roll3,0.00022154423424855296,lightgbm,snapshot_classification
prematch_diff_event_goals_against_roll10,0.00020822824214749032,lightgbm,snapshot_classification
prematch_diff_event_final_third_entries_roll10,0.00019984933847323145,lightgbm,snapshot_classification
diff_cum_completed_passes,0.00019715861903147854,lightgbm,snapshot_classification
prematch_away_p1_median_zone_recovery_roll5,0.00019243633865901724,lightgbm,snapshot_classification
prematch_away_event_passes_roll3,0.00018985622173433133,lightgbm,snapshot_classification
prematch_diff_p1_maximum_zone_centrality_roll3,0.0001894796321703363,lightgbm,snapshot_classification
diff_cum_interceptions,0.00013598379817901388,lightgbm,snapshot_classification
prematch_diff_event_points_roll3,0.00010976295442796072,lightgbm,snapshot_classification
diff_cum_pressures,0.00010219330422580987,lightgbm,snapshot_classification
prematch_home_event_xg_roll10,0.00010073189846555805,lightgbm,snapshot_classification
prematch_away_event_shots_on_target_roll3,9.530098868141918e-05,lightgbm,snapshot_classification
away_recent10_completed_passes,9.246138178320483e-05,lightgbm,snapshot_classification
prematch_diff_p1_maximum_zone_centrality_roll10,8.756035468162456e-05,lightgbm,snapshot_classification
prematch_diff_event_duels_won_expanding,8.450101812384328e-05,lightgbm,snapshot_classification
prematch_diff_event_xg_roll5,8.168618765619899e-05,lightgbm,snapshot_classification
diff_cum_fouls,7.589528830239471e-05,lightgbm,snapshot_classification
prematch_home_p1_maximum_zone_centrality_roll3,7.432388292506779e-05,lightgbm,snapshot_classification
prematch_diff_event_red_cards_roll5,6.192130390439078e-05,lightgbm,snapshot_classification
prematch_diff_event_shots_expanding,5.927583681101597e-05,lightgbm,snapshot_classification
prematch_home_p1_maximum_zone_centrality_roll10,5.902913478920788e-05,lightgbm,snapshot_classification
prematch_home_event_shots_on_target_expanding,5.840019445636103e-05,lightgbm,snapshot_classification
away_cum_fouls,5.4088854257258045e-05,lightgbm,snapshot_classification
home_score,4.804415440866074e-05,lightgbm,snapshot_classification
diff_cum_recoveries,4.687188843327669e-05,lightgbm,snapshot_classification
prematch_home_event_shots_expanding,4.493704015239253e-05,lightgbm,snapshot_classification
home_cum_carries,4.351232372206813e-05,lightgbm,snapshot_classification
home_cum_fouls,3.990476286823621e-05,lightgbm,snapshot_classification
prematch_away_event_interceptions_roll3,3.7213769576190674e-05,lightgbm,snapshot_classification
prematch_away_event_goals_for_expanding,2.885362814959427e-05,lightgbm,snapshot_classification
prematch_away_event_yellow_cards_roll10,2.1117813887350488e-05,lightgbm,snapshot_classification
prematch_diff_p1_accumulated_eigenvector_centrality_roll3,1.926511632531992e-05,lightgbm,snapshot_classification
home_cum_passes,1.1564709499422995e-05,lightgbm,snapshot_classification
prematch_diff_event_xg_expanding,9.931607473715918e-06,lightgbm,snapshot_classification
away_cum_final_third_entries,9.83848910935005e-06,lightgbm,snapshot_classification
prematch_home_event_passes_roll5,8.244790257090804e-06,lightgbm,snapshot_classification
prematch_away_event_red_cards_roll3,7.712940276568085e-06,lightgbm,snapshot_classification
home_cum_shots,6.344374708417052e-06,lightgbm,snapshot_classification
prematch_away_event_possessions_roll5,6.123498055132326e-06,lightgbm,snapshot_classification
prematch_away_event_goals_for_roll3,2.858937673886821e-06,lightgbm,snapshot_classification
prematch_away_p1_median_zone_leakage_roll10,2.707546269730731e-06,lightgbm,snapshot_classification
prematch_away_event_passes_roll10,2.467008179895072e-06,lightgbm,snapshot_classification
home_recent5_passes,1.3150222574162714e-06,lightgbm,snapshot_classification
home_recent10_carries,1.0784917581737225e-06,lightgbm,snapshot_classification
away_cum_red_cards,4.7085973515252434e-07,lightgbm,snapshot_classification
prematch_diff_p1_possession_recoveries_roll10,0.0,lightgbm,snapshot_classification
prematch_diff_p1_possession_recoveries_roll5,0.0,lightgbm,snapshot_classification
diff_recent10_completed_passes,0.0,lightgbm,snapshot_classification
diff_recent10_final_third_entries,0.0,lightgbm,snapshot_classification
diff_recent10_passes,0.0,lightgbm,snapshot_classification
diff_recent10_shots,0.0,lightgbm,snapshot_classification
diff_cum_yellow_cards,0.0,lightgbm,snapshot_classification
diff_cum_red_cards,0.0,lightgbm,snapshot_classification
diff_recent10_pressures,0.0,lightgbm,snapshot_classification
diff_recent10_interceptions,0.0,lightgbm,snapshot_classification
prematch_away_event_interceptions_roll10,0.0,lightgbm,snapshot_classification
prematch_away_event_interceptions_roll5,0.0,lightgbm,snapshot_classification
prematch_diff_event_xg_roll10,0.0,lightgbm,snapshot_classification
prematch_away_event_completed_passes_expanding,0.0,lightgbm,snapshot_classification
prematch_diff_event_interceptions_roll10,0.0,lightgbm,snapshot_classification
away_recent5_carries,0.0,lightgbm,snapshot_classification
away_cum_carries,0.0,lightgbm,snapshot_classification
away_recent10_red_cards,0.0,lightgbm,snapshot_classification
away_recent5_red_cards,0.0,lightgbm,snapshot_classification
prematch_diff_event_shots_roll10,0.0,lightgbm,snapshot_classification
prematch_diff_event_passes_expanding,0.0,lightgbm,snapshot_classification
prematch_diff_event_completed_passes_roll5,0.0,lightgbm,snapshot_classification
prematch_diff_event_matches_played_prior,0.0,lightgbm,snapshot_classification
prematch_diff_event_passes_roll10,0.0,lightgbm,snapshot_classification
prematch_away_event_red_cards_expanding,0.0,lightgbm,snapshot_classification
prematch_away_event_carries_roll10,0.0,lightgbm,snapshot_classification
prematch_away_event_carries_roll5,0.0,lightgbm,snapshot_classification
home_cum_final_third_entries,0.0,lightgbm,snapshot_classification
home_recent10_passes,0.0,lightgbm,snapshot_classification
home_recent5_completed_passes,0.0,lightgbm,snapshot_classification
home_recent10_completed_passes,0.0,lightgbm,snapshot_classification
prematch_diff_event_shots_on_target_roll3,0.0,lightgbm,snapshot_classification
away_recent10_passes,0.0,lightgbm,snapshot_classification
away_recent5_passes,0.0,lightgbm,snapshot_classification
away_cum_passes,0.0,lightgbm,snapshot_classification
away_recent10_shots,0.0,lightgbm,snapshot_classification
away_recent5_shots,0.0,lightgbm,snapshot_classification
prematch_diff_p1_mean_zone_leakage_roll5,0.0,lightgbm,snapshot_classification
prematch_diff_p1_mean_zone_centrality_expanding,0.0,lightgbm,snapshot_classification
prematch_diff_p1_mean_zone_centrality_roll10,0.0,lightgbm,snapshot_classification
prematch_diff_p1_completed_passes_roll10,0.0,lightgbm,snapshot_classification
prematch_diff_p1_completed_passes_roll5,0.0,lightgbm,snapshot_classification
prematch_diff_p1_completed_passes_roll3,0.0,lightgbm,snapshot_classification
prematch_diff_p1_mean_zone_centrality_roll3,0.0,lightgbm,snapshot_classification
prematch_diff_p1_maximum_zone_recovery_expanding,0.0,lightgbm,snapshot_classification
prematch_diff_p1_mean_zone_centrality_roll5,0.0,lightgbm,snapshot_classification
home_recent5_shots,0.0,lightgbm,snapshot_classification
home_recent10_final_third_entries,0.0,lightgbm,snapshot_classification
prematch_away_event_shots_roll10,0.0,lightgbm,snapshot_classification
prematch_away_event_shots_roll5,0.0,lightgbm,snapshot_classification
prematch_away_event_pressures_roll10,0.0,lightgbm,snapshot_classification
prematch_away_event_final_third_entries_expanding,0.0,lightgbm,snapshot_classification
prematch_home_event_yellow_cards_expanding,0.0,lightgbm,snapshot_classification
prematch_home_event_red_cards_roll3,0.0,lightgbm,snapshot_classification
away_recent10_final_third_entries,0.0,lightgbm,snapshot_classification
away_recent5_final_third_entries,0.0,lightgbm,snapshot_classification
away_recent5_xg,0.0,lightgbm,snapshot_classification
away_recent5_completed_passes,0.0,lightgbm,snapshot_classification
away_recent10_xg,0.0,lightgbm,snapshot_classification
home_in_possession,0.0,lightgbm,snapshot_classification
prematch_diff_event_fouls_expanding,0.0,lightgbm,snapshot_classification
prematch_home_p1_rest_days,0.0,lightgbm,snapshot_classification
prematch_season_progress,0.0,lightgbm,snapshot_classification
away_recent10_carries,0.0,lightgbm,snapshot_classification
prematch_away_event_red_cards_roll5,0.0,lightgbm,snapshot_classification
prematch_away_event_red_cards_roll10,0.0,lightgbm,snapshot_classification
prematch_away_event_completed_passes_roll10,0.0,lightgbm,snapshot_classification
prematch_away_event_completed_passes_roll3,0.0,lightgbm,snapshot_classification
prematch_home_p1_matches_played_prior,0.0,lightgbm,snapshot_classification
away_cum_recoveries,0.0,lightgbm,snapshot_classification
away_recent10_yellow_cards,0.0,lightgbm,snapshot_classification
away_recent10_pressures,0.0,lightgbm,snapshot_classification
away_recent10_fouls,0.0,lightgbm,snapshot_classification
diff_recent5_completed_passes,0.0,lightgbm,snapshot_classification
diff_recent5_passes,0.0,lightgbm,snapshot_classification
diff_recent5_shots,0.0,lightgbm,snapshot_classification
prematch_away_event_shots_on_target_expanding,0.0,lightgbm,snapshot_classification
away_recent5_yellow_cards,0.0,lightgbm,snapshot_classification
away_cum_yellow_cards,0.0,lightgbm,snapshot_classification
prematch_away_event_yellow_cards_expanding,0.0,lightgbm,snapshot_classification
prematch_away_p1_mean_zone_centrality_expanding,0.0,lightgbm,snapshot_classification
prematch_away_p1_mean_zone_centrality_roll10,0.0,lightgbm,snapshot_classification
prematch_away_p1_mean_zone_centrality_roll5,0.0,lightgbm,snapshot_classification
prematch_away_p1_mean_zone_centrality_roll3,0.0,lightgbm,snapshot_classification
prematch_away_p1_maximum_zone_centrality_roll10,0.0,lightgbm,snapshot_classification
prematch_home_p1_maximum_zone_recovery_expanding,0.0,lightgbm,snapshot_classification
prematch_home_p1_completed_passes_roll5,0.0,lightgbm,snapshot_classification
prematch_home_p1_completed_passes_roll3,0.0,lightgbm,snapshot_classification
prematch_home_event_carries_roll3,0.0,lightgbm,snapshot_classification
prematch_home_event_carries_roll5,0.0,lightgbm,snapshot_classification
diff_recent5_final_third_entries,0.0,lightgbm,snapshot_classification
prematch_home_p1_completed_passes_roll10,0.0,lightgbm,snapshot_classification
prematch_home_p1_completed_passes_expanding,0.0,lightgbm,snapshot_classification
diff_recent10_fouls,0.0,lightgbm,snapshot_classification
diff_recent10_yellow_cards,0.0,lightgbm,snapshot_classification
prematch_home_event_red_cards_roll5,0.0,lightgbm,snapshot_classification
prematch_away_event_matches_played_prior,0.0,lightgbm,snapshot_classification
diff_recent5_carries,0.0,lightgbm,snapshot_classification
prematch_home_p1_mean_zone_leakage_roll3,0.0,lightgbm,snapshot_classification
diff_recent5_red_cards,0.0,lightgbm,snapshot_classification
prematch_home_p1_mean_zone_centrality_expanding,0.0,lightgbm,snapshot_classification
prematch_home_p1_mean_zone_centrality_roll3,0.0,lightgbm,snapshot_classification
prematch_diff_event_duels_won_roll5,0.0,lightgbm,snapshot_classification
prematch_home_p1_maximum_zone_leakage_expanding,0.0,lightgbm,snapshot_classification
prematch_home_p1_mean_zone_recovery_expanding,0.0,lightgbm,snapshot_classification
prematch_home_p1_mean_zone_recovery_roll10,0.0,lightgbm,snapshot_classification
prematch_home_p1_median_zone_recovery_expanding,0.0,lightgbm,snapshot_classification
prematch_home_p1_mean_zone_centrality_roll5,0.0,lightgbm,snapshot_classification
prematch_home_p1_mean_zone_centrality_roll10,0.0,lightgbm,snapshot_classification
prematch_home_p1_maximum_zone_centrality_expanding,0.0,lightgbm,snapshot_classification
away_recent5_pressures,0.0,lightgbm,snapshot_classification
away_cum_pressures,0.0,lightgbm,snapshot_classification
home_recent10_red_cards,0.0,lightgbm,snapshot_classification
home_recent5_red_cards,0.0,lightgbm,snapshot_classification
prematch_away_p1_accumulated_eigenvector_centrality_roll5,0.0,lightgbm,snapshot_classification
prematch_away_p1_rest_days,0.0,lightgbm,snapshot_classification
prematch_away_p1_mean_zone_leakage_expanding,0.0,lightgbm,snapshot_classification
prematch_away_p1_matches_played_prior,0.0,lightgbm,snapshot_classification
prematch_home_event_recoveries_roll5,0.0,lightgbm,snapshot_classification
prematch_home_event_pressures_expanding,0.0,lightgbm,snapshot_classification
prematch_home_event_completed_passes_roll10,0.0,lightgbm,snapshot_classification
prematch_home_event_carries_expanding,0.0,lightgbm,snapshot_classification
diff_recent5_xg,0.0,lightgbm,snapshot_classification
diff_recent5_pressures,0.0,lightgbm,snapshot_classification
diff_recent5_recoveries,0.0,lightgbm,snapshot_classification
diff_recent5_interceptions,0.0,lightgbm,snapshot_classification
diff_recent5_fouls,0.0,lightgbm,snapshot_classification
diff_recent5_yellow_cards,0.0,lightgbm,snapshot_classification
prematch_away_p1_completed_passes_roll3,0.0,lightgbm,snapshot_classification
prematch_away_p1_maximum_zone_recovery_roll10,0.0,lightgbm,snapshot_classification
prematch_away_p1_maximum_zone_recovery_roll5,0.0,lightgbm,snapshot_classification
prematch_away_p1_mean_zone_leakage_roll10,0.0,lightgbm,snapshot_classification
away_recent5_interceptions,0.0,lightgbm,snapshot_classification
prematch_away_p1_completed_passes_roll5,0.0,lightgbm,snapshot_classification
away_recent10_recoveries,0.0,lightgbm,snapshot_classification
away_recent5_recoveries,0.0,lightgbm,snapshot_classification
prematch_away_p1_possession_losses_roll5,0.0,lightgbm,snapshot_classification
prematch_away_p1_completed_passes_expanding,0.0,lightgbm,snapshot_classification
prematch_away_p1_mean_zone_leakage_roll5,0.0,lightgbm,snapshot_classification
prematch_away_p1_possession_recoveries_roll3,0.0,lightgbm,snapshot_classification
home_recent10_xg,0.0,lightgbm,snapshot_classification
prematch_away_p1_completed_passes_roll10,0.0,lightgbm,snapshot_classification
home_recent5_xg,0.0,lightgbm,snapshot_classification
home_recent5_carries,0.0,lightgbm,snapshot_classification
phase_late,0.0,lightgbm,snapshot_classification
match_fraction,0.0,lightgbm,snapshot_classification
phase_first_half,0.0,lightgbm,snapshot_classification
phase_halftime,0.0,lightgbm,snapshot_classification
diff_recent10_xg,0.0,lightgbm,snapshot_classification
away_recent10_interceptions,0.0,lightgbm,snapshot_classification
diff_recent10_red_cards,0.0,lightgbm,snapshot_classification
diff_recent10_carries,0.0,lightgbm,snapshot_classification
prematch_diff_p1_rest_days,0.0,lightgbm,snapshot_classification
prematch_diff_p1_matches_played_prior,0.0,lightgbm,snapshot_classification
prematch_home_event_completed_passes_expanding,0.0,lightgbm,snapshot_classification
away_recent5_fouls,0.0,lightgbm,snapshot_classification
prematch_away_p1_possession_recoveries_roll10,0.0,lightgbm,snapshot_classification
prematch_away_p1_possession_recoveries_expanding,0.0,lightgbm,snapshot_classification
prematch_diff_p1_maximum_zone_leakage_roll10,0.0,lightgbm,snapshot_classification
prematch_diff_p1_maximum_zone_leakage_roll3,0.0,lightgbm,snapshot_classification
home_recent5_yellow_cards,0.0,lightgbm,snapshot_classification
home_recent10_fouls,0.0,lightgbm,snapshot_classification
home_recent5_fouls,0.0,lightgbm,snapshot_classification
home_recent10_interceptions,0.0,lightgbm,snapshot_classification
prematch_diff_p1_median_zone_recovery_roll5,0.0,lightgbm,snapshot_classification
prematch_diff_p1_accumulated_eigenvector_centrality_expanding,0.0,lightgbm,snapshot_classification
prematch_diff_p1_completed_passes_expanding,0.0,lightgbm,snapshot_classification
home_recent10_yellow_cards,0.0,lightgbm,snapshot_classification
home_recent10_pressures,0.0,lightgbm,snapshot_classification
home_recent5_pressures,0.0,lightgbm,snapshot_classification
home_recent10_shots,0.0,lightgbm,snapshot_classification
home_cum_recoveries,0.0,lightgbm,snapshot_classification
home_recent5_interceptions,0.0,lightgbm,snapshot_classification
home_recent10_recoveries,0.0,lightgbm,snapshot_classification
home_recent5_recoveries,0.0,lightgbm,snapshot_classification
home_recent5_final_third_entries,0.0,lightgbm,snapshot_classification
score_diff,0.7304553881966896,random_forest,snapshot_regression
prematch_diff_p1_mean_zone_leakage_expanding,0.21494219082630545,random_forest,snapshot_regression
prematch_market_prob_A,0.1690334614759873,random_forest,snapshot_regression
prematch_away_event_points_expanding,0.08730436569239311,random_forest,snapshot_regression
prematch_diff_p1_median_zone_recovery_roll10,0.07094051718532947,random_forest,snapshot_regression
prematch_market_prob_H,0.04671803384860236,random_forest,snapshot_regression
prematch_diff_event_yellow_cards_expanding,0.030531033873359596,random_forest,snapshot_regression
prematch_home_p1_mean_zone_leakage_roll5,0.023072634414197976,random_forest,snapshot_regression
prematch_home_event_final_third_entries_roll5,0.021442419336734866,random_forest,snapshot_regression
prematch_home_event_interceptions_expanding,0.021226492704568806,random_forest,snapshot_regression
prematch_home_p1_median_zone_leakage_roll3,0.019110986513619987,random_forest,snapshot_regression
prematch_diff_event_yellow_cards_roll10,0.01770605301577734,random_forest,snapshot_regression
prematch_diff_p1_maximum_zone_leakage_expanding,0.016591637539637213,random_forest,snapshot_regression
prematch_home_p1_possession_losses_roll5,0.01496882418651936,random_forest,snapshot_regression
prematch_diff_p1_maximum_zone_leakage_roll5,0.014308439418852056,random_forest,snapshot_regression
prematch_diff_p1_maximum_zone_recovery_roll5,0.014001963428236805,random_forest,snapshot_regression
prematch_home_event_shots_on_target_roll3,0.013659721028670573,random_forest,snapshot_regression
prematch_home_p1_mean_zone_centrality_roll3,0.013475208002151833,random_forest,snapshot_regression
prematch_diff_event_goals_against_roll3,0.013160637211713523,random_forest,snapshot_regression
prematch_home_p1_accumulated_eigenvector_centrality_roll3,0.012983013384373096,random_forest,snapshot_regression
prematch_bookie_margin,0.01297545812697289,random_forest,snapshot_regression
prematch_away_p1_mean_zone_leakage_roll3,0.011696010993597532,random_forest,snapshot_regression
prematch_home_p1_possession_recoveries_roll5,0.00964102184477788,random_forest,snapshot_regression
prematch_away_event_carries_roll10,0.009466505538504463,random_forest,snapshot_regression
prematch_diff_event_carries_roll10,0.009234903199327595,random_forest,snapshot_regression
prematch_home_p1_possession_recoveries_roll10,0.008972667662907998,random_forest,snapshot_regression
prematch_away_event_final_third_entries_roll3,0.008201326397958057,random_forest,snapshot_regression
prematch_diff_p1_median_zone_leakage_roll10,0.008048080367193504,random_forest,snapshot_regression
prematch_diff_event_shots_expanding,0.00797685313291353,random_forest,snapshot_regression
prematch_away_p1_maximum_zone_leakage_roll5,0.007866706540768513,random_forest,snapshot_regression
prematch_away_event_shots_roll3,0.007569088967520422,random_forest,snapshot_regression
prematch_diff_event_shots_on_target_roll5,0.007362922837096587,random_forest,snapshot_regression
prematch_diff_p1_possession_recoveries_expanding,0.006816044001840953,random_forest,snapshot_regression
prematch_diff_p1_median_zone_leakage_expanding,0.006609446648908868,random_forest,snapshot_regression
prematch_diff_p1_maximum_zone_leakage_roll10,0.006570007707132625,random_forest,snapshot_regression
prematch_diff_p1_median_zone_recovery_roll3,0.0064810585824684065,random_forest,snapshot_regression
prematch_diff_event_recoveries_roll5,0.006434130808061449,random_forest,snapshot_regression
prematch_home_p1_maximum_zone_centrality_roll3,0.006414241485953728,random_forest,snapshot_regression
prematch_away_p1_maximum_zone_leakage_roll3,0.006392115769421052,random_forest,snapshot_regression
prematch_away_event_recoveries_roll3,0.006283122492186091,random_forest,snapshot_regression
prematch_away_event_xg_expanding,0.0059421792887421,random_forest,snapshot_regression
prematch_diff_event_xg_expanding,0.005786881193673163,random_forest,snapshot_regression
prematch_home_event_shots_expanding,0.005561257840589932,random_forest,snapshot_regression
prematch_diff_p1_mean_zone_recovery_expanding,0.005538323143340109,random_forest,snapshot_regression
prematch_home_event_xg_roll3,0.005538041618100548,random_forest,snapshot_regression
prematch_diff_p1_accumulated_eigenvector_centrality_roll5,0.005460586019533652,random_forest,snapshot_regression
prematch_home_event_yellow_cards_roll10,0.005458614094320964,random_forest,snapshot_regression
prematch_home_p1_maximum_zone_leakage_roll3,0.005247411688287144,random_forest,snapshot_regression
prematch_diff_event_fouls_expanding,0.005005280438217717,random_forest,snapshot_regression
prematch_away_event_possessions_roll10,0.00497651745185952,random_forest,snapshot_regression
prematch_home_event_recoveries_roll10,0.004626540017535434,random_forest,snapshot_regression
prematch_diff_p1_mean_zone_centrality_roll5,0.004507834454566782,random_forest,snapshot_regression
prematch_diff_event_final_third_entries_roll5,0.0044907194151088,random_forest,snapshot_regression
prematch_diff_event_final_third_entries_expanding,0.004482703822468531,random_forest,snapshot_regression
prematch_home_event_duels_won_expanding,0.00426317816810515,random_forest,snapshot_regression
prematch_diff_event_possessions_roll5,0.0042301753057241,random_forest,snapshot_regression
prematch_diff_p1_maximum_zone_centrality_roll5,0.004185301618664533,random_forest,snapshot_regression
prematch_away_event_fouls_expanding,0.00415499555303688,random_forest,snapshot_regression
prematch_home_event_completed_passes_roll3,0.004113831959197154,random_forest,snapshot_regression
prematch_away_p1_mean_zone_leakage_roll10,0.004022885677206739,random_forest,snapshot_regression
prematch_diff_p1_mean_zone_leakage_roll5,0.004004369349541174,random_forest,snapshot_regression
away_cum_xg,0.003979012315518475,random_forest,snapshot_regression
prematch_home_p1_median_zone_recovery_roll3,0.003976888784879434,random_forest,snapshot_regression
prematch_diff_p1_median_zone_leakage_roll3,0.003970534315431249,random_forest,snapshot_regression
prematch_diff_p1_median_zone_recovery_expanding,0.003949154990225098,random_forest,snapshot_regression
prematch_home_event_interceptions_roll5,0.0039008260779066642,random_forest,snapshot_regression
prematch_away_event_duels_won_roll3,0.0038840022370770578,random_forest,snapshot_regression
prematch_home_event_shots_roll5,0.0038408711290910755,random_forest,snapshot_regression
prematch_diff_p1_possession_losses_expanding,0.003824222951099523,random_forest,snapshot_regression
prematch_home_event_xg_roll10,0.003652653001652469,random_forest,snapshot_regression
prematch_diff_event_possessions_roll10,0.003642702111176772,random_forest,snapshot_regression
prematch_home_p1_median_zone_recovery_roll5,0.0036274100085309097,random_forest,snapshot_regression
prematch_home_event_goals_for_roll10,0.0035731617342326734,random_forest,snapshot_regression
prematch_diff_event_red_cards_roll10,0.0035566118643337976,random_forest,snapshot_regression
prematch_home_event_shots_roll10,0.0034097020812356993,random_forest,snapshot_regression
prematch_home_event_points_roll3,0.0034075454178714975,random_forest,snapshot_regression
prematch_diff_event_yellow_cards_roll5,0.0033135034032303664,random_forest,snapshot_regression
prematch_home_event_fouls_expanding,0.003277457169379068,random_forest,snapshot_regression
prematch_diff_event_points_expanding,0.0032103417739840724,random_forest,snapshot_regression
prematch_home_p1_maximum_zone_leakage_roll5,0.003208089126970356,random_forest,snapshot_regression
prematch_away_event_fouls_roll3,0.003193397039437755,random_forest,snapshot_regression
prematch_diff_p1_possession_recoveries_roll3,0.003168217360054289,random_forest,snapshot_regression
prematch_home_p1_completed_passes_roll3,0.0031515159633543634,random_forest,snapshot_regression
prematch_diff_event_goals_against_roll5,0.0030252401861953575,random_forest,snapshot_regression
prematch_home_event_passes_roll3,0.002958176966129267,random_forest,snapshot_regression
prematch_away_event_final_third_entries_expanding,0.00291227511934229,random_forest,snapshot_regression
prematch_diff_event_passes_roll3,0.0028245689974388767,random_forest,snapshot_regression
prematch_home_p1_accumulated_eigenvector_centrality_roll5,0.0028197366646467745,random_forest,snapshot_regression
prematch_home_event_xg_roll5,0.002808183138146654,random_forest,snapshot_regression
prematch_away_p1_maximum_zone_leakage_expanding,0.0028022782446440815,random_forest,snapshot_regression
prematch_away_event_goals_against_roll3,0.002785981591657515,random_forest,snapshot_regression
prematch_calendar_cos,0.0027819008914971286,random_forest,snapshot_regression
prematch_away_p1_median_zone_recovery_roll3,0.0027611642494187838,random_forest,snapshot_regression
prematch_home_event_shots_roll3,0.0026937269642276253,random_forest,snapshot_regression
prematch_home_p1_maximum_zone_leakage_expanding,0.0026845159946619207,random_forest,snapshot_regression
prematch_market_prob_D,0.002643651212941193,random_forest,snapshot_regression
prematch_diff_event_pressures_expanding,0.0026061251566483028,random_forest,snapshot_regression
prematch_diff_p1_mean_zone_centrality_roll3,0.002553443321285397,random_forest,snapshot_regression
prematch_away_p1_median_zone_recovery_roll10,0.0025367754727462313,random_forest,snapshot_regression
prematch_diff_event_duels_won_roll3,0.002521351154264242,random_forest,snapshot_regression
prematch_away_event_yellow_cards_roll10,0.0025079024764042518,random_forest,snapshot_regression
prematch_home_event_recoveries_roll5,0.0025052806818246275,random_forest,snapshot_regression
home_cum_pressures,0.002425163341871693,random_forest,snapshot_regression
prematch_home_event_goals_against_roll5,0.0024073483867401834,random_forest,snapshot_regression
prematch_home_p1_median_zone_leakage_roll10,0.0023755780789659607,random_forest,snapshot_regression
prematch_diff_p1_maximum_zone_centrality_expanding,0.002375503951110046,random_forest,snapshot_regression
prematch_home_p1_possession_recoveries_expanding,0.0023454818775201364,random_forest,snapshot_regression
prematch_home_p1_mean_zone_centrality_roll5,0.002341264752077547,random_forest,snapshot_regression
prematch_diff_event_recoveries_roll10,0.0022908589041064366,random_forest,snapshot_regression
prematch_home_event_red_cards_expanding,0.0022779386422302067,random_forest,snapshot_regression
prematch_away_p1_median_zone_leakage_expanding,0.0022719679898581145,random_forest,snapshot_regression
prematch_home_p1_mean_zone_centrality_roll10,0.0022690906253618843,random_forest,snapshot_regression
prematch_away_p1_completed_passes_roll10,0.002227204654863868,random_forest,snapshot_regression
prematch_diff_event_final_third_entries_roll3,0.0021914143194570793,random_forest,snapshot_regression
prematch_home_event_interceptions_roll10,0.002186614252587965,random_forest,snapshot_regression
prematch_away_event_carries_expanding,0.0021835272832250677,random_forest,snapshot_regression
prematch_away_event_possessions_roll3,0.0021825416072689713,random_forest,snapshot_regression
prematch_diff_p1_mean_zone_recovery_roll5,0.002172433625193545,random_forest,snapshot_regression
prematch_diff_event_goals_for_expanding,0.0021581151777930936,random_forest,snapshot_regression
prematch_away_p1_possession_losses_roll3,0.0021441758610947696,random_forest,snapshot_regression
prematch_diff_p1_switching_factor_expanding,0.0021278458431112325,random_forest,snapshot_regression
prematch_away_p1_switching_factor_roll10,0.0021270473925789836,random_forest,snapshot_regression
prematch_away_event_goals_against_roll10,0.0020972021294778957,random_forest,snapshot_regression
prematch_diff_event_goals_against_expanding,0.0020908363191905577,random_forest,snapshot_regression
prematch_home_p1_mean_zone_recovery_expanding,0.002084757902841163,random_forest,snapshot_regression
prematch_home_event_final_third_entries_roll10,0.0020756194792707922,random_forest,snapshot_regression
prematch_away_event_duels_won_roll5,0.0020746489423410603,random_forest,snapshot_regression
prematch_diff_event_goals_against_roll10,0.0020637467352492373,random_forest,snapshot_regression
prematch_away_p1_maximum_zone_centrality_roll10,0.0020572042695898227,random_forest,snapshot_regression
prematch_diff_event_shots_on_target_expanding,0.002050472377619958,random_forest,snapshot_regression
prematch_away_event_final_third_entries_roll10,0.0020405541981052358,random_forest,snapshot_regression
prematch_diff_p1_mean_zone_centrality_expanding,0.0020375481120052186,random_forest,snapshot_regression
prematch_home_p1_maximum_zone_recovery_roll3,0.00201534663095055,random_forest,snapshot_regression
prematch_diff_event_recoveries_roll3,0.001986086467205415,random_forest,snapshot_regression
prematch_diff_event_shots_roll3,0.0019763763936839268,random_forest,snapshot_regression
prematch_home_event_fouls_roll10,0.0019652494261820355,random_forest,snapshot_regression
prematch_home_p1_possession_losses_expanding,0.0019525388144104358,random_forest,snapshot_regression
prematch_home_p1_maximum_zone_recovery_expanding,0.0019462599682442427,random_forest,snapshot_regression
prematch_away_p1_median_zone_recovery_roll5,0.0019424153924389575,random_forest,snapshot_regression
prematch_away_event_pressures_roll10,0.0019372292184739784,random_forest,snapshot_regression
prematch_diff_p1_matches_played_prior,0.0019363951843329346,random_forest,snapshot_regression
prematch_away_event_fouls_roll5,0.0019084388625568297,random_forest,snapshot_regression
prematch_home_p1_median_zone_leakage_roll5,0.0018955412944527802,random_forest,snapshot_regression
prematch_home_p1_mean_zone_leakage_expanding,0.001890358672041332,random_forest,snapshot_regression
prematch_away_event_shots_roll5,0.0018787509922583061,random_forest,snapshot_regression
prematch_diff_p1_maximum_zone_leakage_roll3,0.0018736940137093823,random_forest,snapshot_regression
prematch_diff_event_shots_on_target_roll10,0.0018583096568132813,random_forest,snapshot_regression
prematch_away_event_fouls_roll10,0.0018474160793058802,random_forest,snapshot_regression
prematch_diff_event_yellow_cards_roll3,0.0018449019361206878,random_forest,snapshot_regression
prematch_diff_p1_mean_zone_leakage_roll3,0.0018351726656036453,random_forest,snapshot_regression
prematch_home_event_red_cards_roll10,0.0018286555134074442,random_forest,snapshot_regression
prematch_diff_p1_maximum_zone_recovery_roll3,0.0017913543381155605,random_forest,snapshot_regression
prematch_diff_event_fouls_roll10,0.0017718213105689694,random_forest,snapshot_regression
prematch_diff_event_goals_for_roll5,0.001736430952005484,random_forest,snapshot_regression
prematch_home_event_interceptions_roll3,0.001725622611100217,random_forest,snapshot_regression
prematch_home_event_xg_expanding,0.0017244466777831834,random_forest,snapshot_regression
prematch_diff_event_recoveries_expanding,0.0017046900615432432,random_forest,snapshot_regression
prematch_away_p1_median_zone_recovery_expanding,0.001661109297462549,random_forest,snapshot_regression
prematch_home_p1_matches_played_prior,0.0016419982249259505,random_forest,snapshot_regression
prematch_home_event_shots_on_target_expanding,0.0016374963693070832,random_forest,snapshot_regression
prematch_diff_p1_mean_zone_leakage_roll10,0.0016288355826957835,random_forest,snapshot_regression
prematch_home_event_goals_against_roll3,0.0016280496256892629,random_forest,snapshot_regression
prematch_away_event_final_third_entries_roll5,0.0015996605395087226,random_forest,snapshot_regression
prematch_away_p1_maximum_zone_recovery_roll3,0.0015925677687706162,random_forest,snapshot_regression
prematch_home_event_yellow_cards_expanding,0.0015840888759629263,random_forest,snapshot_regression
prematch_home_p1_median_zone_leakage_expanding,0.001581801014622316,random_forest,snapshot_regression
prematch_diff_p1_switching_factor_roll5,0.0015810421386571196,random_forest,snapshot_regression
prematch_away_event_goals_for_roll5,0.0015514786474074558,random_forest,snapshot_regression
prematch_home_event_goals_against_roll10,0.0015447174777787973,random_forest,snapshot_regression
prematch_diff_event_points_roll3,0.0015157190509987152,random_forest,snapshot_regression
prematch_away_event_goals_against_expanding,0.0015140747679998313,random_forest,snapshot_regression
prematch_away_event_yellow_cards_roll3,0.0014958086891144935,random_forest,snapshot_regression
prematch_diff_event_duels_won_expanding,0.0014765172535244698,random_forest,snapshot_regression
prematch_diff_event_red_cards_expanding,0.001465385432276541,random_forest,snapshot_regression
prematch_home_event_duels_won_roll3,0.0014632423208859589,random_forest,snapshot_regression
prematch_home_p1_switching_factor_roll3,0.0014509084827848545,random_forest,snapshot_regression
prematch_home_event_final_third_entries_roll3,0.001449444802561527,random_forest,snapshot_regression
prematch_away_p1_mean_zone_recovery_roll10,0.0014290912075450783,random_forest,snapshot_regression
prematch_home_p1_maximum_zone_centrality_roll10,0.0014287513559051474,random_forest,snapshot_regression
prematch_home_event_recoveries_roll3,0.001423564130844911,random_forest,snapshot_regression
prematch_home_event_matches_played_prior,0.0014235502120708233,random_forest,snapshot_regression
prematch_away_event_completed_passes_roll3,0.0014078095395559773,random_forest,snapshot_regression
prematch_away_event_shots_on_target_expanding,0.0014075966586110321,random_forest,snapshot_regression
prematch_away_p1_median_zone_leakage_roll3,0.0014045957725457054,random_forest,snapshot_regression
prematch_diff_event_matches_played_prior,0.0013974173856008422,random_forest,snapshot_regression
prematch_away_p1_mean_zone_recovery_expanding,0.001389517932433137,random_forest,snapshot_regression
prematch_home_event_points_expanding,0.0013843698505422717,random_forest,snapshot_regression
prematch_away_event_pressures_expanding,0.0013665864119360132,random_forest,snapshot_regression
prematch_diff_p1_maximum_zone_centrality_roll10,0.0013525868410462032,random_forest,snapshot_regression
prematch_away_event_red_cards_expanding,0.001349052832855755,random_forest,snapshot_regression
prematch_away_event_points_roll3,0.0013394426352066572,random_forest,snapshot_regression
prematch_away_event_passes_roll3,0.0013388914974936169,random_forest,snapshot_regression
prematch_away_p1_maximum_zone_leakage_roll10,0.0013372565505997862,random_forest,snapshot_regression
prematch_home_event_fouls_roll5,0.0013200427626477791,random_forest,snapshot_regression
prematch_diff_event_possessions_expanding,0.0012840441621793876,random_forest,snapshot_regression
prematch_diff_p1_accumulated_eigenvector_centrality_expanding,0.001262749972397777,random_forest,snapshot_regression
prematch_diff_p1_median_zone_recovery_roll5,0.001259817792034354,random_forest,snapshot_regression
prematch_diff_event_passes_roll10,0.0012571266317769998,random_forest,snapshot_regression
prematch_away_p1_accumulated_eigenvector_centrality_expanding,0.0012522884195735045,random_forest,snapshot_regression
prematch_home_p1_accumulated_eigenvector_centrality_roll10,0.0012501320366166857,random_forest,snapshot_regression
prematch_home_event_points_roll5,0.0012492927483860215,random_forest,snapshot_regression
prematch_home_p1_switching_factor_roll5,0.0012333026972137055,random_forest,snapshot_regression
prematch_diff_event_final_third_entries_roll10,0.001232356380294117,random_forest,snapshot_regression
prematch_away_event_red_cards_roll10,0.0012184527042815828,random_forest,snapshot_regression
prematch_diff_p1_possession_recoveries_roll5,0.0012144378805692877,random_forest,snapshot_regression
prematch_diff_p1_switching_factor_roll10,0.0012016539718920998,random_forest,snapshot_regression
prematch_away_event_recoveries_expanding,0.0012010637895277284,random_forest,snapshot_regression
prematch_away_event_red_cards_roll5,0.001178082504593885,random_forest,snapshot_regression
prematch_diff_event_completed_passes_roll5,0.00117433436969523,random_forest,snapshot_regression
prematch_diff_p1_mean_zone_recovery_roll10,0.001167011408082498,random_forest,snapshot_regression
prematch_away_p1_switching_factor_roll3,0.0011625175863101687,random_forest,snapshot_regression
prematch_home_event_final_third_entries_expanding,0.001161960272490064,random_forest,snapshot_regression
prematch_away_event_shots_expanding,0.0011392552565756178,random_forest,snapshot_regression
prematch_away_p1_mean_zone_leakage_expanding,0.0011172331992001627,random_forest,snapshot_regression
prematch_home_p1_maximum_zone_leakage_roll10,0.00111204878895372,random_forest,snapshot_regression
prematch_away_event_passes_expanding,0.001096332650115428,random_forest,snapshot_regression
prematch_home_event_pressures_roll3,0.0010933191120254336,random_forest,snapshot_regression
prematch_away_p1_median_zone_leakage_roll10,0.0010732257167197208,random_forest,snapshot_regression
prematch_away_event_matches_played_prior,0.0010694304961669117,random_forest,snapshot_regression
prematch_away_event_xg_roll3,0.0010584347677764206,random_forest,snapshot_regression
prematch_diff_p1_completed_passes_roll5,0.0010495164383004098,random_forest,snapshot_regression
prematch_home_event_fouls_roll3,0.0010453060381601272,random_forest,snapshot_regression
prematch_diff_event_interceptions_roll3,0.0010431380752161069,random_forest,snapshot_regression
prematch_diff_p1_mean_zone_recovery_roll3,0.0010419033125080286,random_forest,snapshot_regression
prematch_diff_event_duels_won_roll10,0.0010406134884148016,random_forest,snapshot_regression
prematch_away_event_yellow_cards_roll5,0.0010371023898213822,random_forest,snapshot_regression
prematch_diff_p1_accumulated_eigenvector_centrality_roll3,0.001032693083885046,random_forest,snapshot_regression
prematch_home_p1_possession_losses_roll3,0.0010292091138052193,random_forest,snapshot_regression
prematch_diff_event_possessions_roll3,0.0010200252187604916,random_forest,snapshot_regression
prematch_away_p1_matches_played_prior,0.0010186116857458165,random_forest,snapshot_regression
prematch_home_event_duels_won_roll5,0.0010096186674698302,random_forest,snapshot_regression
prematch_away_event_possessions_roll5,0.0010072727246021934,random_forest,snapshot_regression
prematch_home_event_pressures_roll5,0.0010034697552757383,random_forest,snapshot_regression
prematch_home_event_possessions_roll10,0.0009745577248359886,random_forest,snapshot_regression
prematch_diff_event_shots_roll5,0.0009653148095463158,random_forest,snapshot_regression
prematch_diff_p1_switching_factor_roll3,0.0009650409389744326,random_forest,snapshot_regression
prematch_home_p1_mean_zone_recovery_roll3,0.0009634464754009881,random_forest,snapshot_regression
prematch_away_event_goals_for_roll3,0.0009602426122148331,random_forest,snapshot_regression
prematch_away_p1_switching_factor_roll5,0.000951572153100688,random_forest,snapshot_regression
prematch_away_p1_mean_zone_recovery_roll5,0.0009467035336387031,random_forest,snapshot_regression
prematch_away_event_recoveries_roll5,0.0009392095262426687,random_forest,snapshot_regression
prematch_home_event_carries_roll5,0.0009218382315594027,random_forest,snapshot_regression
prematch_season_progress,0.0009182217244766668,random_forest,snapshot_regression
prematch_away_p1_maximum_zone_centrality_roll3,0.0009173343243250899,random_forest,snapshot_regression
prematch_away_event_completed_passes_expanding,0.0009131914203687906,random_forest,snapshot_regression
prematch_diff_event_passes_roll5,0.0009097338832328585,random_forest,snapshot_regression
prematch_away_event_goals_against_roll5,0.0009061458298858471,random_forest,snapshot_regression
prematch_home_event_possessions_roll3,0.0009052515071944843,random_forest,snapshot_regression
prematch_diff_event_shots_roll10,0.0008981335602752679,random_forest,snapshot_regression
prematch_home_p1_possession_recoveries_roll3,0.0008923327514667377,random_forest,snapshot_regression
prematch_away_p1_possession_losses_expanding,0.0008787023189884905,random_forest,snapshot_regression
prematch_diff_p1_maximum_zone_centrality_roll3,0.0008740708672849911,random_forest,snapshot_regression
prematch_home_p1_rest_days,0.0008675570023862687,random_forest,snapshot_regression
diff_cum_xg,0.0008659467495506131,random_forest,snapshot_regression
prematch_diff_event_xg_roll3,0.00085585347508524,random_forest,snapshot_regression
prematch_away_p1_rest_days,0.0008469588770979863,random_forest,snapshot_regression
prematch_diff_p1_possession_recoveries_roll10,0.0008407078014576694,random_forest,snapshot_regression
prematch_home_event_shots_on_target_roll10,0.000840314307063648,random_forest,snapshot_regression
prematch_away_p1_possession_recoveries_roll3,0.0008384859820067932,random_forest,snapshot_regression
prematch_away_event_interceptions_roll10,0.0008342093366132062,random_forest,snapshot_regression
prematch_home_p1_median_zone_recovery_expanding,0.0008318638436563369,random_forest,snapshot_regression
prematch_away_p1_mean_zone_centrality_roll10,0.0008257083543894735,random_forest,snapshot_regression
prematch_away_event_possessions_expanding,0.0008239058263636202,random_forest,snapshot_regression
prematch_home_event_shots_on_target_roll5,0.0008164395722134346,random_forest,snapshot_regression
prematch_away_event_duels_won_roll10,0.0008084601060153461,random_forest,snapshot_regression
prematch_home_p1_maximum_zone_recovery_roll10,0.0008054955821491089,random_forest,snapshot_regression
prematch_diff_p1_possession_losses_roll10,0.0008020301631593184,random_forest,snapshot_regression
prematch_home_p1_possession_losses_roll10,0.0007887707326320153,random_forest,snapshot_regression
prematch_away_event_recoveries_roll10,0.000785260645727498,random_forest,snapshot_regression
prematch_home_event_yellow_cards_roll5,0.0007796399262557165,random_forest,snapshot_regression
prematch_home_event_goals_against_expanding,0.0007756324223767046,random_forest,snapshot_regression
prematch_home_p1_median_zone_recovery_roll10,0.0007600673280981598,random_forest,snapshot_regression
prematch_home_p1_mean_zone_recovery_roll5,0.0007596477837216166,random_forest,snapshot_regression
prematch_home_event_recoveries_expanding,0.0007507763976028833,random_forest,snapshot_regression
prematch_away_p1_switching_factor_expanding,0.0007478607832183999,random_forest,snapshot_regression
prematch_diff_event_xg_roll5,0.0007466963474704191,random_forest,snapshot_regression
prematch_calendar_sin,0.0007457124842815552,random_forest,snapshot_regression
prematch_home_event_possessions_roll5,0.0007445014019450972,random_forest,snapshot_regression
prematch_diff_event_interceptions_roll5,0.0007316249448174502,random_forest,snapshot_regression
prematch_diff_event_pressures_roll3,0.0007268875254633852,random_forest,snapshot_regression
prematch_away_event_interceptions_roll3,0.0007262386820003224,random_forest,snapshot_regression
prematch_away_event_rest_days,0.0007229644509269748,random_forest,snapshot_regression
prematch_diff_event_fouls_roll5,0.0007188712181858786,random_forest,snapshot_regression
prematch_away_p1_mean_zone_leakage_roll5,0.0007181095824522471,random_forest,snapshot_regression
prematch_away_p1_accumulated_eigenvector_centrality_roll3,0.0007171384250997668,random_forest,snapshot_regression
prematch_away_event_goals_for_expanding,0.0007150615621463865,random_forest,snapshot_regression
prematch_home_event_possessions_expanding,0.0007138819157909851,random_forest,snapshot_regression
prematch_home_p1_mean_zone_leakage_roll3,0.000710989578350626,random_forest,snapshot_regression
prematch_away_event_pressures_roll5,0.0007071524295465468,random_forest,snapshot_regression
prematch_home_event_points_roll10,0.0007058780055864185,random_forest,snapshot_regression
prematch_diff_p1_maximum_zone_recovery_expanding,0.0007045875920961986,random_forest,snapshot_regression
prematch_home_event_duels_won_roll10,0.0007037998544466895,random_forest,snapshot_regression
prematch_home_event_pressures_roll10,0.0006989717797779883,random_forest,snapshot_regression
prematch_home_event_carries_expanding,0.0006970564030688581,random_forest,snapshot_regression
prematch_away_event_shots_on_target_roll5,0.0006914458205032434,random_forest,snapshot_regression
prematch_away_event_shots_on_target_roll10,0.0006802562847682784,random_forest,snapshot_regression
prematch_away_p1_maximum_zone_recovery_roll10,0.0006801213530120009,random_forest,snapshot_regression
prematch_away_event_interceptions_expanding,0.000677770283934279,random_forest,snapshot_regression
prematch_diff_p1_possession_losses_roll5,0.000672859386402561,random_forest,snapshot_regression
prematch_home_event_carries_roll3,0.000663434452643812,random_forest,snapshot_regression
prematch_away_p1_mean_zone_centrality_expanding,0.0006617166017523994,random_forest,snapshot_regression
prematch_diff_event_duels_won_roll5,0.0006602406315717043,random_forest,snapshot_regression
prematch_away_event_shots_roll10,0.0006601195407063552,random_forest,snapshot_regression
prematch_home_event_goals_for_expanding,0.0006599156770089442,random_forest,snapshot_regression
prematch_away_event_points_roll10,0.0006533492079551625,random_forest,snapshot_regression
prematch_diff_event_pressures_roll5,0.0006514500480916216,random_forest,snapshot_regression
prematch_diff_event_points_roll10,0.0006410292352686413,random_forest,snapshot_regression
prematch_away_p1_accumulated_eigenvector_centrality_roll10,0.0006387168193376293,random_forest,snapshot_regression
prematch_away_event_carries_roll3,0.0006339033111737631,random_forest,snapshot_regression
prematch_away_p1_maximum_zone_recovery_roll5,0.0006037932291073511,random_forest,snapshot_regression
prematch_away_event_points_roll5,0.000603207196899845,random_forest,snapshot_regression
prematch_away_p1_maximum_zone_centrality_expanding,0.000594568090670014,random_forest,snapshot_regression
prematch_diff_event_completed_passes_roll10,0.0005830020680077749,random_forest,snapshot_regression
prematch_diff_event_carries_roll3,0.0005777637988432836,random_forest,snapshot_regression
prematch_diff_event_goals_for_roll3,0.0005693621197354958,random_forest,snapshot_regression
prematch_away_p1_mean_zone_centrality_roll3,0.0005669995628684751,random_forest,snapshot_regression
prematch_away_event_xg_roll10,0.0005626913481207155,random_forest,snapshot_regression
prematch_home_p1_maximum_zone_centrality_expanding,0.0005599564129844753,random_forest,snapshot_regression
home_cum_interceptions,0.0005596580148975911,random_forest,snapshot_regression
diff_cum_pressures,0.0005549367479855975,random_forest,snapshot_regression
prematch_home_p1_maximum_zone_centrality_roll5,0.0005499679428886475,random_forest,snapshot_regression
prematch_away_p1_possession_recoveries_roll10,0.0005482283162331083,random_forest,snapshot_regression
prematch_away_p1_accumulated_eigenvector_centrality_roll5,0.0005462679069904602,random_forest,snapshot_regression
away_cum_carries,0.0005437191928357754,random_forest,snapshot_regression
prematch_away_p1_possession_recoveries_roll5,0.0005400697978466245,random_forest,snapshot_regression
prematch_diff_event_xg_roll10,0.0005375531347614892,random_forest,snapshot_regression
prematch_diff_event_carries_roll5,0.0005320090946592301,random_forest,snapshot_regression
prematch_home_p1_switching_factor_roll10,0.000531134022983207,random_forest,snapshot_regression
prematch_away_event_yellow_cards_expanding,0.0005275689939255243,random_forest,snapshot_regression
prematch_away_p1_mean_zone_centrality_roll5,0.0005227115176971736,random_forest,snapshot_regression
prematch_diff_event_shots_on_target_roll3,0.0005219893923569448,random_forest,snapshot_regression
prematch_diff_event_points_roll5,0.0005190433973466138,random_forest,snapshot_regression
prematch_diff_event_red_cards_roll5,0.0005170527633346203,random_forest,snapshot_regression
prematch_diff_p1_completed_passes_expanding,0.0005136105026044307,random_forest,snapshot_regression
prematch_diff_p1_maximum_zone_recovery_roll10,0.0005064502573899506,random_forest,snapshot_regression
home_cum_xg,0.0005059757801556586,random_forest,snapshot_regression
prematch_away_event_completed_passes_roll10,0.0005054323231390147,random_forest,snapshot_regression
prematch_away_event_duels_won_expanding,0.0005033759362684063,random_forest,snapshot_regression
prematch_home_p1_mean_zone_recovery_roll10,0.0004982618668042859,random_forest,snapshot_regression
prematch_diff_event_completed_passes_expanding,0.0004910343019189899,random_forest,snapshot_regression
prematch_home_event_passes_roll10,0.00048481401362016784,random_forest,snapshot_regression
prematch_away_p1_maximum_zone_centrality_roll5,0.0004790268645249894,random_forest,snapshot_regression
diff_cum_shots,0.00047693794846605795,random_forest,snapshot_regression
prematch_home_event_yellow_cards_roll3,0.00047453660483857377,random_forest,snapshot_regression
prematch_home_event_pressures_expanding,0.00046904234544430546,random_forest,snapshot_regression
prematch_away_event_xg_roll5,0.00046747151976576906,random_forest,snapshot_regression
prematch_diff_event_red_cards_roll3,0.0004673155196256453,random_forest,snapshot_regression
prematch_away_p1_mean_zone_recovery_roll3,0.00045810623597235305,random_forest,snapshot_regression
prematch_home_p1_switching_factor_expanding,0.0004456792128695618,random_forest,snapshot_regression
prematch_away_p1_maximum_zone_recovery_expanding,0.00044483051799058603,random_forest,snapshot_regression
diff_cum_final_third_entries,0.00043961383361751046,random_forest,snapshot_regression
prematch_home_p1_mean_zone_leakage_roll10,0.0004321799368667831,random_forest,snapshot_regression
prematch_away_p1_possession_recoveries_expanding,0.00043178731563666507,random_forest,snapshot_regression
prematch_home_event_rest_days,0.00042455934036121894,random_forest,snapshot_regression
prematch_home_p1_maximum_zone_recovery_roll5,0.0004231966572804503,random_forest,snapshot_regression
home_score,0.0004027991430283657,random_forest,snapshot_regression
prematch_away_event_shots_on_target_roll3,0.00040001781459478666,random_forest,snapshot_regression
prematch_home_event_carries_roll10,0.00039615285198630197,random_forest,snapshot_regression
prematch_away_event_carries_roll5,0.00039453941459620883,random_forest,snapshot_regression
away_recent5_recoveries,0.0003939527760592702,random_forest,snapshot_regression
prematch_away_event_red_cards_roll3,0.0003916892828463947,random_forest,snapshot_regression
prematch_away_event_interceptions_roll5,0.0003914492625264718,random_forest,snapshot_regression
prematch_diff_event_interceptions_expanding,0.00038882175055825685,random_forest,snapshot_regression
prematch_diff_event_completed_passes_roll3,0.00038696790734284967,random_forest,snapshot_regression
prematch_diff_event_pressures_roll10,0.0003851164078039441,random_forest,snapshot_regression
diff_cum_completed_passes,0.0003850353947701947,random_forest,snapshot_regression
prematch_home_p1_accumulated_eigenvector_centrality_expanding,0.000382571716578155,random_forest,snapshot_regression
prematch_away_p1_completed_passes_expanding,0.0003735015652980413,random_forest,snapshot_regression
prematch_home_event_goals_for_roll5,0.0003730412431316885,random_forest,snapshot_regression
prematch_away_event_goals_for_roll10,0.0003654340274515486,random_forest,snapshot_regression
prematch_away_p1_completed_passes_roll3,0.0003647431384399923,random_forest,snapshot_regression
prematch_diff_p1_accumulated_eigenvector_centrality_roll10,0.00036384013877340557,random_forest,snapshot_regression
away_cum_interceptions,0.00036327627615720154,random_forest,snapshot_regression
prematch_home_p1_mean_zone_centrality_expanding,0.00036059292510203026,random_forest,snapshot_regression
prematch_diff_p1_possession_losses_roll3,0.00035429302998934043,random_forest,snapshot_regression
away_cum_completed_passes,0.00035332367370234283,random_forest,snapshot_regression
diff_cum_fouls,0.0003502525455998872,random_forest,snapshot_regression
prematch_home_event_goals_for_roll3,0.00034606664303560156,random_forest,snapshot_regression
prematch_away_event_passes_roll10,0.00033956365708366686,random_forest,snapshot_regression
prematch_diff_event_goals_for_roll10,0.0003385180278522421,random_forest,snapshot_regression
prematch_diff_event_interceptions_roll10,0.0003327550353488753,random_forest,snapshot_regression
away_cum_passes,0.00032864500501912424,random_forest,snapshot_regression
prematch_away_p1_median_zone_leakage_roll5,0.00031879481105445803,random_forest,snapshot_regression
prematch_diff_p1_median_zone_leakage_roll5,0.00031861232874477345,random_forest,snapshot_regression
prematch_away_p1_completed_passes_roll5,0.0003175745497521419,random_forest,snapshot_regression
prematch_away_event_completed_passes_roll5,0.0003062234944928648,random_forest,snapshot_regression
diff_cum_passes,0.0003057962689327902,random_forest,snapshot_regression
prematch_diff_p1_completed_passes_roll10,0.000303340571185723,random_forest,snapshot_regression
away_recent10_xg,0.0003009968313710937,random_forest,snapshot_regression
prematch_home_event_passes_expanding,0.0002972128891943576,random_forest,snapshot_regression
prematch_away_p1_possession_losses_roll10,0.0002970527719009177,random_forest,snapshot_regression
home_cum_passes,0.0002953758423747391,random_forest,snapshot_regression
diff_cum_carries,0.00029103118084147924,random_forest,snapshot_regression
prematch_away_event_passes_roll5,0.0002865623613300679,random_forest,snapshot_regression
prematch_diff_p1_mean_zone_centrality_roll10,0.0002724758835505963,random_forest,snapshot_regression
diff_cum_recoveries,0.0002679181974145643,random_forest,snapshot_regression
home_cum_completed_passes,0.0002666358033787336,random_forest,snapshot_regression
prematch_away_event_pressures_roll3,0.0002600584772199438,random_forest,snapshot_regression
home_cum_recoveries,0.0002589221693233139,random_forest,snapshot_regression
prematch_home_p1_completed_passes_expanding,0.0002585787158489011,random_forest,snapshot_regression
away_cum_final_third_entries,0.00025810487068294365,random_forest,snapshot_regression
away_cum_shots,0.0002567163805969663,random_forest,snapshot_regression
prematch_diff_event_passes_expanding,0.00025477081290069703,random_forest,snapshot_regression
prematch_diff_event_fouls_roll3,0.00025384179856823957,random_forest,snapshot_regression
away_recent10_pressures,0.00025276254812671515,random_forest,snapshot_regression
prematch_home_event_completed_passes_roll5,0.0002497614560011806,random_forest,snapshot_regression
diff_cum_yellow_cards,0.0002471921135238381,random_forest,snapshot_regression
home_cum_final_third_entries,0.00024410843168983531,random_forest,snapshot_regression
diff_recent10_xg,0.00023195794347027066,random_forest,snapshot_regression
home_cum_carries,0.00022523566487835914,random_forest,snapshot_regression
home_cum_fouls,0.00022443286592602662,random_forest,snapshot_regression
prematch_away_p1_possession_losses_roll5,0.00021715600002921654,random_forest,snapshot_regression
diff_cum_interceptions,0.00021225061688348267,random_forest,snapshot_regression
away_recent10_passes,0.00020976392803805587,random_forest,snapshot_regression
away_cum_recoveries,0.00020061545361236934,random_forest,snapshot_regression
prematch_diff_p1_rest_days,0.00019619122793241702,random_forest,snapshot_regression
away_cum_fouls,0.00019551070821281413,random_forest,snapshot_regression
prematch_diff_event_carries_expanding,0.0001935447177911056,random_forest,snapshot_regression
prematch_home_p1_completed_passes_roll10,0.0001921885872716057,random_forest,snapshot_regression
diff_recent10_pressures,0.00018845604309625225,random_forest,snapshot_regression
prematch_home_event_completed_passes_roll10,0.00018743947482651078,random_forest,snapshot_regression
home_cum_shots,0.00018637359937707343,random_forest,snapshot_regression
away_cum_pressures,0.0001825525419174151,random_forest,snapshot_regression
prematch_diff_p1_completed_passes_roll3,0.00018177016652296338,random_forest,snapshot_regression
diff_recent10_recoveries,0.00018129145367047817,random_forest,snapshot_regression
prematch_home_p1_completed_passes_roll5,0.0001794366421680531,random_forest,snapshot_regression
prematch_diff_event_rest_days,0.00017900356471847015,random_forest,snapshot_regression
prematch_home_event_completed_passes_expanding,0.0001699279524176074,random_forest,snapshot_regression
match_fraction,0.0001630523427675441,random_forest,snapshot_regression
prematch_home_event_passes_roll5,0.00016033913624178655,random_forest,snapshot_regression
home_recent10_fouls,0.0001563972349462455,random_forest,snapshot_regression
away_recent10_completed_passes,0.0001529744496289806,random_forest,snapshot_regression
diff_recent10_carries,0.00015083845502413204,random_forest,snapshot_regression
diff_recent10_passes,0.00014197913393096636,random_forest,snapshot_regression
home_recent10_pressures,0.00012995988946850858,random_forest,snapshot_regression
away_recent5_carries,0.00012529685226267816,random_forest,snapshot_regression
away_recent5_completed_passes,0.00012364461228849121,random_forest,snapshot_regression
diff_recent5_recoveries,0.0001172822246077258,random_forest,snapshot_regression
home_recent5_xg,0.00011662871551789851,random_forest,snapshot_regression
away_recent5_passes,0.00011150502158932187,random_forest,snapshot_regression
away_recent10_carries,0.0001113485459051391,random_forest,snapshot_regression
away_recent5_interceptions,0.00011001789140473791,random_forest,snapshot_regression
home_recent10_xg,0.00010732212559673595,random_forest,snapshot_regression
home_recent5_completed_passes,0.00010660687483729205,random_forest,snapshot_regression
home_recent10_recoveries,0.00010241360101641856,random_forest,snapshot_regression
home_recent10_completed_passes,8.78349051398119e-05,random_forest,snapshot_regression
diff_recent10_interceptions,8.6477942674766e-05,random_forest,snapshot_regression
prematch_home_event_red_cards_roll5,8.557598798477519e-05,random_forest,snapshot_regression
home_recent10_carries,8.540779835616139e-05,random_forest,snapshot_regression
home_recent10_interceptions,8.517001432104058e-05,random_forest,snapshot_regression
diff_recent5_pressures,8.264140903301222e-05,random_forest,snapshot_regression
home_recent10_passes,8.104535501071202e-05,random_forest,snapshot_regression
home_recent5_interceptions,8.035391969238019e-05,random_forest,snapshot_regression
diff_recent5_fouls,7.696122389727111e-05,random_forest,snapshot_regression
diff_recent5_interceptions,7.39078903004936e-05,random_forest,snapshot_regression
diff_recent10_final_third_entries,7.192064370219784e-05,random_forest,snapshot_regression
diff_recent5_passes,7.147079897113377e-05,random_forest,snapshot_regression
home_recent5_passes,6.978483424501445e-05,random_forest,snapshot_regression
diff_recent5_carries,6.630022899443547e-05,random_forest,snapshot_regression
diff_recent5_completed_passes,6.37204625378667e-05,random_forest,snapshot_regression
away_recent10_final_third_entries,6.364069789895212e-05,random_forest,snapshot_regression
diff_recent5_final_third_entries,5.906541717675634e-05,random_forest,snapshot_regression
home_cum_yellow_cards,5.8121398771059686e-05,random_forest,snapshot_regression
home_in_possession,5.765145184384869e-05,random_forest,snapshot_regression
away_recent10_interceptions,5.588042715361299e-05,random_forest,snapshot_regression
home_recent5_carries,5.573171177808508e-05,random_forest,snapshot_regression
away_recent5_pressures,5.531497469179748e-05,random_forest,snapshot_regression
home_recent10_shots,5.377597019094008e-05,random_forest,snapshot_regression
home_recent5_pressures,5.0235080450305254e-05,random_forest,snapshot_regression
home_recent5_final_third_entries,4.843425708826703e-05,random_forest,snapshot_regression
diff_recent10_completed_passes,4.66367285357592e-05,random_forest,snapshot_regression
away_recent10_fouls,4.6390336600196285e-05,random_forest,snapshot_regression
away_recent10_recoveries,4.578941161662012e-05,random_forest,snapshot_regression
away_cum_yellow_cards,3.987077092005957e-05,random_forest,snapshot_regression
diff_recent10_fouls,3.832492751994113e-05,random_forest,snapshot_regression
away_recent5_final_third_entries,3.710623005992174e-05,random_forest,snapshot_regression
away_recent10_shots,3.5053637825439056e-05,random_forest,snapshot_regression
home_recent10_final_third_entries,2.581853210536552e-05,random_forest,snapshot_regression
prematch_home_event_red_cards_roll3,2.4798966514254405e-05,random_forest,snapshot_regression
diff_recent5_xg,2.2079340907029165e-05,random_forest,snapshot_regression
away_recent5_xg,1.8566610863406572e-05,random_forest,snapshot_regression
away_recent5_yellow_cards,1.6822516475083013e-05,random_forest,snapshot_regression
diff_recent5_shots,1.3789550145832625e-05,random_forest,snapshot_regression
diff_recent10_shots,1.2094798720691933e-05,random_forest,snapshot_regression
home_recent5_recoveries,1.099172209870155e-05,random_forest,snapshot_regression
away_recent10_yellow_cards,1.0568950699766815e-05,random_forest,snapshot_regression
phase_halftime,9.606707423227063e-06,random_forest,snapshot_regression
away_recent5_shots,8.361068509797868e-06,random_forest,snapshot_regression
away_recent5_fouls,7.63255101655062e-06,random_forest,snapshot_regression
phase_late,4.72572718420252e-06,random_forest,snapshot_regression
diff_recent5_yellow_cards,2.3592555634133884e-06,random_forest,snapshot_regression
diff_cum_red_cards,1.7615470835488092e-06,random_forest,snapshot_regression
away_recent10_red_cards,0.0,random_forest,snapshot_regression
away_score,0.0,random_forest,snapshot_regression
away_recent5_red_cards,0.0,random_forest,snapshot_regression
home_recent5_red_cards,0.0,random_forest,snapshot_regression
home_recent10_red_cards,0.0,random_forest,snapshot_regression
away_cum_red_cards,0.0,random_forest,snapshot_regression
diff_recent5_red_cards,0.0,random_forest,snapshot_regression
phase_first_half,0.0,random_forest,snapshot_regression
diff_recent10_yellow_cards,0.0,random_forest,snapshot_regression
diff_recent10_red_cards,0.0,random_forest,snapshot_regression
home_recent5_fouls,0.0,random_forest,snapshot_regression
home_cum_red_cards,0.0,random_forest,snapshot_regression
home_recent10_yellow_cards,0.0,random_forest,snapshot_regression
home_recent5_yellow_cards,0.0,random_forest,snapshot_regression
home_recent5_shots,0.0,random_forest,snapshot_regression
score_diff,0.5366873584340238,gradient_boosting,snapshot_regression
prematch_market_prob_A,0.13094794483576433,gradient_boosting,snapshot_regression
prematch_diff_event_yellow_cards_roll10,0.10814177433400353,gradient_boosting,snapshot_regression
prematch_market_prob_H,0.0851048740484895,gradient_boosting,snapshot_regression
prematch_diff_p1_mean_zone_leakage_expanding,0.055797113876325875,gradient_boosting,snapshot_regression
prematch_diff_p1_maximum_zone_leakage_roll5,0.04944023299746234,gradient_boosting,snapshot_regression
prematch_diff_p1_maximum_zone_leakage_roll10,0.04230719156920166,gradient_boosting,snapshot_regression
prematch_home_p1_median_zone_leakage_roll3,0.036427937556418426,gradient_boosting,snapshot_regression
prematch_bookie_margin,0.03055597819388767,gradient_boosting,snapshot_regression
prematch_diff_event_yellow_cards_roll5,0.028629922546912923,gradient_boosting,snapshot_regression
prematch_home_p1_mean_zone_leakage_roll5,0.02416506937907715,gradient_boosting,snapshot_regression
prematch_home_event_interceptions_expanding,0.023073698195839334,gradient_boosting,snapshot_regression
prematch_away_p1_median_zone_leakage_roll3,0.022535946000043165,gradient_boosting,snapshot_regression
prematch_diff_event_final_third_entries_expanding,0.021706343242871493,gradient_boosting,snapshot_regression
prematch_diff_p1_mean_zone_leakage_roll10,0.017267783212534495,gradient_boosting,snapshot_regression
prematch_diff_p1_maximum_zone_recovery_roll5,0.01653607389747256,gradient_boosting,snapshot_regression
prematch_away_event_points_expanding,0.010863223244182122,gradient_boosting,snapshot_regression
prematch_home_event_goals_against_roll5,0.00788874421607912,gradient_boosting,snapshot_regression
prematch_home_event_pressures_roll10,0.007772137447395808,gradient_boosting,snapshot_regression
prematch_home_event_shots_roll3,0.006778584648515662,gradient_boosting,snapshot_regression
prematch_home_event_pressures_expanding,0.006723213095805415,gradient_boosting,snapshot_regression
prematch_home_event_fouls_roll10,0.006398063962349055,gradient_boosting,snapshot_regression
prematch_away_event_goals_against_roll3,0.00597271453648444,gradient_boosting,snapshot_regression
prematch_diff_p1_switching_factor_roll10,0.0057153811063847355,gradient_boosting,snapshot_regression
prematch_home_event_recoveries_roll10,0.005379631248469597,gradient_boosting,snapshot_regression
prematch_home_event_shots_expanding,0.004766962965127284,gradient_boosting,snapshot_regression
prematch_away_p1_possession_losses_roll10,0.0043453267327928004,gradient_boosting,snapshot_regression
prematch_diff_p1_possession_recoveries_roll3,0.004059083718090344,gradient_boosting,snapshot_regression
prematch_home_event_red_cards_expanding,0.004031342805097046,gradient_boosting,snapshot_regression
prematch_home_p1_possession_recoveries_roll10,0.003722321818634496,gradient_boosting,snapshot_regression
prematch_diff_event_pressures_roll10,0.003685239827111625,gradient_boosting,snapshot_regression
prematch_home_event_shots_on_target_roll5,0.0036075885968337366,gradient_boosting,snapshot_regression
prematch_home_event_interceptions_roll5,0.0035352073062893587,gradient_boosting,snapshot_regression
prematch_diff_p1_switching_factor_expanding,0.003480751648585393,gradient_boosting,snapshot_regression
prematch_home_event_duels_won_roll3,0.0031959330975807974,gradient_boosting,snapshot_regression
prematch_diff_p1_median_zone_leakage_expanding,0.002799783753595999,gradient_boosting,snapshot_regression
prematch_diff_event_yellow_cards_expanding,0.0027350937255198188,gradient_boosting,snapshot_regression
prematch_away_event_recoveries_roll3,0.0026292839286357287,gradient_boosting,snapshot_regression
prematch_diff_event_recoveries_roll10,0.0022698045417905324,gradient_boosting,snapshot_regression
prematch_diff_p1_mean_zone_recovery_roll5,0.002138394326092449,gradient_boosting,snapshot_regression
prematch_home_event_pressures_roll5,0.0014174430980990933,gradient_boosting,snapshot_regression
prematch_away_event_final_third_entries_roll3,0.0013997620817605316,gradient_boosting,snapshot_regression
prematch_diff_p1_accumulated_eigenvector_centrality_roll5,0.001280029247467128,gradient_boosting,snapshot_regression
prematch_home_event_goals_against_roll10,0.0011983068018087747,gradient_boosting,snapshot_regression
prematch_diff_event_completed_passes_expanding,0.0010471726084480542,gradient_boosting,snapshot_regression
prematch_diff_event_possessions_roll10,0.0009189326084012292,gradient_boosting,snapshot_regression
prematch_home_event_carries_roll5,0.0007603410656380465,gradient_boosting,snapshot_regression
home_cum_xg,0.0006880992435205636,gradient_boosting,snapshot_regression
prematch_home_event_yellow_cards_roll5,0.0006443177758971718,gradient_boosting,snapshot_regression
prematch_diff_p1_switching_factor_roll5,0.00031898283656183683,gradient_boosting,snapshot_regression
home_recent5_yellow_cards,0.0,gradient_boosting,snapshot_regression
home_cum_yellow_cards,0.0,gradient_boosting,snapshot_regression
home_recent10_fouls,0.0,gradient_boosting,snapshot_regression
home_recent5_fouls,0.0,gradient_boosting,snapshot_regression
prematch_diff_p1_maximum_zone_recovery_roll3,0.0,gradient_boosting,snapshot_regression
prematch_diff_p1_maximum_zone_centrality_expanding,0.0,gradient_boosting,snapshot_regression
prematch_diff_p1_median_zone_recovery_roll10,0.0,gradient_boosting,snapshot_regression
prematch_diff_p1_median_zone_recovery_roll5,0.0,gradient_boosting,snapshot_regression
prematch_diff_p1_median_zone_recovery_roll3,0.0,gradient_boosting,snapshot_regression
prematch_diff_p1_mean_zone_recovery_expanding,0.0,gradient_boosting,snapshot_regression
prematch_diff_p1_mean_zone_recovery_roll10,0.0,gradient_boosting,snapshot_regression
prematch_diff_p1_mean_zone_recovery_roll3,0.0,gradient_boosting,snapshot_regression
prematch_diff_p1_maximum_zone_leakage_expanding,0.0,gradient_boosting,snapshot_regression
home_recent5_final_third_entries,0.0,gradient_boosting,snapshot_regression
prematch_market_prob_D,0.0,gradient_boosting,snapshot_regression
away_recent10_recoveries,0.0,gradient_boosting,snapshot_regression
away_recent5_recoveries,0.0,gradient_boosting,snapshot_regression
away_cum_recoveries,0.0,gradient_boosting,snapshot_regression
away_recent10_pressures,0.0,gradient_boosting,snapshot_regression
away_recent5_pressures,0.0,gradient_boosting,snapshot_regression
away_cum_pressures,0.0,gradient_boosting,snapshot_regression
away_recent10_final_third_entries,0.0,gradient_boosting,snapshot_regression
away_recent5_final_third_entries,0.0,gradient_boosting,snapshot_regression
away_cum_final_third_entries,0.0,gradient_boosting,snapshot_regression
away_recent10_completed_passes,0.0,gradient_boosting,snapshot_regression
away_recent5_completed_passes,0.0,gradient_boosting,snapshot_regression
home_in_possession,0.0,gradient_boosting,snapshot_regression
away_score,0.0,gradient_boosting,snapshot_regression
home_score,0.0,gradient_boosting,snapshot_regression
away_recent10_xg,0.0,gradient_boosting,snapshot_regression
away_recent5_xg,0.0,gradient_boosting,snapshot_regression
away_cum_xg,0.0,gradient_boosting,snapshot_regression
away_recent10_carries,0.0,gradient_boosting,snapshot_regression
away_recent5_carries,0.0,gradient_boosting,snapshot_regression
away_cum_carries,0.0,gradient_boosting,snapshot_regression
away_recent10_red_cards,0.0,gradient_boosting,snapshot_regression
away_recent5_red_cards,0.0,gradient_boosting,snapshot_regression
away_cum_red_cards,0.0,gradient_boosting,snapshot_regression
away_recent10_yellow_cards,0.0,gradient_boosting,snapshot_regression
away_recent5_yellow_cards,0.0,gradient_boosting,snapshot_regression
away_cum_yellow_cards,0.0,gradient_boosting,snapshot_regression
away_recent10_fouls,0.0,gradient_boosting,snapshot_regression
diff_recent5_completed_passes,0.0,gradient_boosting,snapshot_regression
diff_recent5_passes,0.0,gradient_boosting,snapshot_regression
diff_recent5_shots,0.0,gradient_boosting,snapshot_regression
diff_cum_xg,0.0,gradient_boosting,snapshot_regression
diff_cum_carries,0.0,gradient_boosting,snapshot_regression
diff_cum_red_cards,0.0,gradient_boosting,snapshot_regression
diff_cum_yellow_cards,0.0,gradient_boosting,snapshot_regression
diff_cum_fouls,0.0,gradient_boosting,snapshot_regression
diff_cum_interceptions,0.0,gradient_boosting,snapshot_regression
diff_cum_recoveries,0.0,gradient_boosting,snapshot_regression
diff_cum_pressures,0.0,gradient_boosting,snapshot_regression
diff_cum_final_third_entries,0.0,gradient_boosting,snapshot_regression
diff_cum_completed_passes,0.0,gradient_boosting,snapshot_regression
diff_cum_passes,0.0,gradient_boosting,snapshot_regression
diff_cum_shots,0.0,gradient_boosting,snapshot_regression
diff_recent10_interceptions,0.0,gradient_boosting,snapshot_regression
diff_recent10_recoveries,0.0,gradient_boosting,snapshot_regression
diff_recent10_pressures,0.0,gradient_boosting,snapshot_regression
diff_recent10_final_third_entries,0.0,gradient_boosting,snapshot_regression
diff_recent10_completed_passes,0.0,gradient_boosting,snapshot_regression
diff_recent10_passes,0.0,gradient_boosting,snapshot_regression
diff_recent10_shots,0.0,gradient_boosting,snapshot_regression
diff_recent5_xg,0.0,gradient_boosting,snapshot_regression
diff_recent5_carries,0.0,gradient_boosting,snapshot_regression
diff_recent5_red_cards,0.0,gradient_boosting,snapshot_regression
diff_recent5_yellow_cards,0.0,gradient_boosting,snapshot_regression
diff_recent5_fouls,0.0,gradient_boosting,snapshot_regression
diff_recent5_interceptions,0.0,gradient_boosting,snapshot_regression
diff_recent5_recoveries,0.0,gradient_boosting,snapshot_regression
diff_recent5_pressures,0.0,gradient_boosting,snapshot_regression
diff_recent5_final_third_entries,0.0,gradient_boosting,snapshot_regression
prematch_home_event_goals_against_roll3,0.0,gradient_boosting,snapshot_regression
prematch_home_event_goals_for_expanding,0.0,gradient_boosting,snapshot_regression
prematch_home_event_goals_for_roll10,0.0,gradient_boosting,snapshot_regression
prematch_home_event_goals_for_roll5,0.0,gradient_boosting,snapshot_regression
prematch_home_event_goals_for_roll3,0.0,gradient_boosting,snapshot_regression
prematch_home_event_rest_days,0.0,gradient_boosting,snapshot_regression
prematch_home_event_matches_played_prior,0.0,gradient_boosting,snapshot_regression
phase_late,0.0,gradient_boosting,snapshot_regression
phase_halftime,0.0,gradient_boosting,snapshot_regression
phase_first_half,0.0,gradient_boosting,snapshot_regression
match_fraction,0.0,gradient_boosting,snapshot_regression
diff_recent10_xg,0.0,gradient_boosting,snapshot_regression
diff_recent10_carries,0.0,gradient_boosting,snapshot_regression
diff_recent10_red_cards,0.0,gradient_boosting,snapshot_regression
diff_recent10_yellow_cards,0.0,gradient_boosting,snapshot_regression
diff_recent10_fouls,0.0,gradient_boosting,snapshot_regression
prematch_home_event_xg_roll3,0.0,gradient_boosting,snapshot_regression
prematch_home_event_shots_on_target_expanding,0.0,gradient_boosting,snapshot_regression
prematch_home_event_shots_on_target_roll10,0.0,gradient_boosting,snapshot_regression
prematch_home_event_shots_on_target_roll3,0.0,gradient_boosting,snapshot_regression
prematch_home_event_shots_roll10,0.0,gradient_boosting,snapshot_regression
prematch_home_event_shots_roll5,0.0,gradient_boosting,snapshot_regression
prematch_home_event_points_expanding,0.0,gradient_boosting,snapshot_regression
prematch_home_event_points_roll10,0.0,gradient_boosting,snapshot_regression
prematch_home_event_points_roll5,0.0,gradient_boosting,snapshot_regression
prematch_home_event_points_roll3,0.0,gradient_boosting,snapshot_regression
prematch_home_event_goals_against_expanding,0.0,gradient_boosting,snapshot_regression
prematch_home_event_pressures_roll3,0.0,gradient_boosting,snapshot_regression
prematch_home_event_final_third_entries_expanding,0.0,gradient_boosting,snapshot_regression
prematch_home_event_final_third_entries_roll10,0.0,gradient_boosting,snapshot_regression
prematch_home_event_final_third_entries_roll5,0.0,gradient_boosting,snapshot_regression
prematch_home_event_final_third_entries_roll3,0.0,gradient_boosting,snapshot_regression
prematch_home_event_completed_passes_expanding,0.0,gradient_boosting,snapshot_regression
prematch_home_event_completed_passes_roll10,0.0,gradient_boosting,snapshot_regression
prematch_home_event_completed_passes_roll5,0.0,gradient_boosting,snapshot_regression
prematch_home_event_completed_passes_roll3,0.0,gradient_boosting,snapshot_regression
prematch_home_event_passes_expanding,0.0,gradient_boosting,snapshot_regression
prematch_home_event_passes_roll10,0.0,gradient_boosting,snapshot_regression
prematch_home_event_passes_roll5,0.0,gradient_boosting,snapshot_regression
prematch_home_event_passes_roll3,0.0,gradient_boosting,snapshot_regression
prematch_home_event_xg_expanding,0.0,gradient_boosting,snapshot_regression
prematch_home_event_xg_roll10,0.0,gradient_boosting,snapshot_regression
prematch_home_event_xg_roll5,0.0,gradient_boosting,snapshot_regression
prematch_home_event_yellow_cards_roll3,0.0,gradient_boosting,snapshot_regression
prematch_home_event_fouls_expanding,0.0,gradient_boosting,snapshot_regression
prematch_home_event_fouls_roll5,0.0,gradient_boosting,snapshot_regression
prematch_home_event_fouls_roll3,0.0,gradient_boosting,snapshot_regression
away_recent5_shots,0.0,gradient_boosting,snapshot_regression
away_cum_shots,0.0,gradient_boosting,snapshot_regression
home_recent10_xg,0.0,gradient_boosting,snapshot_regression
home_recent5_xg,0.0,gradient_boosting,snapshot_regression
home_recent10_carries,0.0,gradient_boosting,snapshot_regression
home_recent5_carries,0.0,gradient_boosting,snapshot_regression
home_cum_carries,0.0,gradient_boosting,snapshot_regression
home_recent10_red_cards,0.0,gradient_boosting,snapshot_regression
home_recent5_red_cards,0.0,gradient_boosting,snapshot_regression
home_cum_red_cards,0.0,gradient_boosting,snapshot_regression
away_recent5_fouls,0.0,gradient_boosting,snapshot_regression
away_cum_fouls,0.0,gradient_boosting,snapshot_regression
away_recent10_interceptions,0.0,gradient_boosting,snapshot_regression
away_recent5_interceptions,0.0,gradient_boosting,snapshot_regression
away_cum_interceptions,0.0,gradient_boosting,snapshot_regression
prematch_home_event_interceptions_roll10,0.0,gradient_boosting,snapshot_regression
prematch_home_event_interceptions_roll3,0.0,gradient_boosting,snapshot_regression
prematch_home_event_recoveries_expanding,0.0,gradient_boosting,snapshot_regression
prematch_home_event_recoveries_roll5,0.0,gradient_boosting,snapshot_regression
prematch_home_event_recoveries_roll3,0.0,gradient_boosting,snapshot_regression
prematch_home_event_possessions_roll3,0.0,gradient_boosting,snapshot_regression
prematch_home_event_duels_won_expanding,0.0,gradient_boosting,snapshot_regression
prematch_home_event_duels_won_roll10,0.0,gradient_boosting,snapshot_regression
prematch_home_event_duels_won_roll5,0.0,gradient_boosting,snapshot_regression
prematch_home_event_carries_expanding,0.0,gradient_boosting,snapshot_regression
prematch_home_event_carries_roll10,0.0,gradient_boosting,snapshot_regression
prematch_home_event_carries_roll3,0.0,gradient_boosting,snapshot_regression
prematch_home_event_red_cards_roll10,0.0,gradient_boosting,snapshot_regression
prematch_home_event_red_cards_roll5,0.0,gradient_boosting,snapshot_regression
prematch_home_event_red_cards_roll3,0.0,gradient_boosting,snapshot_regression
prematch_home_event_yellow_cards_expanding,0.0,gradient_boosting,snapshot_regression
prematch_home_event_yellow_cards_roll10,0.0,gradient_boosting,snapshot_regression
prematch_away_event_points_roll10,0.0,gradient_boosting,snapshot_regression
prematch_away_event_points_roll5,0.0,gradient_boosting,snapshot_regression
prematch_away_event_points_roll3,0.0,gradient_boosting,snapshot_regression
prematch_away_event_goals_against_expanding,0.0,gradient_boosting,snapshot_regression
prematch_away_event_goals_against_roll10,0.0,gradient_boosting,snapshot_regression
prematch_away_event_goals_against_roll5,0.0,gradient_boosting,snapshot_regression
prematch_away_event_goals_for_expanding,0.0,gradient_boosting,snapshot_regression
prematch_away_event_goals_for_roll10,0.0,gradient_boosting,snapshot_regression
prematch_away_event_goals_for_roll5,0.0,gradient_boosting,snapshot_regression
prematch_away_event_goals_for_roll3,0.0,gradient_boosting,snapshot_regression
prematch_away_event_rest_days,0.0,gradient_boosting,snapshot_regression
prematch_away_event_matches_played_prior,0.0,gradient_boosting,snapshot_regression
prematch_home_event_possessions_expanding,0.0,gradient_boosting,snapshot_regression
prematch_home_event_possessions_roll10,0.0,gradient_boosting,snapshot_regression
prematch_home_event_possessions_roll5,0.0,gradient_boosting,snapshot_regression
prematch_away_event_passes_roll10,0.0,gradient_boosting,snapshot_regression
prematch_away_event_passes_roll5,0.0,gradient_boosting,snapshot_regression
prematch_away_event_passes_roll3,0.0,gradient_boosting,snapshot_regression
prematch_away_event_xg_expanding,0.0,gradient_boosting,snapshot_regression
prematch_away_event_xg_roll10,0.0,gradient_boosting,snapshot_regression
prematch_away_event_xg_roll5,0.0,gradient_boosting,snapshot_regression
prematch_away_event_xg_roll3,0.0,gradient_boosting,snapshot_regression
prematch_away_event_shots_on_target_expanding,0.0,gradient_boosting,snapshot_regression
prematch_away_event_shots_on_target_roll10,0.0,gradient_boosting,snapshot_regression
prematch_away_event_shots_on_target_roll5,0.0,gradient_boosting,snapshot_regression
prematch_away_event_shots_on_target_roll3,0.0,gradient_boosting,snapshot_regression
prematch_away_event_shots_expanding,0.0,gradient_boosting,snapshot_regression
prematch_away_event_shots_roll10,0.0,gradient_boosting,snapshot_regression
prematch_away_event_shots_roll5,0.0,gradient_boosting,snapshot_regression
prematch_away_event_shots_roll3,0.0,gradient_boosting,snapshot_regression
prematch_away_event_recoveries_roll10,0.0,gradient_boosting,snapshot_regression
prematch_away_event_recoveries_roll5,0.0,gradient_boosting,snapshot_regression
prematch_away_event_pressures_expanding,0.0,gradient_boosting,snapshot_regression
prematch_away_event_pressures_roll10,0.0,gradient_boosting,snapshot_regression
prematch_away_event_pressures_roll5,0.0,gradient_boosting,snapshot_regression
prematch_away_event_pressures_roll3,0.0,gradient_boosting,snapshot_regression
prematch_away_event_final_third_entries_expanding,0.0,gradient_boosting,snapshot_regression
prematch_away_event_final_third_entries_roll10,0.0,gradient_boosting,snapshot_regression
prematch_away_event_final_third_entries_roll5,0.0,gradient_boosting,snapshot_regression
prematch_away_event_completed_passes_expanding,0.0,gradient_boosting,snapshot_regression
prematch_away_event_completed_passes_roll10,0.0,gradient_boosting,snapshot_regression
prematch_away_event_completed_passes_roll5,0.0,gradient_boosting,snapshot_regression
prematch_away_event_completed_passes_roll3,0.0,gradient_boosting,snapshot_regression
prematch_away_event_passes_expanding,0.0,gradient_boosting,snapshot_regression
prematch_away_event_red_cards_roll10,0.0,gradient_boosting,snapshot_regression
prematch_away_event_red_cards_roll5,0.0,gradient_boosting,snapshot_regression
prematch_away_event_red_cards_roll3,0.0,gradient_boosting,snapshot_regression
prematch_away_event_yellow_cards_expanding,0.0,gradient_boosting,snapshot_regression
prematch_away_event_yellow_cards_roll10,0.0,gradient_boosting,snapshot_regression
prematch_away_event_yellow_cards_roll5,0.0,gradient_boosting,snapshot_regression
prematch_away_event_yellow_cards_roll3,0.0,gradient_boosting,snapshot_regression
prematch_away_event_fouls_expanding,0.0,gradient_boosting,snapshot_regression
prematch_away_event_fouls_roll10,0.0,gradient_boosting,snapshot_regression
prematch_away_event_fouls_roll5,0.0,gradient_boosting,snapshot_regression
prematch_away_event_fouls_roll3,0.0,gradient_boosting,snapshot_regression
prematch_away_event_interceptions_expanding,0.0,gradient_boosting,snapshot_regression
prematch_away_event_interceptions_roll10,0.0,gradient_boosting,snapshot_regression
prematch_away_event_interceptions_roll5,0.0,gradient_boosting,snapshot_regression
prematch_away_event_interceptions_roll3,0.0,gradient_boosting,snapshot_regression
prematch_away_event_recoveries_expanding,0.0,gradient_boosting,snapshot_regression
prematch_diff_event_goals_for_roll3,0.0,gradient_boosting,snapshot_regression
prematch_diff_event_rest_days,0.0,gradient_boosting,snapshot_regression
prematch_diff_event_matches_played_prior,0.0,gradient_boosting,snapshot_regression
prematch_away_event_possessions_expanding,0.0,gradient_boosting,snapshot_regression
prematch_away_event_possessions_roll10,0.0,gradient_boosting,snapshot_regression
prematch_away_event_possessions_roll5,0.0,gradient_boosting,snapshot_regression
prematch_away_event_possessions_roll3,0.0,gradient_boosting,snapshot_regression
prematch_away_event_duels_won_expanding,0.0,gradient_boosting,snapshot_regression
prematch_away_event_duels_won_roll10,0.0,gradient_boosting,snapshot_regression
prematch_away_event_duels_won_roll5,0.0,gradient_boosting,snapshot_regression
prematch_away_event_duels_won_roll3,0.0,gradient_boosting,snapshot_regression
prematch_away_event_carries_expanding,0.0,gradient_boosting,snapshot_regression
prematch_away_event_carries_roll10,0.0,gradient_boosting,snapshot_regression
prematch_away_event_carries_roll5,0.0,gradient_boosting,snapshot_regression
prematch_away_event_carries_roll3,0.0,gradient_boosting,snapshot_regression
prematch_away_event_red_cards_expanding,0.0,gradient_boosting,snapshot_regression
prematch_diff_event_shots_on_target_roll3,0.0,gradient_boosting,snapshot_regression
prematch_diff_event_shots_expanding,0.0,gradient_boosting,snapshot_regression
prematch_diff_event_shots_roll10,0.0,gradient_boosting,snapshot_regression
prematch_diff_event_shots_roll5,0.0,gradient_boosting,snapshot_regression
prematch_diff_event_shots_roll3,0.0,gradient_boosting,snapshot_regression
prematch_diff_event_points_expanding,0.0,gradient_boosting,snapshot_regression
prematch_diff_event_points_roll10,0.0,gradient_boosting,snapshot_regression
prematch_diff_event_points_roll5,0.0,gradient_boosting,snapshot_regression
prematch_diff_event_points_roll3,0.0,gradient_boosting,snapshot_regression
prematch_diff_event_goals_against_expanding,0.0,gradient_boosting,snapshot_regression
prematch_diff_event_goals_against_roll10,0.0,gradient_boosting,snapshot_regression
prematch_diff_event_goals_against_roll5,0.0,gradient_boosting,snapshot_regression
prematch_diff_event_goals_against_roll3,0.0,gradient_boosting,snapshot_regression
prematch_diff_event_goals_for_expanding,0.0,gradient_boosting,snapshot_regression
prematch_diff_event_goals_for_roll10,0.0,gradient_boosting,snapshot_regression
prematch_diff_event_goals_for_roll5,0.0,gradient_boosting,snapshot_regression
prematch_diff_event_final_third_entries_roll3,0.0,gradient_boosting,snapshot_regression
prematch_diff_p1_median_zone_recovery_expanding,0.0,gradient_boosting,snapshot_regression
prematch_diff_event_completed_passes_roll10,0.0,gradient_boosting,snapshot_regression
prematch_diff_event_completed_passes_roll5,0.0,gradient_boosting,snapshot_regression
prematch_diff_event_completed_passes_roll3,0.0,gradient_boosting,snapshot_regression
prematch_diff_event_passes_expanding,0.0,gradient_boosting,snapshot_regression
prematch_diff_event_passes_roll10,0.0,gradient_boosting,snapshot_regression
prematch_diff_event_passes_roll5,0.0,gradient_boosting,snapshot_regression
prematch_diff_event_passes_roll3,0.0,gradient_boosting,snapshot_regression
prematch_diff_event_xg_expanding,0.0,gradient_boosting,snapshot_regression
prematch_diff_event_xg_roll10,0.0,gradient_boosting,snapshot_regression
prematch_diff_event_xg_roll5,0.0,gradient_boosting,snapshot_regression
prematch_diff_event_xg_roll3,0.0,gradient_boosting,snapshot_regression
prematch_diff_event_shots_on_target_expanding,0.0,gradient_boosting,snapshot_regression
prematch_diff_event_shots_on_target_roll10,0.0,gradient_boosting,snapshot_regression
prematch_diff_event_shots_on_target_roll5,0.0,gradient_boosting,snapshot_regression
prematch_diff_event_fouls_roll3,0.0,gradient_boosting,snapshot_regression
prematch_diff_event_interceptions_expanding,0.0,gradient_boosting,snapshot_regression
prematch_diff_event_interceptions_roll10,0.0,gradient_boosting,snapshot_regression
prematch_diff_event_interceptions_roll5,0.0,gradient_boosting,snapshot_regression
prematch_diff_event_interceptions_roll3,0.0,gradient_boosting,snapshot_regression
prematch_diff_event_recoveries_expanding,0.0,gradient_boosting,snapshot_regression
prematch_diff_p1_completed_passes_roll10,0.0,gradient_boosting,snapshot_regression
prematch_diff_event_recoveries_roll5,0.0,gradient_boosting,snapshot_regression
prematch_diff_event_recoveries_roll3,0.0,gradient_boosting,snapshot_regression
prematch_diff_event_pressures_expanding,0.0,gradient_boosting,snapshot_regression
home_cum_shots,0.0,gradient_boosting,snapshot_regression
prematch_diff_event_pressures_roll5,0.0,gradient_boosting,snapshot_regression
prematch_diff_event_pressures_roll3,0.0,gradient_boosting,snapshot_regression
prematch_diff_event_final_third_entries_roll10,0.0,gradient_boosting,snapshot_regression
prematch_diff_event_final_third_entries_roll5,0.0,gradient_boosting,snapshot_regression
prematch_diff_event_duels_won_roll3,0.0,gradient_boosting,snapshot_regression
prematch_diff_event_carries_expanding,0.0,gradient_boosting,snapshot_regression
prematch_diff_event_carries_roll10,0.0,gradient_boosting,snapshot_regression
prematch_diff_event_carries_roll5,0.0,gradient_boosting,snapshot_regression
prematch_diff_event_carries_roll3,0.0,gradient_boosting,snapshot_regression
prematch_diff_event_red_cards_expanding,0.0,gradient_boosting,snapshot_regression
prematch_diff_event_red_cards_roll10,0.0,gradient_boosting,snapshot_regression
prematch_diff_event_red_cards_roll5,0.0,gradient_boosting,snapshot_regression
prematch_diff_event_red_cards_roll3,0.0,gradient_boosting,snapshot_regression
home_recent5_shots,0.0,gradient_boosting,snapshot_regression
prematch_diff_event_yellow_cards_roll3,0.0,gradient_boosting,snapshot_regression
prematch_diff_event_fouls_expanding,0.0,gradient_boosting,snapshot_regression
prematch_diff_event_fouls_roll10,0.0,gradient_boosting,snapshot_regression
prematch_diff_event_fouls_roll5,0.0,gradient_boosting,snapshot_regression
prematch_home_p1_accumulated_eigenvector_centrality_roll10,0.0,gradient_boosting,snapshot_regression
prematch_home_p1_accumulated_eigenvector_centrality_roll5,0.0,gradient_boosting,snapshot_regression
prematch_home_p1_accumulated_eigenvector_centrality_roll3,0.0,gradient_boosting,snapshot_regression
prematch_home_p1_rest_days,0.0,gradient_boosting,snapshot_regression
prematch_home_p1_matches_played_prior,0.0,gradient_boosting,snapshot_regression
prematch_calendar_cos,0.0,gradient_boosting,snapshot_regression
prematch_calendar_sin,0.0,gradient_boosting,snapshot_regression
prematch_season_progress,0.0,gradient_boosting,snapshot_regression
prematch_diff_event_possessions_expanding,0.0,gradient_boosting,snapshot_regression
home_recent10_shots,0.0,gradient_boosting,snapshot_regression
prematch_diff_event_possessions_roll5,0.0,gradient_boosting,snapshot_regression
prematch_diff_event_possessions_roll3,0.0,gradient_boosting,snapshot_regression
prematch_diff_event_duels_won_expanding,0.0,gradient_boosting,snapshot_regression
prematch_diff_event_duels_won_roll10,0.0,gradient_boosting,snapshot_regression
prematch_diff_event_duels_won_roll5,0.0,gradient_boosting,snapshot_regression
prematch_home_p1_median_zone_leakage_roll10,0.0,gradient_boosting,snapshot_regression
prematch_home_p1_median_zone_leakage_roll5,0.0,gradient_boosting,snapshot_regression
prematch_home_p1_mean_zone_leakage_expanding,0.0,gradient_boosting,snapshot_regression
prematch_home_p1_mean_zone_leakage_roll10,0.0,gradient_boosting,snapshot_regression
prematch_home_p1_mean_zone_leakage_roll3,0.0,gradient_boosting,snapshot_regression
prematch_home_p1_mean_zone_centrality_expanding,0.0,gradient_boosting,snapshot_regression
prematch_home_p1_mean_zone_centrality_roll10,0.0,gradient_boosting,snapshot_regression
prematch_home_p1_mean_zone_centrality_roll5,0.0,gradient_boosting,snapshot_regression
prematch_home_p1_mean_zone_centrality_roll3,0.0,gradient_boosting,snapshot_regression
prematch_home_p1_maximum_zone_centrality_expanding,0.0,gradient_boosting,snapshot_regression
prematch_home_p1_maximum_zone_centrality_roll10,0.0,gradient_boosting,snapshot_regression
prematch_home_p1_maximum_zone_centrality_roll5,0.0,gradient_boosting,snapshot_regression
prematch_home_p1_maximum_zone_centrality_roll3,0.0,gradient_boosting,snapshot_regression
prematch_home_p1_accumulated_eigenvector_centrality_expanding,0.0,gradient_boosting,snapshot_regression
prematch_home_p1_maximum_zone_recovery_roll10,0.0,gradient_boosting,snapshot_regression
prematch_home_p1_maximum_zone_recovery_roll5,0.0,gradient_boosting,snapshot_regression
prematch_home_p1_maximum_zone_recovery_roll3,0.0,gradient_boosting,snapshot_regression
prematch_home_p1_median_zone_recovery_expanding,0.0,gradient_boosting,snapshot_regression
prematch_home_p1_median_zone_recovery_roll10,0.0,gradient_boosting,snapshot_regression
prematch_home_p1_median_zone_recovery_roll5,0.0,gradient_boosting,snapshot_regression
prematch_home_p1_median_zone_recovery_roll3,0.0,gradient_boosting,snapshot_regression
prematch_home_p1_mean_zone_recovery_expanding,0.0,gradient_boosting,snapshot_regression
prematch_home_p1_mean_zone_recovery_roll10,0.0,gradient_boosting,snapshot_regression
prematch_home_p1_mean_zone_recovery_roll5,0.0,gradient_boosting,snapshot_regression
prematch_home_p1_mean_zone_recovery_roll3,0.0,gradient_boosting,snapshot_regression
prematch_home_p1_maximum_zone_leakage_expanding,0.0,gradient_boosting,snapshot_regression
prematch_home_p1_maximum_zone_leakage_roll10,0.0,gradient_boosting,snapshot_regression
prematch_home_p1_maximum_zone_leakage_roll5,0.0,gradient_boosting,snapshot_regression
prematch_home_p1_maximum_zone_leakage_roll3,0.0,gradient_boosting,snapshot_regression
prematch_home_p1_median_zone_leakage_expanding,0.0,gradient_boosting,snapshot_regression
prematch_home_p1_switching_factor_roll10,0.0,gradient_boosting,snapshot_regression
prematch_home_p1_switching_factor_roll5,0.0,gradient_boosting,snapshot_regression
prematch_home_p1_switching_factor_roll3,0.0,gradient_boosting,snapshot_regression
prematch_home_p1_possession_recoveries_expanding,0.0,gradient_boosting,snapshot_regression
home_cum_passes,0.0,gradient_boosting,snapshot_regression
prematch_home_p1_possession_recoveries_roll5,0.0,gradient_boosting,snapshot_regression
prematch_home_p1_possession_recoveries_roll3,0.0,gradient_boosting,snapshot_regression
prematch_home_p1_possession_losses_expanding,0.0,gradient_boosting,snapshot_regression
prematch_home_p1_possession_losses_roll10,0.0,gradient_boosting,snapshot_regression
prematch_home_p1_possession_losses_roll5,0.0,gradient_boosting,snapshot_regression
prematch_home_p1_possession_losses_roll3,0.0,gradient_boosting,snapshot_regression
prematch_home_p1_completed_passes_expanding,0.0,gradient_boosting,snapshot_regression
prematch_home_p1_completed_passes_roll10,0.0,gradient_boosting,snapshot_regression
prematch_home_p1_completed_passes_roll5,0.0,gradient_boosting,snapshot_regression
prematch_home_p1_completed_passes_roll3,0.0,gradient_boosting,snapshot_regression
prematch_home_p1_maximum_zone_recovery_expanding,0.0,gradient_boosting,snapshot_regression
prematch_away_p1_mean_zone_leakage_roll3,0.0,gradient_boosting,snapshot_regression
prematch_away_p1_mean_zone_centrality_expanding,0.0,gradient_boosting,snapshot_regression
prematch_away_p1_mean_zone_centrality_roll10,0.0,gradient_boosting,snapshot_regression
prematch_away_p1_mean_zone_centrality_roll5,0.0,gradient_boosting,snapshot_regression
prematch_away_p1_mean_zone_centrality_roll3,0.0,gradient_boosting,snapshot_regression
prematch_away_p1_maximum_zone_centrality_expanding,0.0,gradient_boosting,snapshot_regression
prematch_away_p1_maximum_zone_centrality_roll10,0.0,gradient_boosting,snapshot_regression
prematch_away_p1_maximum_zone_centrality_roll5,0.0,gradient_boosting,snapshot_regression
prematch_away_p1_maximum_zone_centrality_roll3,0.0,gradient_boosting,snapshot_regression
prematch_away_p1_accumulated_eigenvector_centrality_expanding,0.0,gradient_boosting,snapshot_regression
prematch_away_p1_accumulated_eigenvector_centrality_roll10,0.0,gradient_boosting,snapshot_regression
prematch_away_p1_accumulated_eigenvector_centrality_roll5,0.0,gradient_boosting,snapshot_regression
prematch_away_p1_accumulated_eigenvector_centrality_roll3,0.0,gradient_boosting,snapshot_regression
prematch_away_p1_rest_days,0.0,gradient_boosting,snapshot_regression
prematch_away_p1_matches_played_prior,0.0,gradient_boosting,snapshot_regression
prematch_home_p1_switching_factor_expanding,0.0,gradient_boosting,snapshot_regression
prematch_away_p1_median_zone_recovery_roll3,0.0,gradient_boosting,snapshot_regression
prematch_away_p1_mean_zone_recovery_expanding,0.0,gradient_boosting,snapshot_regression
prematch_away_p1_mean_zone_recovery_roll10,0.0,gradient_boosting,snapshot_regression
prematch_away_p1_mean_zone_recovery_roll5,0.0,gradient_boosting,snapshot_regression
prematch_away_p1_mean_zone_recovery_roll3,0.0,gradient_boosting,snapshot_regression
prematch_away_p1_maximum_zone_leakage_expanding,0.0,gradient_boosting,snapshot_regression
prematch_away_p1_maximum_zone_leakage_roll10,0.0,gradient_boosting,snapshot_regression
prematch_away_p1_maximum_zone_leakage_roll5,0.0,gradient_boosting,snapshot_regression
prematch_away_p1_maximum_zone_leakage_roll3,0.0,gradient_boosting,snapshot_regression
prematch_away_p1_median_zone_leakage_expanding,0.0,gradient_boosting,snapshot_regression
prematch_away_p1_median_zone_leakage_roll10,0.0,gradient_boosting,snapshot_regression
prematch_away_p1_median_zone_leakage_roll5,0.0,gradient_boosting,snapshot_regression
prematch_away_p1_mean_zone_leakage_expanding,0.0,gradient_boosting,snapshot_regression
prematch_away_p1_mean_zone_leakage_roll10,0.0,gradient_boosting,snapshot_regression
prematch_away_p1_mean_zone_leakage_roll5,0.0,gradient_boosting,snapshot_regression
prematch_away_p1_possession_recoveries_roll3,0.0,gradient_boosting,snapshot_regression
prematch_away_p1_possession_losses_expanding,0.0,gradient_boosting,snapshot_regression
home_recent5_passes,0.0,gradient_boosting,snapshot_regression
prematch_away_p1_possession_losses_roll5,0.0,gradient_boosting,snapshot_regression
prematch_away_p1_possession_losses_roll3,0.0,gradient_boosting,snapshot_regression
prematch_away_p1_completed_passes_expanding,0.0,gradient_boosting,snapshot_regression
prematch_away_p1_completed_passes_roll10,0.0,gradient_boosting,snapshot_regression
prematch_away_p1_completed_passes_roll5,0.0,gradient_boosting,snapshot_regression
prematch_away_p1_completed_passes_roll3,0.0,gradient_boosting,snapshot_regression
prematch_away_p1_maximum_zone_recovery_expanding,0.0,gradient_boosting,snapshot_regression
prematch_away_p1_maximum_zone_recovery_roll10,0.0,gradient_boosting,snapshot_regression
prematch_away_p1_maximum_zone_recovery_roll5,0.0,gradient_boosting,snapshot_regression
prematch_away_p1_maximum_zone_recovery_roll3,0.0,gradient_boosting,snapshot_regression
prematch_away_p1_median_zone_recovery_expanding,0.0,gradient_boosting,snapshot_regression
prematch_away_p1_median_zone_recovery_roll10,0.0,gradient_boosting,snapshot_regression
prematch_away_p1_median_zone_recovery_roll5,0.0,gradient_boosting,snapshot_regression
prematch_diff_p1_maximum_zone_centrality_roll10,0.0,gradient_boosting,snapshot_regression
prematch_diff_p1_maximum_zone_centrality_roll5,0.0,gradient_boosting,snapshot_regression
prematch_diff_p1_maximum_zone_centrality_roll3,0.0,gradient_boosting,snapshot_regression
prematch_diff_p1_accumulated_eigenvector_centrality_expanding,0.0,gradient_boosting,snapshot_regression
prematch_diff_p1_accumulated_eigenvector_centrality_roll10,0.0,gradient_boosting,snapshot_regression
home_recent10_passes,0.0,gradient_boosting,snapshot_regression
prematch_diff_p1_accumulated_eigenvector_centrality_roll3,0.0,gradient_boosting,snapshot_regression
prematch_diff_p1_rest_days,0.0,gradient_boosting,snapshot_regression
prematch_diff_p1_matches_played_prior,0.0,gradient_boosting,snapshot_regression
prematch_away_p1_switching_factor_expanding,0.0,gradient_boosting,snapshot_regression
prematch_away_p1_switching_factor_roll10,0.0,gradient_boosting,snapshot_regression
prematch_away_p1_switching_factor_roll5,0.0,gradient_boosting,snapshot_regression
prematch_away_p1_switching_factor_roll3,0.0,gradient_boosting,snapshot_regression
prematch_away_p1_possession_recoveries_expanding,0.0,gradient_boosting,snapshot_regression
prematch_away_p1_possession_recoveries_roll10,0.0,gradient_boosting,snapshot_regression
prematch_away_p1_possession_recoveries_roll5,0.0,gradient_boosting,snapshot_regression
prematch_diff_p1_maximum_zone_leakage_roll3,0.0,gradient_boosting,snapshot_regression
home_cum_completed_passes,0.0,gradient_boosting,snapshot_regression
prematch_diff_p1_median_zone_leakage_roll10,0.0,gradient_boosting,snapshot_regression
home_cum_fouls,0.0,gradient_boosting,snapshot_regression
home_recent10_interceptions,0.0,gradient_boosting,snapshot_regression
home_recent5_interceptions,0.0,gradient_boosting,snapshot_regression
home_cum_interceptions,0.0,gradient_boosting,snapshot_regression
home_recent10_recoveries,0.0,gradient_boosting,snapshot_regression
home_recent5_recoveries,0.0,gradient_boosting,snapshot_regression
home_cum_recoveries,0.0,gradient_boosting,snapshot_regression
home_recent10_pressures,0.0,gradient_boosting,snapshot_regression
home_recent5_pressures,0.0,gradient_boosting,snapshot_regression
home_recent10_completed_passes,0.0,gradient_boosting,snapshot_regression
home_cum_final_third_entries,0.0,gradient_boosting,snapshot_regression
away_cum_completed_passes,0.0,gradient_boosting,snapshot_regression
away_recent10_passes,0.0,gradient_boosting,snapshot_regression
away_recent5_passes,0.0,gradient_boosting,snapshot_regression
away_cum_passes,0.0,gradient_boosting,snapshot_regression
away_recent10_shots,0.0,gradient_boosting,snapshot_regression
prematch_diff_p1_median_zone_leakage_roll5,0.0,gradient_boosting,snapshot_regression
prematch_diff_p1_median_zone_leakage_roll3,0.0,gradient_boosting,snapshot_regression
prematch_diff_p1_mean_zone_leakage_roll5,0.0,gradient_boosting,snapshot_regression
prematch_diff_p1_mean_zone_leakage_roll3,0.0,gradient_boosting,snapshot_regression
prematch_diff_p1_mean_zone_centrality_expanding,0.0,gradient_boosting,snapshot_regression
prematch_diff_p1_mean_zone_centrality_roll10,0.0,gradient_boosting,snapshot_regression
prematch_diff_p1_mean_zone_centrality_roll5,0.0,gradient_boosting,snapshot_regression
prematch_diff_p1_mean_zone_centrality_roll3,0.0,gradient_boosting,snapshot_regression
prematch_diff_p1_completed_passes_expanding,0.0,gradient_boosting,snapshot_regression
home_recent10_final_third_entries,0.0,gradient_boosting,snapshot_regression
prematch_diff_p1_completed_passes_roll5,0.0,gradient_boosting,snapshot_regression
prematch_diff_p1_completed_passes_roll3,0.0,gradient_boosting,snapshot_regression
prematch_diff_p1_maximum_zone_recovery_expanding,0.0,gradient_boosting,snapshot_regression
prematch_diff_p1_maximum_zone_recovery_roll10,0.0,gradient_boosting,snapshot_regression
home_recent5_completed_passes,0.0,gradient_boosting,snapshot_regression
prematch_diff_p1_switching_factor_roll3,0.0,gradient_boosting,snapshot_regression
prematch_diff_p1_possession_recoveries_expanding,0.0,gradient_boosting,snapshot_regression
prematch_diff_p1_possession_recoveries_roll10,0.0,gradient_boosting,snapshot_regression
prematch_diff_p1_possession_recoveries_roll5,0.0,gradient_boosting,snapshot_regression
home_recent10_yellow_cards,0.0,gradient_boosting,snapshot_regression
prematch_diff_p1_possession_losses_expanding,0.0,gradient_boosting,snapshot_regression
prematch_diff_p1_possession_losses_roll10,0.0,gradient_boosting,snapshot_regression
prematch_diff_p1_possession_losses_roll5,0.0,gradient_boosting,snapshot_regression
prematch_diff_p1_possession_losses_roll3,0.0,gradient_boosting,snapshot_regression
home_cum_pressures,0.0,gradient_boosting,snapshot_regression
score_diff,0.5038158893585205,xgboost,snapshot_regression
prematch_diff_event_yellow_cards_roll10,0.12385078519582748,xgboost,snapshot_regression
prematch_market_prob_A,0.1188344806432724,xgboost,snapshot_regression
prematch_market_prob_H,0.11826936155557632,xgboost,snapshot_regression
prematch_diff_p1_maximum_zone_leakage_roll5,0.08425819128751755,xgboost,snapshot_regression
prematch_diff_p1_mean_zone_leakage_expanding,0.0573701336979866,xgboost,snapshot_regression
prematch_bookie_margin,0.04653749242424965,xgboost,snapshot_regression
prematch_home_event_interceptions_expanding,0.039106473326683044,xgboost,snapshot_regression
prematch_away_p1_median_zone_leakage_roll3,0.03811731934547424,xgboost,snapshot_regression
prematch_home_p1_median_zone_leakage_roll3,0.03578614443540573,xgboost,snapshot_regression
prematch_diff_p1_maximum_zone_leakage_roll10,0.03468003869056702,xgboost,snapshot_regression
prematch_away_event_goals_against_roll3,0.03139527514576912,xgboost,snapshot_regression
prematch_diff_event_yellow_cards_roll5,0.02983655221760273,xgboost,snapshot_regression
prematch_away_event_shots_roll10,0.027315005660057068,xgboost,snapshot_regression
prematch_home_p1_maximum_zone_leakage_roll3,0.0255426112562418,xgboost,snapshot_regression
prematch_diff_p1_maximum_zone_recovery_roll5,0.024320440366864204,xgboost,snapshot_regression
prematch_diff_p1_maximum_zone_leakage_expanding,0.023903146386146545,xgboost,snapshot_regression
prematch_diff_event_shots_on_target_roll10,0.022306719794869423,xgboost,snapshot_regression
away_score,0.02221965231001377,xgboost,snapshot_regression
prematch_home_event_final_third_entries_expanding,0.022050971165299416,xgboost,snapshot_regression
prematch_home_p1_median_zone_recovery_roll5,0.021313410252332687,xgboost,snapshot_regression
prematch_diff_event_final_third_entries_expanding,0.018722036853432655,xgboost,snapshot_regression
prematch_away_event_final_third_entries_roll3,0.018713533878326416,xgboost,snapshot_regression
prematch_home_event_fouls_roll3,0.016613585874438286,xgboost,snapshot_regression
prematch_away_event_points_expanding,0.01625666581094265,xgboost,snapshot_regression
prematch_home_event_shots_on_target_roll5,0.015927528962492943,xgboost,snapshot_regression
prematch_away_event_shots_roll5,0.01412428729236126,xgboost,snapshot_regression
prematch_home_p1_mean_zone_leakage_roll5,0.0137993935495615,xgboost,snapshot_regression
prematch_away_event_fouls_roll10,0.01351060252636671,xgboost,snapshot_regression
prematch_home_event_fouls_roll10,0.013186218217015266,xgboost,snapshot_regression
prematch_home_event_goals_against_roll5,0.012700619176030159,xgboost,snapshot_regression
home_score,0.012472417205572128,xgboost,snapshot_regression
diff_cum_xg,0.012314166873693466,xgboost,snapshot_regression
prematch_away_event_recoveries_roll3,0.011773550882935524,xgboost,snapshot_regression
prematch_diff_event_goals_against_expanding,0.011099004186689854,xgboost,snapshot_regression
prematch_home_event_goals_against_expanding,0.010713435709476471,xgboost,snapshot_regression
prematch_diff_p1_switching_factor_roll10,0.010354108177125454,xgboost,snapshot_regression
prematch_home_event_recoveries_roll10,0.010349690914154053,xgboost,snapshot_regression
prematch_diff_p1_mean_zone_recovery_roll10,0.010313553735613823,xgboost,snapshot_regression
prematch_home_event_passes_roll10,0.010187666863203049,xgboost,snapshot_regression
prematch_diff_p1_possession_recoveries_roll3,0.010169418528676033,xgboost,snapshot_regression
prematch_home_event_interceptions_roll10,0.009891469031572342,xgboost,snapshot_regression
prematch_diff_event_red_cards_roll10,0.009681335650384426,xgboost,snapshot_regression
prematch_diff_p1_possession_recoveries_expanding,0.009084468707442284,xgboost,snapshot_regression
prematch_away_event_fouls_expanding,0.0088844308629632,xgboost,snapshot_regression
prematch_diff_p1_accumulated_eigenvector_centrality_roll10,0.008825632743537426,xgboost,snapshot_regression
prematch_diff_event_interceptions_expanding,0.008438016287982464,xgboost,snapshot_regression
prematch_away_event_duels_won_expanding,0.008406165987253189,xgboost,snapshot_regression
prematch_home_p1_possession_losses_roll10,0.008258755318820477,xgboost,snapshot_regression
prematch_diff_p1_mean_zone_leakage_roll10,0.008251003921031952,xgboost,snapshot_regression
prematch_away_event_final_third_entries_roll5,0.008247211575508118,xgboost,snapshot_regression
prematch_diff_event_possessions_expanding,0.008103983476758003,xgboost,snapshot_regression
prematch_diff_event_recoveries_roll3,0.007962148636579514,xgboost,snapshot_regression
prematch_home_event_shots_expanding,0.007794417440891266,xgboost,snapshot_regression
prematch_diff_event_possessions_roll10,0.007705472409725189,xgboost,snapshot_regression
prematch_diff_event_pressures_expanding,0.007615020964294672,xgboost,snapshot_regression
prematch_home_p1_maximum_zone_leakage_roll5,0.007497376762330532,xgboost,snapshot_regression
prematch_away_event_shots_on_target_roll3,0.007473031058907509,xgboost,snapshot_regression
prematch_home_p1_possession_losses_roll5,0.007272866554558277,xgboost,snapshot_regression
prematch_home_event_shots_on_target_expanding,0.007107686251401901,xgboost,snapshot_regression
prematch_home_p1_mean_zone_leakage_roll3,0.006980106700211763,xgboost,snapshot_regression
prematch_away_p1_maximum_zone_leakage_expanding,0.006873806938529015,xgboost,snapshot_regression
prematch_away_event_recoveries_roll5,0.0066739958710968494,xgboost,snapshot_regression
prematch_away_event_points_roll10,0.006149846129119396,xgboost,snapshot_regression
prematch_home_event_recoveries_roll5,0.006044438108801842,xgboost,snapshot_regression
prematch_home_p1_accumulated_eigenvector_centrality_roll3,0.005938584450632334,xgboost,snapshot_regression
prematch_away_event_carries_roll10,0.005822157487273216,xgboost,snapshot_regression
prematch_home_p1_median_zone_leakage_roll10,0.005745886359363794,xgboost,snapshot_regression
prematch_home_event_red_cards_expanding,0.005261731334030628,xgboost,snapshot_regression
prematch_home_event_duels_won_roll3,0.005046869162470102,xgboost,snapshot_regression
prematch_away_p1_possession_recoveries_roll3,0.004914317280054092,xgboost,snapshot_regression
prematch_away_event_duels_won_roll10,0.004903510678559542,xgboost,snapshot_regression
prematch_diff_p1_possession_losses_expanding,0.0047058481723070145,xgboost,snapshot_regression
prematch_home_p1_accumulated_eigenvector_centrality_roll10,0.0046785613521933556,xgboost,snapshot_regression
prematch_market_prob_D,0.004518868867307901,xgboost,snapshot_regression
prematch_diff_event_carries_roll10,0.004432377405464649,xgboost,snapshot_regression
prematch_home_event_yellow_cards_roll5,0.004380458500236273,xgboost,snapshot_regression
prematch_home_event_shots_roll3,0.004355323035269976,xgboost,snapshot_regression
prematch_away_event_shots_roll3,0.0043373117223382,xgboost,snapshot_regression
prematch_diff_event_goals_against_roll3,0.004304155707359314,xgboost,snapshot_regression
prematch_diff_event_possessions_roll5,0.004287638235837221,xgboost,snapshot_regression
prematch_diff_p1_mean_zone_centrality_expanding,0.004277965985238552,xgboost,snapshot_regression
prematch_diff_event_points_roll5,0.0042447191663086414,xgboost,snapshot_regression
prematch_diff_event_recoveries_roll5,0.00422337232157588,xgboost,snapshot_regression
prematch_home_p1_possession_recoveries_roll10,0.004138331860303879,xgboost,snapshot_regression
prematch_away_event_duels_won_roll5,0.0040391236543655396,xgboost,snapshot_regression
prematch_diff_p1_switching_factor_expanding,0.003938368055969477,xgboost,snapshot_regression
prematch_away_event_red_cards_roll5,0.0038930964656174183,xgboost,snapshot_regression
prematch_diff_p1_maximum_zone_leakage_roll3,0.0038894733879715204,xgboost,snapshot_regression
prematch_home_event_matches_played_prior,0.0038890051655471325,xgboost,snapshot_regression
prematch_away_event_recoveries_roll10,0.003816656768321991,xgboost,snapshot_regression
prematch_home_event_final_third_entries_roll3,0.003762779990211129,xgboost,snapshot_regression
prematch_away_event_completed_passes_roll3,0.0036977939307689667,xgboost,snapshot_regression
prematch_away_p1_median_zone_leakage_roll10,0.003626581747084856,xgboost,snapshot_regression
prematch_diff_p1_median_zone_recovery_roll10,0.0035874973982572556,xgboost,snapshot_regression
prematch_diff_event_duels_won_roll3,0.00345995114184916,xgboost,snapshot_regression
prematch_diff_event_carries_roll5,0.003371091792359948,xgboost,snapshot_regression
prematch_home_p1_maximum_zone_centrality_roll3,0.00329741183668375,xgboost,snapshot_regression
prematch_home_event_rest_days,0.003234009724110365,xgboost,snapshot_regression
prematch_home_p1_switching_factor_roll3,0.0032252781093120575,xgboost,snapshot_regression
prematch_diff_event_fouls_expanding,0.0030791733879595995,xgboost,snapshot_regression
prematch_away_event_pressures_roll5,0.0030496791005134583,xgboost,snapshot_regression
prematch_away_p1_possession_recoveries_roll10,0.0029717774596065283,xgboost,snapshot_regression
prematch_away_event_rest_days,0.0028516987804323435,xgboost,snapshot_regression
prematch_home_event_interceptions_roll5,0.002850322285667062,xgboost,snapshot_regression
prematch_diff_p1_mean_zone_centrality_roll5,0.002795847598463297,xgboost,snapshot_regression
prematch_home_event_shots_on_target_roll3,0.0027920894790440798,xgboost,snapshot_regression
prematch_away_p1_maximum_zone_recovery_expanding,0.002753335749730468,xgboost,snapshot_regression
prematch_home_event_xg_roll3,0.0027242386713624,xgboost,snapshot_regression
prematch_diff_event_yellow_cards_expanding,0.002674960996955633,xgboost,snapshot_regression
prematch_home_event_goals_against_roll3,0.0025721569545567036,xgboost,snapshot_regression
prematch_home_p1_median_zone_leakage_roll5,0.002382406033575535,xgboost,snapshot_regression
prematch_diff_event_pressures_roll10,0.0023687942884862423,xgboost,snapshot_regression
prematch_away_p1_maximum_zone_centrality_roll10,0.0022862390615046024,xgboost,snapshot_regression
prematch_home_event_yellow_cards_roll3,0.0022663711570203304,xgboost,snapshot_regression
prematch_home_p1_mean_zone_centrality_expanding,0.0022302439901977777,xgboost,snapshot_regression
prematch_diff_p1_accumulated_eigenvector_centrality_roll5,0.0022139172069728374,xgboost,snapshot_regression
prematch_diff_event_completed_passes_roll3,0.0021617268212139606,xgboost,snapshot_regression
prematch_diff_p1_switching_factor_roll3,0.0021596166770905256,xgboost,snapshot_regression
prematch_away_event_carries_roll3,0.002109214197844267,xgboost,snapshot_regression
prematch_diff_p1_mean_zone_recovery_roll5,0.0020937060471624136,xgboost,snapshot_regression
prematch_diff_event_pressures_roll3,0.0020901483949273825,xgboost,snapshot_regression
prematch_away_event_goals_for_expanding,0.001980265136808157,xgboost,snapshot_regression
prematch_home_event_goals_against_roll10,0.0019620961975306273,xgboost,snapshot_regression
prematch_home_event_completed_passes_roll3,0.001937384600751102,xgboost,snapshot_regression
away_cum_pressures,0.0019281762652099133,xgboost,snapshot_regression
prematch_diff_event_fouls_roll5,0.00191708083730191,xgboost,snapshot_regression
prematch_home_p1_accumulated_eigenvector_centrality_roll5,0.001902322401292622,xgboost,snapshot_regression
prematch_away_event_possessions_expanding,0.0018897809786722064,xgboost,snapshot_regression
prematch_home_event_final_third_entries_roll10,0.0018875958630815148,xgboost,snapshot_regression
prematch_home_event_fouls_roll5,0.0018719029612839222,xgboost,snapshot_regression
prematch_diff_p1_maximum_zone_centrality_expanding,0.001814671908505261,xgboost,snapshot_regression
prematch_diff_event_yellow_cards_roll3,0.0017472461331635714,xgboost,snapshot_regression
prematch_away_event_pressures_expanding,0.0016573260072618723,xgboost,snapshot_regression
prematch_away_event_passes_roll3,0.0016466733068227768,xgboost,snapshot_regression
prematch_home_event_shots_roll10,0.001602041651494801,xgboost,snapshot_regression
prematch_away_event_carries_roll5,0.0015783495036885142,xgboost,snapshot_regression
prematch_away_p1_maximum_zone_centrality_expanding,0.0015473196981474757,xgboost,snapshot_regression
prematch_diff_event_final_third_entries_roll3,0.0014509670436382294,xgboost,snapshot_regression
prematch_away_p1_mean_zone_leakage_expanding,0.0014143090229481459,xgboost,snapshot_regression
prematch_home_p1_possession_losses_roll3,0.0014026109129190445,xgboost,snapshot_regression
prematch_away_event_duels_won_roll3,0.0013832158874720335,xgboost,snapshot_regression
prematch_away_event_shots_on_target_expanding,0.0013551770243793726,xgboost,snapshot_regression
prematch_away_p1_possession_losses_roll3,0.0013438899768516421,xgboost,snapshot_regression
home_cum_shots,0.0013044264633208513,xgboost,snapshot_regression
prematch_home_event_final_third_entries_roll5,0.001281886943615973,xgboost,snapshot_regression
prematch_away_p1_maximum_zone_recovery_roll3,0.0012489726068452,xgboost,snapshot_regression
prematch_diff_event_shots_on_target_roll3,0.0012182333739474416,xgboost,snapshot_regression
home_cum_xg,0.0011602521408349276,xgboost,snapshot_regression
away_cum_xg,0.0011489377357065678,xgboost,snapshot_regression
prematch_away_event_goals_for_roll5,0.0011054211063310504,xgboost,snapshot_regression
prematch_diff_event_recoveries_roll10,0.0010211811168119311,xgboost,snapshot_regression
prematch_home_event_recoveries_roll3,0.0010139856021851301,xgboost,snapshot_regression
prematch_home_event_carries_roll5,0.0009818108519539237,xgboost,snapshot_regression
prematch_home_p1_maximum_zone_centrality_roll10,0.0009588337852619588,xgboost,snapshot_regression
prematch_away_p1_accumulated_eigenvector_centrality_expanding,0.0009057222632691264,xgboost,snapshot_regression
prematch_home_event_shots_roll5,0.0008988719200715423,xgboost,snapshot_regression
prematch_diff_event_carries_expanding,0.0008937424281612039,xgboost,snapshot_regression
prematch_diff_event_xg_expanding,0.0008560265996493399,xgboost,snapshot_regression
prematch_diff_event_duels_won_roll10,0.0008315430022776127,xgboost,snapshot_regression
prematch_home_event_points_roll10,0.00080858264118433,xgboost,snapshot_regression
diff_cum_final_third_entries,0.0008024642011150718,xgboost,snapshot_regression
prematch_home_event_yellow_cards_roll10,0.0008022249094210565,xgboost,snapshot_regression
prematch_diff_event_interceptions_roll10,0.0007883367361500859,xgboost,snapshot_regression
home_cum_passes,0.0007098613423295319,xgboost,snapshot_regression
prematch_home_event_points_expanding,0.0007020446937531233,xgboost,snapshot_regression
prematch_away_event_shots_expanding,0.0007007666863501072,xgboost,snapshot_regression
prematch_away_event_xg_roll10,0.0006895996048115194,xgboost,snapshot_regression
away_cum_yellow_cards,0.0006862572627142072,xgboost,snapshot_regression
prematch_home_event_passes_roll5,0.0006529790698550642,xgboost,snapshot_regression
prematch_home_p1_mean_zone_recovery_roll10,0.0006492851534858346,xgboost,snapshot_regression
prematch_home_p1_median_zone_recovery_roll10,0.0006234529428184032,xgboost,snapshot_regression
prematch_diff_p1_median_zone_leakage_expanding,0.0006166766979731619,xgboost,snapshot_regression
prematch_away_p1_maximum_zone_recovery_roll10,0.0006062000757083297,xgboost,snapshot_regression
prematch_away_p1_median_zone_recovery_roll3,0.0005648063961416483,xgboost,snapshot_regression
prematch_diff_p1_possession_losses_roll3,0.0005554079543799162,xgboost,snapshot_regression
prematch_diff_event_passes_roll3,0.0005488708848133683,xgboost,snapshot_regression
away_cum_interceptions,0.0005207384238019586,xgboost,snapshot_regression
prematch_away_event_goals_against_roll10,0.000501712376717478,xgboost,snapshot_regression
prematch_home_event_interceptions_roll3,0.0004987220745533705,xgboost,snapshot_regression
prematch_away_event_interceptions_roll5,0.0004789197409991175,xgboost,snapshot_regression
home_cum_recoveries,0.0004663747677113861,xgboost,snapshot_regression
away_cum_final_third_entries,0.0004291427612770349,xgboost,snapshot_regression
prematch_diff_event_matches_played_prior,0.00040099158650264144,xgboost,snapshot_regression
prematch_diff_event_shots_roll3,0.00039562946767546237,xgboost,snapshot_regression
diff_cum_passes,0.00035183641011826694,xgboost,snapshot_regression
home_cum_completed_passes,0.0003465641348157078,xgboost,snapshot_regression
prematch_home_event_pressures_roll3,0.00027636534650810063,xgboost,snapshot_regression
prematch_home_event_goals_for_roll3,0.0002251922560390085,xgboost,snapshot_regression
away_cum_recoveries,0.00021733030735049397,xgboost,snapshot_regression
prematch_diff_event_shots_on_target_roll5,0.0002131627989001572,xgboost,snapshot_regression
prematch_home_p1_maximum_zone_centrality_expanding,0.0001935909822350368,xgboost,snapshot_regression
diff_cum_interceptions,0.00019314508244860917,xgboost,snapshot_regression
home_cum_fouls,5.6468237744411454e-05,xgboost,snapshot_regression
diff_cum_pressures,5.339281779015437e-05,xgboost,snapshot_regression
home_cum_carries,1.9282326320535503e-05,xgboost,snapshot_regression
home_recent10_interceptions,0.0,xgboost,snapshot_regression
home_recent5_interceptions,0.0,xgboost,snapshot_regression
home_cum_interceptions,0.0,xgboost,snapshot_regression
home_recent10_recoveries,0.0,xgboost,snapshot_regression
home_recent10_xg,0.0,xgboost,snapshot_regression
prematch_home_event_possessions_roll5,0.0,xgboost,snapshot_regression
prematch_home_event_possessions_roll3,0.0,xgboost,snapshot_regression
prematch_home_event_duels_won_expanding,0.0,xgboost,snapshot_regression
prematch_home_event_duels_won_roll10,0.0,xgboost,snapshot_regression
prematch_home_event_duels_won_roll5,0.0,xgboost,snapshot_regression
prematch_home_event_carries_expanding,0.0,xgboost,snapshot_regression
prematch_home_event_carries_roll10,0.0,xgboost,snapshot_regression
prematch_home_event_carries_roll3,0.0,xgboost,snapshot_regression
prematch_home_event_red_cards_roll10,0.0,xgboost,snapshot_regression
prematch_home_event_red_cards_roll5,0.0,xgboost,snapshot_regression
prematch_home_event_red_cards_roll3,0.0,xgboost,snapshot_regression
prematch_home_event_yellow_cards_expanding,0.0,xgboost,snapshot_regression
prematch_home_event_fouls_expanding,0.0,xgboost,snapshot_regression
prematch_diff_p1_switching_factor_roll5,0.0,xgboost,snapshot_regression
prematch_diff_p1_possession_recoveries_roll10,0.0,xgboost,snapshot_regression
prematch_away_event_points_roll5,0.0,xgboost,snapshot_regression
prematch_away_event_points_roll3,0.0,xgboost,snapshot_regression
prematch_away_event_goals_against_expanding,0.0,xgboost,snapshot_regression
prematch_home_event_recoveries_expanding,0.0,xgboost,snapshot_regression
prematch_home_event_pressures_expanding,0.0,xgboost,snapshot_regression
prematch_home_event_pressures_roll10,0.0,xgboost,snapshot_regression
prematch_home_event_pressures_roll5,0.0,xgboost,snapshot_regression
prematch_away_event_goals_against_roll5,0.0,xgboost,snapshot_regression
prematch_away_event_goals_for_roll10,0.0,xgboost,snapshot_regression
prematch_away_event_goals_for_roll3,0.0,xgboost,snapshot_regression
prematch_away_event_matches_played_prior,0.0,xgboost,snapshot_regression
prematch_home_event_possessions_expanding,0.0,xgboost,snapshot_regression
prematch_home_event_possessions_roll10,0.0,xgboost,snapshot_regression
prematch_home_event_completed_passes_expanding,0.0,xgboost,snapshot_regression
prematch_home_event_completed_passes_roll10,0.0,xgboost,snapshot_regression
prematch_home_event_completed_passes_roll5,0.0,xgboost,snapshot_regression
prematch_home_event_passes_expanding,0.0,xgboost,snapshot_regression
prematch_home_event_passes_roll3,0.0,xgboost,snapshot_regression
prematch_home_event_xg_expanding,0.0,xgboost,snapshot_regression
prematch_home_event_xg_roll10,0.0,xgboost,snapshot_regression
prematch_home_event_xg_roll5,0.0,xgboost,snapshot_regression
prematch_home_event_shots_on_target_roll10,0.0,xgboost,snapshot_regression
prematch_away_event_xg_roll5,0.0,xgboost,snapshot_regression
prematch_away_event_xg_roll3,0.0,xgboost,snapshot_regression
prematch_away_event_shots_on_target_roll10,0.0,xgboost,snapshot_regression
prematch_away_event_shots_on_target_roll5,0.0,xgboost,snapshot_regression
prematch_home_event_points_roll5,0.0,xgboost,snapshot_regression
prematch_home_event_points_roll3,0.0,xgboost,snapshot_regression
prematch_home_event_goals_for_expanding,0.0,xgboost,snapshot_regression
prematch_home_event_goals_for_roll10,0.0,xgboost,snapshot_regression
prematch_home_event_goals_for_roll5,0.0,xgboost,snapshot_regression
prematch_away_event_pressures_roll3,0.0,xgboost,snapshot_regression
prematch_away_event_final_third_entries_expanding,0.0,xgboost,snapshot_regression
prematch_away_event_final_third_entries_roll10,0.0,xgboost,snapshot_regression
prematch_away_event_completed_passes_expanding,0.0,xgboost,snapshot_regression
prematch_away_event_completed_passes_roll10,0.0,xgboost,snapshot_regression
prematch_away_event_completed_passes_roll5,0.0,xgboost,snapshot_regression
prematch_away_event_passes_expanding,0.0,xgboost,snapshot_regression
prematch_away_event_passes_roll10,0.0,xgboost,snapshot_regression
prematch_away_event_passes_roll5,0.0,xgboost,snapshot_regression
prematch_away_event_xg_expanding,0.0,xgboost,snapshot_regression
prematch_away_event_red_cards_expanding,0.0,xgboost,snapshot_regression
prematch_away_event_red_cards_roll10,0.0,xgboost,snapshot_regression
prematch_away_event_red_cards_roll3,0.0,xgboost,snapshot_regression
prematch_away_event_yellow_cards_expanding,0.0,xgboost,snapshot_regression
prematch_away_event_yellow_cards_roll10,0.0,xgboost,snapshot_regression
prematch_away_event_yellow_cards_roll5,0.0,xgboost,snapshot_regression
prematch_away_event_yellow_cards_roll3,0.0,xgboost,snapshot_regression
prematch_away_event_fouls_roll5,0.0,xgboost,snapshot_regression
prematch_away_event_fouls_roll3,0.0,xgboost,snapshot_regression
prematch_away_event_interceptions_expanding,0.0,xgboost,snapshot_regression
prematch_away_event_interceptions_roll10,0.0,xgboost,snapshot_regression
prematch_away_event_interceptions_roll3,0.0,xgboost,snapshot_regression
prematch_away_event_recoveries_expanding,0.0,xgboost,snapshot_regression
prematch_away_event_pressures_roll10,0.0,xgboost,snapshot_regression
diff_recent10_completed_passes,0.0,xgboost,snapshot_regression
prematch_diff_event_points_expanding,0.0,xgboost,snapshot_regression
prematch_diff_event_points_roll10,0.0,xgboost,snapshot_regression
prematch_diff_event_points_roll3,0.0,xgboost,snapshot_regression
prematch_diff_event_goals_against_roll10,0.0,xgboost,snapshot_regression
prematch_diff_event_goals_against_roll5,0.0,xgboost,snapshot_regression
prematch_diff_event_goals_for_expanding,0.0,xgboost,snapshot_regression
prematch_diff_event_goals_for_roll10,0.0,xgboost,snapshot_regression
prematch_diff_event_goals_for_roll5,0.0,xgboost,snapshot_regression
prematch_diff_event_goals_for_roll3,0.0,xgboost,snapshot_regression
prematch_diff_event_rest_days,0.0,xgboost,snapshot_regression
prematch_away_event_possessions_roll10,0.0,xgboost,snapshot_regression
prematch_away_event_possessions_roll5,0.0,xgboost,snapshot_regression
prematch_away_event_possessions_roll3,0.0,xgboost,snapshot_regression
prematch_away_event_carries_expanding,0.0,xgboost,snapshot_regression
prematch_diff_event_shots_roll10,0.0,xgboost,snapshot_regression
prematch_diff_event_shots_roll5,0.0,xgboost,snapshot_regression
phase_late,0.0,xgboost,snapshot_regression
phase_halftime,0.0,xgboost,snapshot_regression
phase_first_half,0.0,xgboost,snapshot_regression
match_fraction,0.0,xgboost,snapshot_regression
diff_recent10_xg,0.0,xgboost,snapshot_regression
diff_recent10_carries,0.0,xgboost,snapshot_regression
diff_recent10_red_cards,0.0,xgboost,snapshot_regression
diff_recent10_yellow_cards,0.0,xgboost,snapshot_regression
diff_recent10_fouls,0.0,xgboost,snapshot_regression
diff_recent10_interceptions,0.0,xgboost,snapshot_regression
diff_recent10_recoveries,0.0,xgboost,snapshot_regression
diff_recent10_pressures,0.0,xgboost,snapshot_regression
diff_recent10_final_third_entries,0.0,xgboost,snapshot_regression
prematch_diff_event_pressures_roll5,0.0,xgboost,snapshot_regression
prematch_diff_event_final_third_entries_roll10,0.0,xgboost,snapshot_regression
prematch_diff_event_final_third_entries_roll5,0.0,xgboost,snapshot_regression
prematch_diff_event_completed_passes_expanding,0.0,xgboost,snapshot_regression
prematch_diff_event_completed_passes_roll10,0.0,xgboost,snapshot_regression
prematch_diff_event_completed_passes_roll5,0.0,xgboost,snapshot_regression
prematch_diff_event_passes_expanding,0.0,xgboost,snapshot_regression
prematch_diff_event_passes_roll10,0.0,xgboost,snapshot_regression
prematch_diff_event_passes_roll5,0.0,xgboost,snapshot_regression
prematch_diff_event_xg_roll10,0.0,xgboost,snapshot_regression
prematch_diff_event_xg_roll5,0.0,xgboost,snapshot_regression
prematch_diff_event_xg_roll3,0.0,xgboost,snapshot_regression
prematch_diff_event_shots_on_target_expanding,0.0,xgboost,snapshot_regression
prematch_diff_event_shots_expanding,0.0,xgboost,snapshot_regression
diff_recent10_passes,0.0,xgboost,snapshot_regression
diff_recent10_shots,0.0,xgboost,snapshot_regression
diff_recent5_xg,0.0,xgboost,snapshot_regression
diff_recent5_carries,0.0,xgboost,snapshot_regression
diff_recent5_red_cards,0.0,xgboost,snapshot_regression
diff_recent5_yellow_cards,0.0,xgboost,snapshot_regression
diff_recent5_fouls,0.0,xgboost,snapshot_regression
diff_recent5_interceptions,0.0,xgboost,snapshot_regression
diff_recent5_recoveries,0.0,xgboost,snapshot_regression
diff_recent5_pressures,0.0,xgboost,snapshot_regression
diff_recent5_final_third_entries,0.0,xgboost,snapshot_regression
diff_recent5_completed_passes,0.0,xgboost,snapshot_regression
diff_recent5_passes,0.0,xgboost,snapshot_regression
diff_recent5_shots,0.0,xgboost,snapshot_regression
diff_cum_carries,0.0,xgboost,snapshot_regression
prematch_diff_event_recoveries_expanding,0.0,xgboost,snapshot_regression
away_recent5_xg,0.0,xgboost,snapshot_regression
prematch_calendar_cos,0.0,xgboost,snapshot_regression
prematch_calendar_sin,0.0,xgboost,snapshot_regression
prematch_season_progress,0.0,xgboost,snapshot_regression
prematch_diff_event_possessions_roll3,0.0,xgboost,snapshot_regression
prematch_diff_event_duels_won_expanding,0.0,xgboost,snapshot_regression
prematch_diff_event_duels_won_roll5,0.0,xgboost,snapshot_regression
prematch_diff_event_carries_roll3,0.0,xgboost,snapshot_regression
prematch_diff_event_red_cards_expanding,0.0,xgboost,snapshot_regression
prematch_diff_event_red_cards_roll5,0.0,xgboost,snapshot_regression
prematch_diff_event_red_cards_roll3,0.0,xgboost,snapshot_regression
prematch_diff_event_fouls_roll10,0.0,xgboost,snapshot_regression
prematch_diff_event_fouls_roll3,0.0,xgboost,snapshot_regression
home_recent5_completed_passes,0.0,xgboost,snapshot_regression
prematch_diff_event_interceptions_roll5,0.0,xgboost,snapshot_regression
prematch_diff_event_interceptions_roll3,0.0,xgboost,snapshot_regression
prematch_home_p1_maximum_zone_centrality_roll5,0.0,xgboost,snapshot_regression
prematch_home_p1_accumulated_eigenvector_centrality_expanding,0.0,xgboost,snapshot_regression
prematch_home_p1_rest_days,0.0,xgboost,snapshot_regression
prematch_home_p1_matches_played_prior,0.0,xgboost,snapshot_regression
diff_cum_red_cards,0.0,xgboost,snapshot_regression
diff_cum_yellow_cards,0.0,xgboost,snapshot_regression
diff_cum_fouls,0.0,xgboost,snapshot_regression
home_recent10_completed_passes,0.0,xgboost,snapshot_regression
diff_cum_recoveries,0.0,xgboost,snapshot_regression
home_cum_final_third_entries,0.0,xgboost,snapshot_regression
home_recent5_final_third_entries,0.0,xgboost,snapshot_regression
diff_cum_completed_passes,0.0,xgboost,snapshot_regression
home_recent10_final_third_entries,0.0,xgboost,snapshot_regression
diff_cum_shots,0.0,xgboost,snapshot_regression
home_in_possession,0.0,xgboost,snapshot_regression
away_recent10_xg,0.0,xgboost,snapshot_regression
away_recent5_interceptions,0.0,xgboost,snapshot_regression
home_cum_pressures,0.0,xgboost,snapshot_regression
prematch_home_p1_median_zone_recovery_roll3,0.0,xgboost,snapshot_regression
prematch_home_p1_mean_zone_recovery_expanding,0.0,xgboost,snapshot_regression
home_recent5_pressures,0.0,xgboost,snapshot_regression
prematch_home_p1_mean_zone_recovery_roll5,0.0,xgboost,snapshot_regression
prematch_home_p1_mean_zone_recovery_roll3,0.0,xgboost,snapshot_regression
prematch_home_p1_maximum_zone_leakage_expanding,0.0,xgboost,snapshot_regression
prematch_home_p1_maximum_zone_leakage_roll10,0.0,xgboost,snapshot_regression
prematch_home_p1_median_zone_leakage_expanding,0.0,xgboost,snapshot_regression
prematch_home_p1_mean_zone_leakage_expanding,0.0,xgboost,snapshot_regression
prematch_home_p1_mean_zone_leakage_roll10,0.0,xgboost,snapshot_regression
prematch_home_p1_mean_zone_centrality_roll10,0.0,xgboost,snapshot_regression
prematch_home_p1_mean_zone_centrality_roll5,0.0,xgboost,snapshot_regression
prematch_home_p1_mean_zone_centrality_roll3,0.0,xgboost,snapshot_regression
home_recent10_pressures,0.0,xgboost,snapshot_regression
prematch_home_p1_maximum_zone_recovery_roll3,0.0,xgboost,snapshot_regression
prematch_home_p1_median_zone_recovery_expanding,0.0,xgboost,snapshot_regression
prematch_diff_p1_mean_zone_leakage_roll3,0.0,xgboost,snapshot_regression
away_recent10_carries,0.0,xgboost,snapshot_regression
away_recent5_carries,0.0,xgboost,snapshot_regression
away_cum_carries,0.0,xgboost,snapshot_regression
away_recent10_red_cards,0.0,xgboost,snapshot_regression
away_recent5_red_cards,0.0,xgboost,snapshot_regression
away_cum_red_cards,0.0,xgboost,snapshot_regression
away_recent10_yellow_cards,0.0,xgboost,snapshot_regression
away_recent5_yellow_cards,0.0,xgboost,snapshot_regression
home_recent5_shots,0.0,xgboost,snapshot_regression
away_recent10_fouls,0.0,xgboost,snapshot_regression
away_recent5_fouls,0.0,xgboost,snapshot_regression
away_cum_fouls,0.0,xgboost,snapshot_regression
away_recent10_interceptions,0.0,xgboost,snapshot_regression
prematch_away_p1_rest_days,0.0,xgboost,snapshot_regression
prematch_away_p1_matches_played_prior,0.0,xgboost,snapshot_regression
prematch_home_p1_switching_factor_expanding,0.0,xgboost,snapshot_regression
prematch_home_p1_switching_factor_roll10,0.0,xgboost,snapshot_regression
prematch_home_p1_switching_factor_roll5,0.0,xgboost,snapshot_regression
prematch_home_p1_possession_recoveries_expanding,0.0,xgboost,snapshot_regression
prematch_home_p1_possession_recoveries_roll5,0.0,xgboost,snapshot_regression
prematch_home_p1_possession_recoveries_roll3,0.0,xgboost,snapshot_regression
prematch_home_p1_possession_losses_expanding,0.0,xgboost,snapshot_regression
prematch_home_p1_completed_passes_expanding,0.0,xgboost,snapshot_regression
prematch_home_p1_completed_passes_roll10,0.0,xgboost,snapshot_regression
prematch_home_p1_completed_passes_roll5,0.0,xgboost,snapshot_regression
prematch_home_p1_completed_passes_roll3,0.0,xgboost,snapshot_regression
prematch_home_p1_maximum_zone_recovery_expanding,0.0,xgboost,snapshot_regression
prematch_home_p1_maximum_zone_recovery_roll10,0.0,xgboost,snapshot_regression
prematch_home_p1_maximum_zone_recovery_roll5,0.0,xgboost,snapshot_regression
prematch_away_p1_maximum_zone_leakage_roll5,0.0,xgboost,snapshot_regression
prematch_away_p1_maximum_zone_leakage_roll3,0.0,xgboost,snapshot_regression
prematch_away_p1_median_zone_leakage_expanding,0.0,xgboost,snapshot_regression
prematch_away_p1_median_zone_leakage_roll5,0.0,xgboost,snapshot_regression
prematch_away_p1_mean_zone_leakage_roll10,0.0,xgboost,snapshot_regression
prematch_away_p1_mean_zone_leakage_roll5,0.0,xgboost,snapshot_regression
prematch_away_p1_mean_zone_leakage_roll3,0.0,xgboost,snapshot_regression
prematch_away_p1_mean_zone_centrality_expanding,0.0,xgboost,snapshot_regression
prematch_away_p1_mean_zone_centrality_roll10,0.0,xgboost,snapshot_regression
prematch_diff_p1_possession_losses_roll10,0.0,xgboost,snapshot_regression
prematch_away_p1_mean_zone_centrality_roll3,0.0,xgboost,snapshot_regression
prematch_away_p1_maximum_zone_centrality_roll5,0.0,xgboost,snapshot_regression
prematch_away_p1_maximum_zone_centrality_roll3,0.0,xgboost,snapshot_regression
prematch_away_p1_accumulated_eigenvector_centrality_roll10,0.0,xgboost,snapshot_regression
prematch_away_p1_accumulated_eigenvector_centrality_roll5,0.0,xgboost,snapshot_regression
prematch_away_p1_accumulated_eigenvector_centrality_roll3,0.0,xgboost,snapshot_regression
away_recent10_shots,0.0,xgboost,snapshot_regression
prematch_away_p1_completed_passes_expanding,0.0,xgboost,snapshot_regression
prematch_away_p1_completed_passes_roll10,0.0,xgboost,snapshot_regression
prematch_away_p1_completed_passes_roll5,0.0,xgboost,snapshot_regression
prematch_away_p1_completed_passes_roll3,0.0,xgboost,snapshot_regression
prematch_diff_p1_possession_losses_roll5,0.0,xgboost,snapshot_regression
prematch_away_p1_maximum_zone_recovery_roll5,0.0,xgboost,snapshot_regression
prematch_away_p1_median_zone_recovery_expanding,0.0,xgboost,snapshot_regression
prematch_away_p1_median_zone_recovery_roll10,0.0,xgboost,snapshot_regression
prematch_away_p1_median_zone_recovery_roll5,0.0,xgboost,snapshot_regression
prematch_diff_p1_completed_passes_expanding,0.0,xgboost,snapshot_regression
prematch_away_p1_mean_zone_recovery_expanding,0.0,xgboost,snapshot_regression
prematch_away_p1_mean_zone_recovery_roll10,0.0,xgboost,snapshot_regression
prematch_away_p1_mean_zone_recovery_roll5,0.0,xgboost,snapshot_regression
prematch_away_p1_mean_zone_recovery_roll3,0.0,xgboost,snapshot_regression
prematch_away_p1_maximum_zone_leakage_roll10,0.0,xgboost,snapshot_regression
prematch_away_p1_possession_losses_roll10,0.0,xgboost,snapshot_regression
prematch_away_p1_possession_losses_roll5,0.0,xgboost,snapshot_regression
away_recent10_recoveries,0.0,xgboost,snapshot_regression
away_recent5_recoveries,0.0,xgboost,snapshot_regression
prematch_diff_p1_completed_passes_roll10,0.0,xgboost,snapshot_regression
away_recent10_pressures,0.0,xgboost,snapshot_regression
away_recent5_pressures,0.0,xgboost,snapshot_regression
away_recent10_final_third_entries,0.0,xgboost,snapshot_regression
away_recent5_final_third_entries,0.0,xgboost,snapshot_regression
prematch_diff_p1_completed_passes_roll5,0.0,xgboost,snapshot_regression
away_recent10_completed_passes,0.0,xgboost,snapshot_regression
away_recent5_completed_passes,0.0,xgboost,snapshot_regression
away_cum_completed_passes,0.0,xgboost,snapshot_regression
away_recent10_passes,0.0,xgboost,snapshot_regression
away_recent5_passes,0.0,xgboost,snapshot_regression
away_cum_passes,0.0,xgboost,snapshot_regression
prematch_diff_p1_mean_zone_centrality_roll10,0.0,xgboost,snapshot_regression
prematch_diff_p1_mean_zone_centrality_roll3,0.0,xgboost,snapshot_regression
prematch_diff_p1_maximum_zone_centrality_roll10,0.0,xgboost,snapshot_regression
prematch_diff_p1_maximum_zone_centrality_roll5,0.0,xgboost,snapshot_regression
prematch_away_p1_mean_zone_centrality_roll5,0.0,xgboost,snapshot_regression
prematch_diff_p1_accumulated_eigenvector_centrality_expanding,0.0,xgboost,snapshot_regression
prematch_diff_p1_accumulated_eigenvector_centrality_roll3,0.0,xgboost,snapshot_regression
prematch_diff_p1_rest_days,0.0,xgboost,snapshot_regression
prematch_diff_p1_matches_played_prior,0.0,xgboost,snapshot_regression
prematch_away_p1_switching_factor_expanding,0.0,xgboost,snapshot_regression
prematch_away_p1_switching_factor_roll10,0.0,xgboost,snapshot_regression
prematch_away_p1_switching_factor_roll5,0.0,xgboost,snapshot_regression
prematch_away_p1_switching_factor_roll3,0.0,xgboost,snapshot_regression
prematch_away_p1_possession_recoveries_expanding,0.0,xgboost,snapshot_regression
prematch_away_p1_possession_recoveries_roll5,0.0,xgboost,snapshot_regression
prematch_away_p1_possession_losses_expanding,0.0,xgboost,snapshot_regression
prematch_diff_p1_possession_recoveries_roll5,0.0,xgboost,snapshot_regression
home_recent10_carries,0.0,xgboost,snapshot_regression
home_recent5_carries,0.0,xgboost,snapshot_regression
prematch_diff_p1_completed_passes_roll3,0.0,xgboost,snapshot_regression
home_recent10_red_cards,0.0,xgboost,snapshot_regression
home_recent5_red_cards,0.0,xgboost,snapshot_regression
home_cum_red_cards,0.0,xgboost,snapshot_regression
home_recent10_yellow_cards,0.0,xgboost,snapshot_regression
home_recent5_yellow_cards,0.0,xgboost,snapshot_regression
home_cum_yellow_cards,0.0,xgboost,snapshot_regression
home_recent10_fouls,0.0,xgboost,snapshot_regression
home_recent5_fouls,0.0,xgboost,snapshot_regression
prematch_diff_p1_median_zone_leakage_roll5,0.0,xgboost,snapshot_regression
prematch_diff_p1_median_zone_leakage_roll3,0.0,xgboost,snapshot_regression
prematch_diff_p1_mean_zone_leakage_roll5,0.0,xgboost,snapshot_regression
home_recent5_recoveries,0.0,xgboost,snapshot_regression
home_recent5_xg,0.0,xgboost,snapshot_regression
home_recent10_shots,0.0,xgboost,snapshot_regression
prematch_diff_p1_maximum_zone_recovery_expanding,0.0,xgboost,snapshot_regression
home_recent5_passes,0.0,xgboost,snapshot_regression
home_recent10_passes,0.0,xgboost,snapshot_regression
prematch_diff_p1_maximum_zone_recovery_roll3,0.0,xgboost,snapshot_regression
prematch_diff_p1_median_zone_recovery_expanding,0.0,xgboost,snapshot_regression
prematch_diff_p1_median_zone_recovery_roll5,0.0,xgboost,snapshot_regression
prematch_diff_p1_median_zone_recovery_roll3,0.0,xgboost,snapshot_regression
prematch_diff_p1_mean_zone_recovery_expanding,0.0,xgboost,snapshot_regression
prematch_diff_p1_mean_zone_recovery_roll3,0.0,xgboost,snapshot_regression
prematch_diff_p1_maximum_zone_recovery_roll10,0.0,xgboost,snapshot_regression
prematch_diff_p1_median_zone_leakage_roll10,0.0,xgboost,snapshot_regression
away_recent5_shots,0.0,xgboost,snapshot_regression
away_cum_shots,0.0,xgboost,snapshot_regression
prematch_diff_p1_maximum_zone_centrality_roll3,0.0,xgboost,snapshot_regression
score_diff,0.534552176204752,lightgbm,snapshot_regression
prematch_market_prob_A,0.18475453229157068,lightgbm,snapshot_regression
prematch_diff_event_yellow_cards_roll10,0.11978901798543387,lightgbm,snapshot_regression
prematch_diff_p1_maximum_zone_leakage_roll5,0.11532311353063703,lightgbm,snapshot_regression
prematch_market_prob_H,0.08867002742574498,lightgbm,snapshot_regression
prematch_diff_p1_mean_zone_leakage_expanding,0.07109278763554572,lightgbm,snapshot_regression
prematch_bookie_margin,0.05631338096587534,lightgbm,snapshot_regression
prematch_home_event_interceptions_expanding,0.04583967137698309,lightgbm,snapshot_regression
prematch_home_p1_median_zone_leakage_roll3,0.04042664376331786,lightgbm,snapshot_regression
prematch_diff_p1_maximum_zone_leakage_roll10,0.03904881442517771,lightgbm,snapshot_regression
prematch_away_p1_median_zone_leakage_roll3,0.03194600699431358,lightgbm,snapshot_regression
prematch_diff_p1_median_zone_recovery_roll10,0.027360386379833165,lightgbm,snapshot_regression
prematch_away_event_final_third_entries_roll3,0.02701857946855657,lightgbm,snapshot_regression
prematch_away_event_goals_against_roll3,0.02600740725117133,lightgbm,snapshot_regression
prematch_diff_p1_maximum_zone_leakage_expanding,0.02456061651137966,lightgbm,snapshot_regression
prematch_diff_p1_maximum_zone_recovery_roll5,0.024153165137581905,lightgbm,snapshot_regression
prematch_home_event_shots_expanding,0.021825772394876708,lightgbm,snapshot_regression
prematch_diff_event_fouls_expanding,0.02150251758141873,lightgbm,snapshot_regression
prematch_diff_event_yellow_cards_roll5,0.021384026230540545,lightgbm,snapshot_regression
prematch_home_p1_maximum_zone_leakage_roll3,0.020927215467706654,lightgbm,snapshot_regression
prematch_home_event_shots_on_target_roll5,0.02086141657839186,lightgbm,snapshot_regression
prematch_away_p1_maximum_zone_leakage_expanding,0.02062467790400944,lightgbm,snapshot_regression
prematch_home_p1_accumulated_eigenvector_centrality_roll3,0.01993893903567647,lightgbm,snapshot_regression
prematch_away_event_points_expanding,0.01763393765245982,lightgbm,snapshot_regression
prematch_diff_event_goals_against_expanding,0.016456499863234008,lightgbm,snapshot_regression
prematch_away_event_recoveries_roll3,0.016332099263852876,lightgbm,snapshot_regression
prematch_diff_p1_switching_factor_roll10,0.01630625672938089,lightgbm,snapshot_regression
prematch_diff_event_final_third_entries_expanding,0.016001441172587734,lightgbm,snapshot_regression
prematch_diff_p1_possession_recoveries_roll3,0.015571206260816848,lightgbm,snapshot_regression
prematch_away_event_pressures_roll3,0.013449301611758025,lightgbm,snapshot_regression
prematch_home_event_recoveries_roll10,0.013203416276760813,lightgbm,snapshot_regression
prematch_home_event_interceptions_roll10,0.01315028688426607,lightgbm,snapshot_regression
prematch_diff_event_yellow_cards_expanding,0.012774534665100788,lightgbm,snapshot_regression
prematch_home_event_xg_roll3,0.012185392138895131,lightgbm,snapshot_regression
prematch_diff_p1_switching_factor_roll3,0.012032325441215474,lightgbm,snapshot_regression
prematch_diff_p1_mean_zone_recovery_roll10,0.011966614442109145,lightgbm,snapshot_regression
prematch_home_event_yellow_cards_roll10,0.011465373462126203,lightgbm,snapshot_regression
prematch_home_p1_accumulated_eigenvector_centrality_roll5,0.011462128244295317,lightgbm,snapshot_regression
prematch_home_p1_maximum_zone_centrality_roll3,0.011316475678941992,lightgbm,snapshot_regression
prematch_away_event_final_third_entries_roll5,0.01057650486497031,lightgbm,snapshot_regression
home_cum_xg,0.010547131288388948,lightgbm,snapshot_regression
prematch_diff_event_pressures_expanding,0.010417017028336834,lightgbm,snapshot_regression
prematch_diff_event_possessions_roll10,0.01041171328528161,lightgbm,snapshot_regression
prematch_home_event_final_third_entries_expanding,0.010353184014783766,lightgbm,snapshot_regression
prematch_home_p1_possession_losses_roll5,0.010272491820021925,lightgbm,snapshot_regression
prematch_diff_p1_mean_zone_leakage_roll10,0.010005699514703655,lightgbm,snapshot_regression
prematch_diff_event_shots_on_target_expanding,0.009423160400584642,lightgbm,snapshot_regression
prematch_home_p1_possession_recoveries_roll10,0.009355814029753128,lightgbm,snapshot_regression
prematch_home_p1_possession_losses_roll10,0.009338898118141708,lightgbm,snapshot_regression
prematch_away_event_recoveries_roll5,0.009227293485317185,lightgbm,snapshot_regression
prematch_home_p1_mean_zone_leakage_roll5,0.009111052121329144,lightgbm,snapshot_regression
prematch_diff_event_goals_against_roll3,0.009057651054294283,lightgbm,snapshot_regression
prematch_home_event_shots_on_target_expanding,0.009047008817945774,lightgbm,snapshot_regression
prematch_away_event_duels_won_roll5,0.00889902378423724,lightgbm,snapshot_regression
prematch_diff_event_goals_against_roll5,0.008777572083601328,lightgbm,snapshot_regression
prematch_home_p1_median_zone_recovery_roll5,0.008745513645978217,lightgbm,snapshot_regression
prematch_diff_p1_accumulated_eigenvector_centrality_roll5,0.008672882845356524,lightgbm,snapshot_regression
prematch_away_event_shots_roll10,0.008664771148599492,lightgbm,snapshot_regression
prematch_diff_p1_possession_losses_expanding,0.008366548789993919,lightgbm,snapshot_regression
prematch_home_event_shots_roll5,0.008342290912200215,lightgbm,snapshot_regression
prematch_away_event_points_roll10,0.00830392944282747,lightgbm,snapshot_regression
prematch_diff_event_final_third_entries_roll5,0.008243717907872988,lightgbm,snapshot_regression
prematch_diff_event_recoveries_roll5,0.008091238280680755,lightgbm,snapshot_regression
prematch_diff_p1_mean_zone_leakage_roll3,0.008026535425642084,lightgbm,snapshot_regression
prematch_away_event_duels_won_roll3,0.007865561938054284,lightgbm,snapshot_regression
prematch_diff_p1_switching_factor_expanding,0.007700408543407522,lightgbm,snapshot_regression
prematch_away_event_fouls_roll10,0.007604012514066396,lightgbm,snapshot_regression
prematch_home_event_goals_against_roll5,0.007365952874090514,lightgbm,snapshot_regression
prematch_diff_event_interceptions_roll10,0.007330725477108936,lightgbm,snapshot_regression
prematch_home_event_fouls_roll10,0.0072752389969694565,lightgbm,snapshot_regression
prematch_away_p1_mean_zone_leakage_roll3,0.007141428794517631,lightgbm,snapshot_regression
prematch_away_event_duels_won_roll10,0.007111466534309727,lightgbm,snapshot_regression
prematch_diff_event_possessions_expanding,0.0070857844906178835,lightgbm,snapshot_regression
prematch_away_event_shots_roll3,0.007028650186692788,lightgbm,snapshot_regression
prematch_home_event_goals_against_roll3,0.006948228809837122,lightgbm,snapshot_regression
prematch_home_event_final_third_entries_roll10,0.006943281018667077,lightgbm,snapshot_regression
prematch_diff_p1_possession_recoveries_expanding,0.006894209118858613,lightgbm,snapshot_regression
prematch_home_event_points_roll5,0.006857194561018669,lightgbm,snapshot_regression
prematch_home_p1_possession_losses_expanding,0.006819289859944997,lightgbm,snapshot_regression
prematch_away_event_recoveries_roll10,0.006791653654375924,lightgbm,snapshot_regression
prematch_away_p1_maximum_zone_recovery_expanding,0.006671783573100693,lightgbm,snapshot_regression
prematch_diff_event_duels_won_roll10,0.006601201563177886,lightgbm,snapshot_regression
prematch_away_event_duels_won_expanding,0.006344273250722578,lightgbm,snapshot_regression
prematch_home_p1_mean_zone_leakage_roll3,0.006070172477599693,lightgbm,snapshot_regression
prematch_home_p1_accumulated_eigenvector_centrality_expanding,0.006065498088746195,lightgbm,snapshot_regression
prematch_diff_event_shots_on_target_roll3,0.005895345230400092,lightgbm,snapshot_regression
prematch_diff_p1_median_zone_leakage_expanding,0.005875501218574396,lightgbm,snapshot_regression
prematch_away_event_interceptions_roll5,0.005862140617313031,lightgbm,snapshot_regression
prematch_away_p1_possession_recoveries_roll3,0.005858400944863619,lightgbm,snapshot_regression
prematch_home_event_recoveries_roll5,0.005828162709085429,lightgbm,snapshot_regression
prematch_home_event_recoveries_expanding,0.005537639458865097,lightgbm,snapshot_regression
prematch_away_event_completed_passes_roll3,0.005526558501243319,lightgbm,snapshot_regression
prematch_away_p1_median_zone_recovery_roll3,0.0055070384272142845,lightgbm,snapshot_regression
prematch_home_p1_mean_zone_recovery_roll3,0.0054448942323700785,lightgbm,snapshot_regression
prematch_home_event_goals_against_expanding,0.005378752053183906,lightgbm,snapshot_regression
prematch_home_p1_maximum_zone_centrality_expanding,0.005338352784785778,lightgbm,snapshot_regression
prematch_diff_event_xg_expanding,0.0053336046352632505,lightgbm,snapshot_regression
prematch_away_event_goals_against_roll10,0.005139766398406583,lightgbm,snapshot_regression
prematch_diff_event_points_roll3,0.005090365348756037,lightgbm,snapshot_regression
prematch_home_event_interceptions_roll5,0.0050084137619029615,lightgbm,snapshot_regression
prematch_away_p1_maximum_zone_leakage_roll3,0.004732263585713262,lightgbm,snapshot_regression
prematch_diff_event_possessions_roll5,0.004670167703171251,lightgbm,snapshot_regression
prematch_away_p1_maximum_zone_leakage_roll5,0.004597498172749641,lightgbm,snapshot_regression
prematch_diff_event_pressures_roll10,0.004569212084567633,lightgbm,snapshot_regression
prematch_away_p1_maximum_zone_centrality_roll3,0.004468883114388602,lightgbm,snapshot_regression
prematch_home_event_shots_roll3,0.004341267512717451,lightgbm,snapshot_regression
away_cum_xg,0.0043090333098663065,lightgbm,snapshot_regression
prematch_diff_p1_maximum_zone_leakage_roll3,0.00426275034262223,lightgbm,snapshot_regression
prematch_home_p1_maximum_zone_recovery_roll5,0.004258713881010429,lightgbm,snapshot_regression
prematch_home_event_matches_played_prior,0.004060734261637347,lightgbm,snapshot_regression
prematch_home_event_points_roll3,0.004055659008797626,lightgbm,snapshot_regression
prematch_home_event_passes_roll3,0.004039420152693792,lightgbm,snapshot_regression
prematch_diff_event_recoveries_roll3,0.004001822108927115,lightgbm,snapshot_regression
prematch_away_event_goals_for_expanding,0.0038014949311423706,lightgbm,snapshot_regression
prematch_home_event_possessions_roll3,0.0037732412246869857,lightgbm,snapshot_regression
prematch_diff_p1_maximum_zone_recovery_expanding,0.003755487055746694,lightgbm,snapshot_regression
prematch_home_p1_maximum_zone_leakage_roll10,0.0036980995108977146,lightgbm,snapshot_regression
prematch_diff_p1_median_zone_leakage_roll3,0.003593407182487387,lightgbm,snapshot_regression
prematch_away_event_pressures_expanding,0.003556967805842596,lightgbm,snapshot_regression
prematch_home_p1_median_zone_leakage_roll10,0.0035552556812916596,lightgbm,snapshot_regression
prematch_away_event_carries_roll10,0.0035228572167028977,lightgbm,snapshot_regression
prematch_away_event_yellow_cards_roll3,0.0034957884318311022,lightgbm,snapshot_regression
prematch_home_p1_accumulated_eigenvector_centrality_roll10,0.0034160076912772585,lightgbm,snapshot_regression
prematch_away_event_goals_for_roll5,0.0033388236073487406,lightgbm,snapshot_regression
prematch_diff_p1_maximum_zone_centrality_expanding,0.0032510421958464484,lightgbm,snapshot_regression
prematch_away_event_interceptions_roll3,0.0032345540509507455,lightgbm,snapshot_regression
prematch_diff_event_duels_won_roll5,0.0031556807986606833,lightgbm,snapshot_regression
prematch_diff_event_shots_roll5,0.0031197187318384107,lightgbm,snapshot_regression
prematch_home_event_carries_roll5,0.0029962929452398627,lightgbm,snapshot_regression
prematch_home_event_yellow_cards_expanding,0.0029881997979821695,lightgbm,snapshot_regression
prematch_home_event_yellow_cards_roll5,0.0029777172538132143,lightgbm,snapshot_regression
prematch_away_event_carries_roll3,0.002968088158454787,lightgbm,snapshot_regression
prematch_diff_event_red_cards_expanding,0.0029612403232941883,lightgbm,snapshot_regression
away_cum_pressures,0.002874759624137261,lightgbm,snapshot_regression
prematch_away_event_yellow_cards_roll10,0.002856664150005826,lightgbm,snapshot_regression
prematch_diff_event_points_expanding,0.002807380658513224,lightgbm,snapshot_regression
prematch_away_event_shots_roll5,0.0027683907107319107,lightgbm,snapshot_regression
prematch_away_event_matches_played_prior,0.0027334557329158305,lightgbm,snapshot_regression
prematch_diff_event_fouls_roll3,0.0027221601598865913,lightgbm,snapshot_regression
prematch_diff_event_recoveries_roll10,0.0026536908692594715,lightgbm,snapshot_regression
prematch_diff_event_yellow_cards_roll3,0.0026377222113279234,lightgbm,snapshot_regression
prematch_away_p1_maximum_zone_recovery_roll3,0.0026266202117988646,lightgbm,snapshot_regression
prematch_away_event_recoveries_expanding,0.0026232062486315605,lightgbm,snapshot_regression
prematch_home_p1_maximum_zone_recovery_expanding,0.002572945772737209,lightgbm,snapshot_regression
prematch_away_event_points_roll3,0.0025087467432331756,lightgbm,snapshot_regression
prematch_away_event_goals_for_roll3,0.0025082348146565924,lightgbm,snapshot_regression
prematch_away_p1_maximum_zone_centrality_roll10,0.0024399484917669795,lightgbm,snapshot_regression
prematch_away_event_final_third_entries_roll10,0.0023889115798115305,lightgbm,snapshot_regression
prematch_diff_p1_maximum_zone_centrality_roll5,0.0023818956173289646,lightgbm,snapshot_regression
prematch_home_event_red_cards_expanding,0.002324842203032346,lightgbm,snapshot_regression
prematch_diff_event_duels_won_roll3,0.002316666697855222,lightgbm,snapshot_regression
prematch_away_event_goals_against_expanding,0.0022940167830173865,lightgbm,snapshot_regression
prematch_home_p1_maximum_zone_centrality_roll5,0.0022711656018181096,lightgbm,snapshot_regression
prematch_away_p1_mean_zone_recovery_expanding,0.0021857468867491773,lightgbm,snapshot_regression
prematch_calendar_cos,0.0021428127583605983,lightgbm,snapshot_regression
prematch_home_event_fouls_roll5,0.0021190397971650858,lightgbm,snapshot_regression
prematch_home_event_final_third_entries_roll5,0.0021056803562498165,lightgbm,snapshot_regression
prematch_away_event_yellow_cards_expanding,0.0020813316780952168,lightgbm,snapshot_regression
home_cum_interceptions,0.002077313084213585,lightgbm,snapshot_regression
prematch_away_event_xg_roll5,0.0020735952021468124,lightgbm,snapshot_regression
prematch_home_event_rest_days,0.0020479034537307073,lightgbm,snapshot_regression
prematch_home_event_shots_on_target_roll3,0.0020414610783167047,lightgbm,snapshot_regression
prematch_home_event_completed_passes_roll3,0.0019583502363425508,lightgbm,snapshot_regression
prematch_diff_event_carries_roll5,0.0019502277184635145,lightgbm,snapshot_regression
prematch_diff_p1_mean_zone_recovery_roll5,0.0018429295484077106,lightgbm,snapshot_regression
home_score,0.0017638133534767849,lightgbm,snapshot_regression
prematch_away_event_carries_expanding,0.0017605933157193731,lightgbm,snapshot_regression
prematch_home_p1_mean_zone_recovery_expanding,0.0017358966796992444,lightgbm,snapshot_regression
prematch_home_p1_maximum_zone_centrality_roll10,0.0017289017401169993,lightgbm,snapshot_regression
prematch_away_event_fouls_roll5,0.0017211108743759207,lightgbm,snapshot_regression
prematch_home_p1_median_zone_leakage_roll5,0.0016907202666300255,lightgbm,snapshot_regression
prematch_away_p1_median_zone_recovery_roll5,0.0016905783343914493,lightgbm,snapshot_regression
prematch_home_p1_median_zone_leakage_expanding,0.0016751503770384428,lightgbm,snapshot_regression
prematch_diff_p1_mean_zone_leakage_roll5,0.0016645257662182662,lightgbm,snapshot_regression
prematch_diff_p1_mean_zone_recovery_expanding,0.0016080797699145287,lightgbm,snapshot_regression
prematch_home_event_yellow_cards_roll3,0.0016075518004789267,lightgbm,snapshot_regression
prematch_diff_event_interceptions_roll5,0.001593874304485088,lightgbm,snapshot_regression
prematch_diff_p1_possession_losses_roll10,0.0015770543928042456,lightgbm,snapshot_regression
prematch_diff_event_goals_against_roll10,0.001572557394101899,lightgbm,snapshot_regression
prematch_diff_event_pressures_roll5,0.0015458154726420478,lightgbm,snapshot_regression
prematch_away_event_final_third_entries_expanding,0.0015393448745504533,lightgbm,snapshot_regression
diff_cum_pressures,0.0015270780974949044,lightgbm,snapshot_regression
prematch_diff_event_matches_played_prior,0.001495496016666134,lightgbm,snapshot_regression
prematch_home_p1_median_zone_recovery_roll10,0.0014402761936468122,lightgbm,snapshot_regression
prematch_away_event_xg_roll10,0.0014360906226488362,lightgbm,snapshot_regression
prematch_away_event_carries_roll5,0.0013915055780494463,lightgbm,snapshot_regression
prematch_diff_event_final_third_entries_roll3,0.0013898933307200094,lightgbm,snapshot_regression
prematch_home_p1_maximum_zone_leakage_roll5,0.0013873863196350701,lightgbm,snapshot_regression
prematch_away_event_red_cards_expanding,0.0013829348948169303,lightgbm,snapshot_regression
home_cum_passes,0.001362513216330098,lightgbm,snapshot_regression
prematch_away_event_shots_on_target_roll3,0.0013391360012737464,lightgbm,snapshot_regression
prematch_home_event_goals_for_roll3,0.0013352782331628552,lightgbm,snapshot_regression
prematch_home_p1_maximum_zone_recovery_roll10,0.0013344221892297701,lightgbm,snapshot_regression
home_cum_fouls,0.001333185353958685,lightgbm,snapshot_regression
prematch_home_event_recoveries_roll3,0.0013125416939228102,lightgbm,snapshot_regression
prematch_diff_p1_maximum_zone_recovery_roll3,0.0012947517078293915,lightgbm,snapshot_regression
prematch_diff_p1_median_zone_recovery_roll5,0.0012926113584367073,lightgbm,snapshot_regression
prematch_diff_event_red_cards_roll10,0.0012615632699852052,lightgbm,snapshot_regression
prematch_home_event_points_expanding,0.0012510952958464756,lightgbm,snapshot_regression
prematch_away_p1_accumulated_eigenvector_centrality_roll3,0.0012460819350346842,lightgbm,snapshot_regression
prematch_diff_p1_switching_factor_roll5,0.0012409676385272033,lightgbm,snapshot_regression
prematch_away_event_xg_roll3,0.0012393896485007913,lightgbm,snapshot_regression
prematch_diff_event_xg_roll10,0.0012342424637460084,lightgbm,snapshot_regression
prematch_diff_event_carries_roll10,0.001224306052159152,lightgbm,snapshot_regression
away_cum_shots,0.0011909508879230943,lightgbm,snapshot_regression
prematch_away_event_goals_for_roll10,0.0011718361264654725,lightgbm,snapshot_regression
prematch_diff_event_goals_for_expanding,0.0011656499759797095,lightgbm,snapshot_regression
prematch_diff_event_shots_roll3,0.0011651528517128815,lightgbm,snapshot_regression
prematch_diff_p1_possession_losses_roll3,0.0011350563410574082,lightgbm,snapshot_regression
prematch_home_event_possessions_expanding,0.001115480931357275,lightgbm,snapshot_regression
prematch_away_p1_maximum_zone_leakage_roll10,0.0010753502394074282,lightgbm,snapshot_regression
prematch_home_event_pressures_roll5,0.0010659569201795927,lightgbm,snapshot_regression
prematch_diff_event_passes_roll5,0.001059846020912403,lightgbm,snapshot_regression
home_cum_shots,0.0010291120541244042,lightgbm,snapshot_regression
diff_cum_interceptions,0.001019878417421478,lightgbm,snapshot_regression
prematch_away_event_interceptions_roll10,0.001010331173179513,lightgbm,snapshot_regression
prematch_diff_event_xg_roll5,0.0010025151818083126,lightgbm,snapshot_regression
prematch_diff_p1_median_zone_recovery_roll3,0.0009782565775116427,lightgbm,snapshot_regression
prematch_diff_p1_maximum_zone_centrality_roll10,0.0009487946015497065,lightgbm,snapshot_regression
prematch_away_event_shots_on_target_roll10,0.000945799193168924,lightgbm,snapshot_regression
home_cum_final_third_entries,0.0009382708791730352,lightgbm,snapshot_regression
prematch_home_event_pressures_roll10,0.0009356846095028801,lightgbm,snapshot_regression
prematch_away_p1_median_zone_recovery_expanding,0.0009077541521852341,lightgbm,snapshot_regression
prematch_away_event_yellow_cards_roll5,0.0008977552224840054,lightgbm,snapshot_regression
away_score,0.0008944410972730709,lightgbm,snapshot_regression
prematch_home_p1_possession_losses_roll3,0.0008781725180741773,lightgbm,snapshot_regression
away_cum_interceptions,0.000875412516012859,lightgbm,snapshot_regression
prematch_diff_p1_possession_losses_roll5,0.000853595581476132,lightgbm,snapshot_regression
home_cum_pressures,0.0008245538402750643,lightgbm,snapshot_regression
prematch_away_event_possessions_roll10,0.000785227906707826,lightgbm,snapshot_regression
prematch_diff_event_interceptions_expanding,0.0007682488888915999,lightgbm,snapshot_regression
prematch_home_event_final_third_entries_roll3,0.0007479981876116471,lightgbm,snapshot_regression
prematch_away_p1_possession_recoveries_roll5,0.0007259999661875812,lightgbm,snapshot_regression
prematch_home_event_duels_won_roll3,0.0007246725930684999,lightgbm,snapshot_regression
prematch_home_event_shots_roll10,0.0006743224584192112,lightgbm,snapshot_regression
prematch_away_p1_mean_zone_recovery_roll5,0.000665378232648966,lightgbm,snapshot_regression
prematch_away_p1_maximum_zone_recovery_roll10,0.0006520775969750609,lightgbm,snapshot_regression
prematch_home_event_duels_won_expanding,0.0006511872717990233,lightgbm,snapshot_regression
prematch_away_p1_maximum_zone_centrality_expanding,0.0006317308608298898,lightgbm,snapshot_regression
prematch_diff_event_completed_passes_roll5,0.0006280403160875972,lightgbm,snapshot_regression
prematch_away_event_points_roll5,0.0006165511623048005,lightgbm,snapshot_regression
prematch_diff_event_possessions_roll3,0.0006074203094945621,lightgbm,snapshot_regression
prematch_home_p1_possession_recoveries_roll5,0.0006030357770424312,lightgbm,snapshot_regression
home_cum_carries,0.0005993424381177627,lightgbm,snapshot_regression
prematch_away_p1_mean_zone_leakage_roll10,0.0005518292580488915,lightgbm,snapshot_regression
diff_cum_final_third_entries,0.0005446506191896315,lightgbm,snapshot_regression
away_cum_yellow_cards,0.0005441272382388723,lightgbm,snapshot_regression
away_cum_fouls,0.0005341028366379105,lightgbm,snapshot_regression
prematch_diff_p1_median_zone_leakage_roll10,0.0005304842859594757,lightgbm,snapshot_regression
prematch_away_event_possessions_roll5,0.000508755156510466,lightgbm,snapshot_regression
prematch_home_event_duels_won_roll5,0.0005031385175709751,lightgbm,snapshot_regression
prematch_diff_event_fouls_roll5,0.0005023130960556516,lightgbm,snapshot_regression
away_cum_recoveries,0.0004734545429119087,lightgbm,snapshot_regression
prematch_home_event_goals_for_roll10,0.0004648022905105803,lightgbm,snapshot_regression
prematch_home_event_shots_on_target_roll10,0.00045972505419202524,lightgbm,snapshot_regression
diff_cum_xg,0.0004407190026959071,lightgbm,snapshot_regression
prematch_home_event_goals_for_roll5,0.0004321954541257535,lightgbm,snapshot_regression
prematch_diff_p1_maximum_zone_recovery_roll10,0.000367077388510227,lightgbm,snapshot_regression
away_cum_final_third_entries,0.00036632019953886834,lightgbm,snapshot_regression
prematch_diff_event_shots_on_target_roll5,0.0003642346875183263,lightgbm,snapshot_regression
prematch_diff_event_rest_days,0.00036065000681287016,lightgbm,snapshot_regression
diff_cum_passes,0.00034210173467163774,lightgbm,snapshot_regression
away_cum_completed_passes,0.0003028899899300947,lightgbm,snapshot_regression
prematch_home_event_goals_for_expanding,0.00028151687696132007,lightgbm,snapshot_regression
prematch_away_event_shots_on_target_roll5,0.0002682859867306138,lightgbm,snapshot_regression
prematch_home_p1_maximum_zone_recovery_roll3,0.0002667248493888398,lightgbm,snapshot_regression
home_cum_yellow_cards,0.00022550646032293902,lightgbm,snapshot_regression
home_cum_completed_passes,0.0002232942804490301,lightgbm,snapshot_regression
away_recent10_passes,0.00021284990310746165,lightgbm,snapshot_regression
prematch_diff_p1_median_zone_recovery_expanding,0.00020023325681148166,lightgbm,snapshot_regression
prematch_away_event_red_cards_roll5,0.00019278387996993825,lightgbm,snapshot_regression
prematch_home_event_pressures_roll3,0.00018299945084434757,lightgbm,snapshot_regression
prematch_home_event_passes_roll5,0.00017869749913037387,lightgbm,snapshot_regression
prematch_home_event_fouls_roll3,0.00017845405584697156,lightgbm,snapshot_regression
prematch_away_event_possessions_roll3,0.00016120626234038677,lightgbm,snapshot_regression
diff_cum_carries,0.0001573619049613229,lightgbm,snapshot_regression
diff_cum_recoveries,9.968260151159165e-05,lightgbm,snapshot_regression
home_recent5_carries,0.0,lightgbm,snapshot_regression
home_recent10_yellow_cards,0.0,lightgbm,snapshot_regression
home_recent5_xg,0.0,lightgbm,snapshot_regression
home_recent10_xg,0.0,lightgbm,snapshot_regression
prematch_diff_p1_median_zone_leakage_roll5,0.0,lightgbm,snapshot_regression
prematch_diff_p1_mean_zone_recovery_roll3,0.0,lightgbm,snapshot_regression
prematch_home_event_red_cards_roll3,0.0,lightgbm,snapshot_regression
home_recent5_shots,0.0,lightgbm,snapshot_regression
home_recent10_interceptions,0.0,lightgbm,snapshot_regression
home_recent5_interceptions,0.0,lightgbm,snapshot_regression
home_recent10_recoveries,0.0,lightgbm,snapshot_regression
home_recent5_recoveries,0.0,lightgbm,snapshot_regression
prematch_home_event_carries_roll10,0.0,lightgbm,snapshot_regression
prematch_home_event_carries_roll3,0.0,lightgbm,snapshot_regression
prematch_away_event_red_cards_roll10,0.0,lightgbm,snapshot_regression
prematch_away_event_red_cards_roll3,0.0,lightgbm,snapshot_regression
prematch_home_event_pressures_expanding,0.0,lightgbm,snapshot_regression
prematch_home_event_completed_passes_expanding,0.0,lightgbm,snapshot_regression
prematch_home_event_interceptions_roll3,0.0,lightgbm,snapshot_regression
prematch_away_event_possessions_expanding,0.0,lightgbm,snapshot_regression
prematch_home_event_red_cards_roll5,0.0,lightgbm,snapshot_regression
prematch_home_event_red_cards_roll10,0.0,lightgbm,snapshot_regression
prematch_diff_event_goals_for_roll5,0.0,lightgbm,snapshot_regression
prematch_diff_event_goals_for_roll3,0.0,lightgbm,snapshot_regression
prematch_diff_event_points_roll10,0.0,lightgbm,snapshot_regression
prematch_diff_event_goals_for_roll10,0.0,lightgbm,snapshot_regression
prematch_home_event_xg_roll5,0.0,lightgbm,snapshot_regression
prematch_home_event_xg_roll10,0.0,lightgbm,snapshot_regression
prematch_home_event_xg_expanding,0.0,lightgbm,snapshot_regression
home_recent5_pressures,0.0,lightgbm,snapshot_regression
home_recent10_pressures,0.0,lightgbm,snapshot_regression
home_cum_recoveries,0.0,lightgbm,snapshot_regression
prematch_diff_p1_possession_recoveries_roll5,0.0,lightgbm,snapshot_regression
home_recent10_carries,0.0,lightgbm,snapshot_regression
home_recent5_completed_passes,0.0,lightgbm,snapshot_regression
home_recent10_completed_passes,0.0,lightgbm,snapshot_regression
home_recent10_passes,0.0,lightgbm,snapshot_regression
home_recent5_passes,0.0,lightgbm,snapshot_regression
prematch_diff_event_xg_roll3,0.0,lightgbm,snapshot_regression
prematch_diff_event_shots_on_target_roll10,0.0,lightgbm,snapshot_regression
prematch_diff_event_shots_expanding,0.0,lightgbm,snapshot_regression
prematch_diff_event_shots_roll10,0.0,lightgbm,snapshot_regression
prematch_home_event_completed_passes_roll5,0.0,lightgbm,snapshot_regression
prematch_home_event_goals_against_roll10,0.0,lightgbm,snapshot_regression
prematch_diff_event_passes_roll10,0.0,lightgbm,snapshot_regression
prematch_diff_event_passes_roll3,0.0,lightgbm,snapshot_regression
prematch_diff_event_completed_passes_roll10,0.0,lightgbm,snapshot_regression
prematch_diff_event_completed_passes_expanding,0.0,lightgbm,snapshot_regression
prematch_diff_event_final_third_entries_roll10,0.0,lightgbm,snapshot_regression
prematch_diff_event_pressures_roll3,0.0,lightgbm,snapshot_regression
diff_recent10_passes,0.0,lightgbm,snapshot_regression
prematch_home_event_points_roll10,0.0,lightgbm,snapshot_regression
prematch_diff_event_passes_expanding,0.0,lightgbm,snapshot_regression
prematch_diff_event_completed_passes_roll3,0.0,lightgbm,snapshot_regression
diff_recent10_recoveries,0.0,lightgbm,snapshot_regression
diff_recent10_interceptions,0.0,lightgbm,snapshot_regression
diff_recent10_fouls,0.0,lightgbm,snapshot_regression
diff_recent10_yellow_cards,0.0,lightgbm,snapshot_regression
diff_recent10_red_cards,0.0,lightgbm,snapshot_regression
diff_recent10_carries,0.0,lightgbm,snapshot_regression
diff_recent10_xg,0.0,lightgbm,snapshot_regression
match_fraction,0.0,lightgbm,snapshot_regression
phase_first_half,0.0,lightgbm,snapshot_regression
phase_halftime,0.0,lightgbm,snapshot_regression
phase_late,0.0,lightgbm,snapshot_regression
prematch_diff_event_recoveries_expanding,0.0,lightgbm,snapshot_regression
prematch_diff_event_interceptions_roll3,0.0,lightgbm,snapshot_regression
diff_recent10_completed_passes,0.0,lightgbm,snapshot_regression
diff_recent10_final_third_entries,0.0,lightgbm,snapshot_regression
diff_recent10_pressures,0.0,lightgbm,snapshot_regression
prematch_diff_event_red_cards_roll5,0.0,lightgbm,snapshot_regression
prematch_diff_event_red_cards_roll3,0.0,lightgbm,snapshot_regression
prematch_diff_event_fouls_roll10,0.0,lightgbm,snapshot_regression
prematch_diff_event_carries_roll3,0.0,lightgbm,snapshot_regression
prematch_season_progress,0.0,lightgbm,snapshot_regression
prematch_diff_event_duels_won_expanding,0.0,lightgbm,snapshot_regression
diff_cum_red_cards,0.0,lightgbm,snapshot_regression
prematch_diff_event_carries_expanding,0.0,lightgbm,snapshot_regression
diff_recent5_shots,0.0,lightgbm,snapshot_regression
diff_recent5_passes,0.0,lightgbm,snapshot_regression
diff_recent5_completed_passes,0.0,lightgbm,snapshot_regression
diff_recent5_final_third_entries,0.0,lightgbm,snapshot_regression
diff_recent5_pressures,0.0,lightgbm,snapshot_regression
diff_recent5_recoveries,0.0,lightgbm,snapshot_regression
diff_recent5_interceptions,0.0,lightgbm,snapshot_regression
prematch_calendar_sin,0.0,lightgbm,snapshot_regression
diff_recent5_fouls,0.0,lightgbm,snapshot_regression
diff_recent5_yellow_cards,0.0,lightgbm,snapshot_regression
diff_recent5_carries,0.0,lightgbm,snapshot_regression
diff_recent5_red_cards,0.0,lightgbm,snapshot_regression
diff_recent10_shots,0.0,lightgbm,snapshot_regression
prematch_home_p1_matches_played_prior,0.0,lightgbm,snapshot_regression
prematch_home_p1_rest_days,0.0,lightgbm,snapshot_regression
prematch_diff_event_points_roll5,0.0,lightgbm,snapshot_regression
prematch_home_event_passes_roll10,0.0,lightgbm,snapshot_regression
prematch_home_event_passes_expanding,0.0,lightgbm,snapshot_regression
prematch_home_event_completed_passes_roll10,0.0,lightgbm,snapshot_regression
prematch_diff_p1_completed_passes_expanding,0.0,lightgbm,snapshot_regression
prematch_diff_p1_possession_recoveries_roll10,0.0,lightgbm,snapshot_regression
home_recent5_fouls,0.0,lightgbm,snapshot_regression
home_recent10_fouls,0.0,lightgbm,snapshot_regression
home_recent5_yellow_cards,0.0,lightgbm,snapshot_regression
diff_cum_shots,0.0,lightgbm,snapshot_regression
home_in_possession,0.0,lightgbm,snapshot_regression
away_recent10_xg,0.0,lightgbm,snapshot_regression
away_recent5_xg,0.0,lightgbm,snapshot_regression
prematch_home_p1_mean_zone_centrality_roll10,0.0,lightgbm,snapshot_regression
prematch_home_p1_mean_zone_centrality_expanding,0.0,lightgbm,snapshot_regression
prematch_home_p1_mean_zone_centrality_roll5,0.0,lightgbm,snapshot_regression
prematch_home_p1_mean_zone_centrality_roll3,0.0,lightgbm,snapshot_regression
diff_recent5_xg,0.0,lightgbm,snapshot_regression
prematch_away_event_pressures_roll5,0.0,lightgbm,snapshot_regression
prematch_away_event_pressures_roll10,0.0,lightgbm,snapshot_regression
diff_cum_completed_passes,0.0,lightgbm,snapshot_regression
prematch_home_event_possessions_roll10,0.0,lightgbm,snapshot_regression
prematch_away_event_rest_days,0.0,lightgbm,snapshot_regression
prematch_home_event_duels_won_roll10,0.0,lightgbm,snapshot_regression
prematch_home_event_carries_expanding,0.0,lightgbm,snapshot_regression
diff_cum_yellow_cards,0.0,lightgbm,snapshot_regression
prematch_home_p1_mean_zone_leakage_roll10,0.0,lightgbm,snapshot_regression
prematch_home_p1_maximum_zone_leakage_expanding,0.0,lightgbm,snapshot_regression
prematch_home_p1_mean_zone_leakage_expanding,0.0,lightgbm,snapshot_regression
prematch_home_p1_mean_zone_recovery_roll5,0.0,lightgbm,snapshot_regression
prematch_home_p1_mean_zone_recovery_roll10,0.0,lightgbm,snapshot_regression
prematch_home_p1_median_zone_recovery_roll3,0.0,lightgbm,snapshot_regression
prematch_home_p1_median_zone_recovery_expanding,0.0,lightgbm,snapshot_regression
prematch_home_p1_completed_passes_roll3,0.0,lightgbm,snapshot_regression
prematch_home_p1_completed_passes_roll5,0.0,lightgbm,snapshot_regression
prematch_away_event_fouls_roll3,0.0,lightgbm,snapshot_regression
prematch_away_event_interceptions_expanding,0.0,lightgbm,snapshot_regression
prematch_away_event_fouls_expanding,0.0,lightgbm,snapshot_regression
prematch_home_event_fouls_expanding,0.0,lightgbm,snapshot_regression
diff_cum_fouls,0.0,lightgbm,snapshot_regression
prematch_home_event_possessions_roll5,0.0,lightgbm,snapshot_regression
away_recent5_fouls,0.0,lightgbm,snapshot_regression
away_recent10_fouls,0.0,lightgbm,snapshot_regression
away_recent5_yellow_cards,0.0,lightgbm,snapshot_regression
away_recent10_yellow_cards,0.0,lightgbm,snapshot_regression
away_cum_red_cards,0.0,lightgbm,snapshot_regression
away_recent5_red_cards,0.0,lightgbm,snapshot_regression
away_recent10_red_cards,0.0,lightgbm,snapshot_regression
away_cum_carries,0.0,lightgbm,snapshot_regression
away_recent5_carries,0.0,lightgbm,snapshot_regression
away_recent10_carries,0.0,lightgbm,snapshot_regression
prematch_home_p1_possession_recoveries_expanding,0.0,lightgbm,snapshot_regression
prematch_home_p1_switching_factor_roll3,0.0,lightgbm,snapshot_regression
prematch_home_p1_switching_factor_roll5,0.0,lightgbm,snapshot_regression
prematch_home_p1_switching_factor_roll10,0.0,lightgbm,snapshot_regression
prematch_home_p1_switching_factor_expanding,0.0,lightgbm,snapshot_regression
prematch_away_p1_matches_played_prior,0.0,lightgbm,snapshot_regression
prematch_away_p1_rest_days,0.0,lightgbm,snapshot_regression
prematch_away_p1_accumulated_eigenvector_centrality_roll5,0.0,lightgbm,snapshot_regression
prematch_away_p1_accumulated_eigenvector_centrality_roll10,0.0,lightgbm,snapshot_regression
prematch_away_p1_accumulated_eigenvector_centrality_expanding,0.0,lightgbm,snapshot_regression
prematch_away_p1_maximum_zone_centrality_roll5,0.0,lightgbm,snapshot_regression
prematch_away_p1_mean_zone_centrality_roll3,0.0,lightgbm,snapshot_regression
prematch_away_p1_mean_zone_centrality_roll5,0.0,lightgbm,snapshot_regression
prematch_away_p1_mean_zone_centrality_roll10,0.0,lightgbm,snapshot_regression
prematch_away_p1_mean_zone_centrality_expanding,0.0,lightgbm,snapshot_regression
prematch_away_p1_mean_zone_leakage_roll5,0.0,lightgbm,snapshot_regression
prematch_home_p1_completed_passes_roll10,0.0,lightgbm,snapshot_regression
prematch_home_p1_completed_passes_expanding,0.0,lightgbm,snapshot_regression
prematch_home_p1_possession_recoveries_roll3,0.0,lightgbm,snapshot_regression
away_recent10_recoveries,0.0,lightgbm,snapshot_regression
away_recent5_interceptions,0.0,lightgbm,snapshot_regression
away_recent10_interceptions,0.0,lightgbm,snapshot_regression
prematch_away_p1_mean_zone_recovery_roll10,0.0,lightgbm,snapshot_regression
prematch_away_p1_mean_zone_recovery_roll3,0.0,lightgbm,snapshot_regression
prematch_away_p1_median_zone_leakage_expanding,0.0,lightgbm,snapshot_regression
prematch_away_p1_median_zone_leakage_roll10,0.0,lightgbm,snapshot_regression
prematch_away_p1_median_zone_leakage_roll5,0.0,lightgbm,snapshot_regression
prematch_away_p1_mean_zone_leakage_expanding,0.0,lightgbm,snapshot_regression
prematch_away_p1_completed_passes_roll10,0.0,lightgbm,snapshot_regression
prematch_away_p1_median_zone_recovery_roll10,0.0,lightgbm,snapshot_regression
prematch_away_p1_possession_losses_roll10,0.0,lightgbm,snapshot_regression
prematch_away_p1_possession_losses_expanding,0.0,lightgbm,snapshot_regression
prematch_away_p1_possession_recoveries_roll10,0.0,lightgbm,snapshot_regression
prematch_away_p1_possession_recoveries_expanding,0.0,lightgbm,snapshot_regression
prematch_away_p1_switching_factor_roll3,0.0,lightgbm,snapshot_regression
prematch_away_p1_maximum_zone_recovery_roll5,0.0,lightgbm,snapshot_regression
prematch_away_p1_completed_passes_roll3,0.0,lightgbm,snapshot_regression
prematch_away_p1_completed_passes_roll5,0.0,lightgbm,snapshot_regression
prematch_away_p1_switching_factor_expanding,0.0,lightgbm,snapshot_regression
prematch_away_p1_switching_factor_roll10,0.0,lightgbm,snapshot_regression
prematch_away_p1_switching_factor_roll5,0.0,lightgbm,snapshot_regression
prematch_diff_p1_matches_played_prior,0.0,lightgbm,snapshot_regression
away_recent5_shots,0.0,lightgbm,snapshot_regression
away_recent10_shots,0.0,lightgbm,snapshot_regression
prematch_diff_p1_accumulated_eigenvector_centrality_roll3,0.0,lightgbm,snapshot_regression
prematch_diff_p1_rest_days,0.0,lightgbm,snapshot_regression
away_recent5_passes,0.0,lightgbm,snapshot_regression
away_cum_passes,0.0,lightgbm,snapshot_regression
away_recent5_completed_passes,0.0,lightgbm,snapshot_regression
away_recent10_completed_passes,0.0,lightgbm,snapshot_regression
away_recent5_final_third_entries,0.0,lightgbm,snapshot_regression
prematch_away_p1_completed_passes_expanding,0.0,lightgbm,snapshot_regression
prematch_away_p1_possession_losses_roll3,0.0,lightgbm,snapshot_regression
prematch_away_p1_possession_losses_roll5,0.0,lightgbm,snapshot_regression
away_recent10_pressures,0.0,lightgbm,snapshot_regression
away_recent5_pressures,0.0,lightgbm,snapshot_regression
away_recent10_final_third_entries,0.0,lightgbm,snapshot_regression
prematch_away_event_xg_expanding,0.0,lightgbm,snapshot_regression
prematch_away_event_passes_roll5,0.0,lightgbm,snapshot_regression
prematch_away_event_passes_roll10,0.0,lightgbm,snapshot_regression
prematch_away_event_passes_expanding,0.0,lightgbm,snapshot_regression
home_recent10_shots,0.0,lightgbm,snapshot_regression
prematch_away_event_completed_passes_roll5,0.0,lightgbm,snapshot_regression
prematch_away_event_completed_passes_roll10,0.0,lightgbm,snapshot_regression
prematch_away_event_goals_against_roll5,0.0,lightgbm,snapshot_regression
prematch_away_event_completed_passes_expanding,0.0,lightgbm,snapshot_regression
prematch_away_event_shots_expanding,0.0,lightgbm,snapshot_regression
prematch_away_event_shots_on_target_expanding,0.0,lightgbm,snapshot_regression
away_recent5_recoveries,0.0,lightgbm,snapshot_regression
prematch_away_event_passes_roll3,0.0,lightgbm,snapshot_regression
prematch_diff_p1_accumulated_eigenvector_centrality_roll10,0.0,lightgbm,snapshot_regression
prematch_diff_p1_accumulated_eigenvector_centrality_expanding,0.0,lightgbm,snapshot_regression
prematch_diff_p1_mean_zone_centrality_roll3,0.0,lightgbm,snapshot_regression
prematch_diff_p1_maximum_zone_centrality_roll3,0.0,lightgbm,snapshot_regression
prematch_diff_p1_mean_zone_centrality_roll10,0.0,lightgbm,snapshot_regression
prematch_diff_p1_mean_zone_centrality_expanding,0.0,lightgbm,snapshot_regression
prematch_market_prob_D,0.0,lightgbm,snapshot_regression
prematch_diff_p1_mean_zone_centrality_roll5,0.0,lightgbm,snapshot_regression
home_recent5_final_third_entries,0.0,lightgbm,snapshot_regression
home_cum_red_cards,0.0,lightgbm,snapshot_regression
home_recent5_red_cards,0.0,lightgbm,snapshot_regression
home_recent10_red_cards,0.0,lightgbm,snapshot_regression
home_recent10_final_third_entries,0.0,lightgbm,snapshot_regression
prematch_diff_p1_completed_passes_roll3,0.0,lightgbm,snapshot_regression
prematch_diff_p1_completed_passes_roll5,0.0,lightgbm,snapshot_regression
prematch_diff_p1_completed_passes_roll10,0.0,lightgbm,snapshot_regression
