match_id,model,method,actual,p_A,p_D,p_H
267533,dummy,raw,A,0.25523012552301255,0.2510460251046025,0.49372384937238495
3825822,dummy,raw,H,0.25523012552301255,0.2510460251046025,0.49372384937238495
3825872,dummy,raw,H,0.25523012552301255,0.2510460251046025,0.49372384937238495
3825898,dummy,raw,D,0.25523012552301255,0.2510460251046025,0.49372384937238495
3825823,dummy,raw,A,0.25523012552301255,0.2510460251046025,0.49372384937238495
3825824,dummy,raw,A,0.25523012552301255,0.2510460251046025,0.49372384937238495
3825877,dummy,raw,D,0.25523012552301255,0.2510460251046025,0.49372384937238495
3825905,dummy,raw,D,0.25523012552301255,0.2510460251046025,0.49372384937238495
3825825,dummy,raw,D,0.25523012552301255,0.2510460251046025,0.49372384937238495
3825826,dummy,raw,D,0.25523012552301255,0.2510460251046025,0.49372384937238495
266664,dummy,raw,H,0.25523012552301255,0.2510460251046025,0.49372384937238495
3825827,dummy,raw,H,0.25523012552301255,0.2510460251046025,0.49372384937238495
3825828,dummy,raw,A,0.25523012552301255,0.2510460251046025,0.49372384937238495
3825856,dummy,raw,H,0.25523012552301255,0.2510460251046025,0.49372384937238495
3825829,dummy,raw,H,0.25523012552301255,0.2510460251046025,0.49372384937238495
3825830,dummy,raw,H,0.25523012552301255,0.2510460251046025,0.49372384937238495
3825831,dummy,raw,H,0.25523012552301255,0.2510460251046025,0.49372384937238495
3825832,dummy,raw,A,0.25523012552301255,0.2510460251046025,0.49372384937238495
3825863,dummy,raw,A,0.25523012552301255,0.2510460251046025,0.49372384937238495
3825857,dummy,raw,H,0.25523012552301255,0.2510460251046025,0.49372384937238495
3825833,dummy,raw,A,0.25523012552301255,0.2510460251046025,0.49372384937238495
3825852,dummy,raw,D,0.25523012552301255,0.2510460251046025,0.49372384937238495
3825889,dummy,raw,D,0.25523012552301255,0.2510460251046025,0.49372384937238495
3825897,dummy,raw,H,0.25523012552301255,0.2510460251046025,0.49372384937238495
266557,dummy,raw,A,0.25523012552301255,0.2510460251046025,0.49372384937238495
3825834,dummy,raw,H,0.25523012552301255,0.2510460251046025,0.49372384937238495
3825835,dummy,raw,A,0.25523012552301255,0.2510460251046025,0.49372384937238495
3825836,dummy,raw,H,0.25523012552301255,0.2510460251046025,0.49372384937238495
3825906,dummy,raw,D,0.25523012552301255,0.2510460251046025,0.49372384937238495
3825837,dummy,raw,H,0.25523012552301255,0.2510460251046025,0.49372384937238495
3825862,dummy,raw,D,0.25523012552301255,0.2510460251046025,0.49372384937238495
266310,dummy,raw,A,0.25523012552301255,0.2510460251046025,0.49372384937238495
3825838,dummy,raw,A,0.25523012552301255,0.2510460251046025,0.49372384937238495
3825839,dummy,raw,H,0.25523012552301255,0.2510460251046025,0.49372384937238495
3825840,dummy,raw,H,0.25523012552301255,0.2510460251046025,0.49372384937238495
3825843,dummy,raw,D,0.25523012552301255,0.2510460251046025,0.49372384937238495
3825893,dummy,raw,H,0.25523012552301255,0.2510460251046025,0.49372384937238495
3825841,dummy,raw,A,0.25523012552301255,0.2510460251046025,0.49372384937238495
3825896,dummy,raw,H,0.25523012552301255,0.2510460251046025,0.49372384937238495
3825871,dummy,raw,H,0.25523012552301255,0.2510460251046025,0.49372384937238495
265944,dummy,raw,H,0.25523012552301255,0.2510460251046025,0.49372384937238495
3825847,dummy,raw,D,0.25523012552301255,0.2510460251046025,0.49372384937238495
3825886,dummy,raw,A,0.25523012552301255,0.2510460251046025,0.49372384937238495
3825890,dummy,raw,H,0.25523012552301255,0.2510460251046025,0.49372384937238495
3825842,dummy,raw,D,0.25523012552301255,0.2510460251046025,0.49372384937238495
3825875,dummy,raw,D,0.25523012552301255,0.2510460251046025,0.49372384937238495
3825884,dummy,raw,H,0.25523012552301255,0.2510460251046025,0.49372384937238495
3825899,dummy,raw,D,0.25523012552301255,0.2510460251046025,0.49372384937238495
3825868,dummy,raw,H,0.25523012552301255,0.2510460251046025,0.49372384937238495
3825854,dummy,raw,H,0.25523012552301255,0.2510460251046025,0.49372384937238495
266986,dummy,raw,A,0.25523012552301255,0.2510460251046025,0.49372384937238495
3825859,dummy,raw,H,0.25523012552301255,0.2510460251046025,0.49372384937238495
3825864,dummy,raw,A,0.25523012552301255,0.2510460251046025,0.49372384937238495
3825878,dummy,raw,H,0.25523012552301255,0.2510460251046025,0.49372384937238495
3825845,dummy,raw,H,0.25523012552301255,0.2510460251046025,0.49372384937238495
3825870,dummy,raw,H,0.25523012552301255,0.2510460251046025,0.49372384937238495
3825873,dummy,raw,A,0.25523012552301255,0.2510460251046025,0.49372384937238495
3825894,dummy,raw,A,0.25523012552301255,0.2510460251046025,0.49372384937238495
3825855,dummy,raw,H,0.25523012552301255,0.2510460251046025,0.49372384937238495
265958,dummy,raw,H,0.25523012552301255,0.2510460251046025,0.49372384937238495
3825850,dummy,raw,H,0.25523012552301255,0.2510460251046025,0.49372384937238495
3825851,dummy,raw,A,0.25523012552301255,0.2510460251046025,0.49372384937238495
3825853,dummy,raw,A,0.25523012552301255,0.2510460251046025,0.49372384937238495
3825860,dummy,raw,H,0.25523012552301255,0.2510460251046025,0.49372384937238495
3825861,dummy,raw,H,0.25523012552301255,0.2510460251046025,0.49372384937238495
3825865,dummy,raw,D,0.25523012552301255,0.2510460251046025,0.49372384937238495
3825866,dummy,raw,D,0.25523012552301255,0.2510460251046025,0.49372384937238495
3825901,dummy,raw,H,0.25523012552301255,0.2510460251046025,0.49372384937238495
3825904,dummy,raw,D,0.25523012552301255,0.2510460251046025,0.49372384937238495
3825849,dummy,raw,A,0.25523012552301255,0.2510460251046025,0.49372384937238495
267506,dummy,raw,A,0.25523012552301255,0.2510460251046025,0.49372384937238495
3825846,dummy,raw,A,0.25523012552301255,0.2510460251046025,0.49372384937238495
3825869,dummy,raw,H,0.25523012552301255,0.2510460251046025,0.49372384937238495
3825882,dummy,raw,H,0.25523012552301255,0.2510460251046025,0.49372384937238495
3825876,dummy,raw,H,0.25523012552301255,0.2510460251046025,0.49372384937238495
3825883,dummy,raw,H,0.25523012552301255,0.2510460251046025,0.49372384937238495
3825900,dummy,raw,H,0.25523012552301255,0.2510460251046025,0.49372384937238495
3825902,dummy,raw,H,0.25523012552301255,0.2510460251046025,0.49372384937238495
3825908,dummy,raw,H,0.25523012552301255,0.2510460251046025,0.49372384937238495
267533,dummy,platt,A,0.3548430985894205,0.24193356975729033,0.4032233316532892
3825822,dummy,platt,H,0.3548430985894205,0.24193356975729033,0.4032233316532892
3825872,dummy,platt,H,0.3548430985894205,0.24193356975729033,0.4032233316532892
3825898,dummy,platt,D,0.3548430985894205,0.24193356975729033,0.4032233316532892
3825823,dummy,platt,A,0.3548430985894205,0.24193356975729033,0.4032233316532892
3825824,dummy,platt,A,0.3548430985894205,0.24193356975729033,0.4032233316532892
3825877,dummy,platt,D,0.3548430985894205,0.24193356975729033,0.4032233316532892
3825905,dummy,platt,D,0.3548430985894205,0.24193356975729033,0.4032233316532892
3825825,dummy,platt,D,0.3548430985894205,0.24193356975729033,0.4032233316532892
3825826,dummy,platt,D,0.3548430985894205,0.24193356975729033,0.4032233316532892
266664,dummy,platt,H,0.3548430985894205,0.24193356975729033,0.4032233316532892
3825827,dummy,platt,H,0.3548430985894205,0.24193356975729033,0.4032233316532892
3825828,dummy,platt,A,0.3548430985894205,0.24193356975729033,0.4032233316532892
3825856,dummy,platt,H,0.3548430985894205,0.24193356975729033,0.4032233316532892
3825829,dummy,platt,H,0.3548430985894205,0.24193356975729033,0.4032233316532892
3825830,dummy,platt,H,0.3548430985894205,0.24193356975729033,0.4032233316532892
3825831,dummy,platt,H,0.3548430985894205,0.24193356975729033,0.4032233316532892
3825832,dummy,platt,A,0.3548430985894205,0.24193356975729033,0.4032233316532892
3825863,dummy,platt,A,0.3548430985894205,0.24193356975729033,0.4032233316532892
3825857,dummy,platt,H,0.3548430985894205,0.24193356975729033,0.4032233316532892
3825833,dummy,platt,A,0.3548430985894205,0.24193356975729033,0.4032233316532892
3825852,dummy,platt,D,0.3548430985894205,0.24193356975729033,0.4032233316532892
3825889,dummy,platt,D,0.3548430985894205,0.24193356975729033,0.4032233316532892
3825897,dummy,platt,H,0.3548430985894205,0.24193356975729033,0.4032233316532892
266557,dummy,platt,A,0.3548430985894205,0.24193356975729033,0.4032233316532892
3825834,dummy,platt,H,0.3548430985894205,0.24193356975729033,0.4032233316532892
3825835,dummy,platt,A,0.3548430985894205,0.24193356975729033,0.4032233316532892
3825836,dummy,platt,H,0.3548430985894205,0.24193356975729033,0.4032233316532892
3825906,dummy,platt,D,0.3548430985894205,0.24193356975729033,0.4032233316532892
3825837,dummy,platt,H,0.3548430985894205,0.24193356975729033,0.4032233316532892
3825862,dummy,platt,D,0.3548430985894205,0.24193356975729033,0.4032233316532892
266310,dummy,platt,A,0.3548430985894205,0.24193356975729033,0.4032233316532892
3825838,dummy,platt,A,0.3548430985894205,0.24193356975729033,0.4032233316532892
3825839,dummy,platt,H,0.3548430985894205,0.24193356975729033,0.4032233316532892
3825840,dummy,platt,H,0.3548430985894205,0.24193356975729033,0.4032233316532892
3825843,dummy,platt,D,0.3548430985894205,0.24193356975729033,0.4032233316532892
3825893,dummy,platt,H,0.3548430985894205,0.24193356975729033,0.4032233316532892
3825841,dummy,platt,A,0.3548430985894205,0.24193356975729033,0.4032233316532892
3825896,dummy,platt,H,0.3548430985894205,0.24193356975729033,0.4032233316532892
3825871,dummy,platt,H,0.3548430985894205,0.24193356975729033,0.4032233316532892
265944,dummy,platt,H,0.3548430985894205,0.24193356975729033,0.4032233316532892
3825847,dummy,platt,D,0.3548430985894205,0.24193356975729033,0.4032233316532892
3825886,dummy,platt,A,0.3548430985894205,0.24193356975729033,0.4032233316532892
3825890,dummy,platt,H,0.3548430985894205,0.24193356975729033,0.4032233316532892
3825842,dummy,platt,D,0.3548430985894205,0.24193356975729033,0.4032233316532892
3825875,dummy,platt,D,0.3548430985894205,0.24193356975729033,0.4032233316532892
3825884,dummy,platt,H,0.3548430985894205,0.24193356975729033,0.4032233316532892
3825899,dummy,platt,D,0.3548430985894205,0.24193356975729033,0.4032233316532892
3825868,dummy,platt,H,0.3548430985894205,0.24193356975729033,0.4032233316532892
3825854,dummy,platt,H,0.3548430985894205,0.24193356975729033,0.4032233316532892
266986,dummy,platt,A,0.3548430985894205,0.24193356975729033,0.4032233316532892
3825859,dummy,platt,H,0.3548430985894205,0.24193356975729033,0.4032233316532892
3825864,dummy,platt,A,0.3548430985894205,0.24193356975729033,0.4032233316532892
3825878,dummy,platt,H,0.3548430985894205,0.24193356975729033,0.4032233316532892
3825845,dummy,platt,H,0.3548430985894205,0.24193356975729033,0.4032233316532892
3825870,dummy,platt,H,0.3548430985894205,0.24193356975729033,0.4032233316532892
3825873,dummy,platt,A,0.3548430985894205,0.24193356975729033,0.4032233316532892
3825894,dummy,platt,A,0.3548430985894205,0.24193356975729033,0.4032233316532892
3825855,dummy,platt,H,0.3548430985894205,0.24193356975729033,0.4032233316532892
265958,dummy,platt,H,0.3548430985894205,0.24193356975729033,0.4032233316532892
3825850,dummy,platt,H,0.3548430985894205,0.24193356975729033,0.4032233316532892
3825851,dummy,platt,A,0.3548430985894205,0.24193356975729033,0.4032233316532892
3825853,dummy,platt,A,0.3548430985894205,0.24193356975729033,0.4032233316532892
3825860,dummy,platt,H,0.3548430985894205,0.24193356975729033,0.4032233316532892
3825861,dummy,platt,H,0.3548430985894205,0.24193356975729033,0.4032233316532892
3825865,dummy,platt,D,0.3548430985894205,0.24193356975729033,0.4032233316532892
3825866,dummy,platt,D,0.3548430985894205,0.24193356975729033,0.4032233316532892
3825901,dummy,platt,H,0.3548430985894205,0.24193356975729033,0.4032233316532892
3825904,dummy,platt,D,0.3548430985894205,0.24193356975729033,0.4032233316532892
3825849,dummy,platt,A,0.3548430985894205,0.24193356975729033,0.4032233316532892
267506,dummy,platt,A,0.3548430985894205,0.24193356975729033,0.4032233316532892
3825846,dummy,platt,A,0.3548430985894205,0.24193356975729033,0.4032233316532892
3825869,dummy,platt,H,0.3548430985894205,0.24193356975729033,0.4032233316532892
3825882,dummy,platt,H,0.3548430985894205,0.24193356975729033,0.4032233316532892
3825876,dummy,platt,H,0.3548430985894205,0.24193356975729033,0.4032233316532892
3825883,dummy,platt,H,0.3548430985894205,0.24193356975729033,0.4032233316532892
3825900,dummy,platt,H,0.3548430985894205,0.24193356975729033,0.4032233316532892
3825902,dummy,platt,H,0.3548430985894205,0.24193356975729033,0.4032233316532892
3825908,dummy,platt,H,0.3548430985894205,0.24193356975729033,0.4032233316532892
267533,dummy,isotonic,A,0.3548387096774194,0.24193548387096775,0.4032258064516129
3825822,dummy,isotonic,H,0.3548387096774194,0.24193548387096775,0.4032258064516129
3825872,dummy,isotonic,H,0.3548387096774194,0.24193548387096775,0.4032258064516129
3825898,dummy,isotonic,D,0.3548387096774194,0.24193548387096775,0.4032258064516129
3825823,dummy,isotonic,A,0.3548387096774194,0.24193548387096775,0.4032258064516129
3825824,dummy,isotonic,A,0.3548387096774194,0.24193548387096775,0.4032258064516129
3825877,dummy,isotonic,D,0.3548387096774194,0.24193548387096775,0.4032258064516129
3825905,dummy,isotonic,D,0.3548387096774194,0.24193548387096775,0.4032258064516129
3825825,dummy,isotonic,D,0.3548387096774194,0.24193548387096775,0.4032258064516129
3825826,dummy,isotonic,D,0.3548387096774194,0.24193548387096775,0.4032258064516129
266664,dummy,isotonic,H,0.3548387096774194,0.24193548387096775,0.4032258064516129
3825827,dummy,isotonic,H,0.3548387096774194,0.24193548387096775,0.4032258064516129
3825828,dummy,isotonic,A,0.3548387096774194,0.24193548387096775,0.4032258064516129
3825856,dummy,isotonic,H,0.3548387096774194,0.24193548387096775,0.4032258064516129
3825829,dummy,isotonic,H,0.3548387096774194,0.24193548387096775,0.4032258064516129
3825830,dummy,isotonic,H,0.3548387096774194,0.24193548387096775,0.4032258064516129
3825831,dummy,isotonic,H,0.3548387096774194,0.24193548387096775,0.4032258064516129
3825832,dummy,isotonic,A,0.3548387096774194,0.24193548387096775,0.4032258064516129
3825863,dummy,isotonic,A,0.3548387096774194,0.24193548387096775,0.4032258064516129
3825857,dummy,isotonic,H,0.3548387096774194,0.24193548387096775,0.4032258064516129
3825833,dummy,isotonic,A,0.3548387096774194,0.24193548387096775,0.4032258064516129
3825852,dummy,isotonic,D,0.3548387096774194,0.24193548387096775,0.4032258064516129
3825889,dummy,isotonic,D,0.3548387096774194,0.24193548387096775,0.4032258064516129
3825897,dummy,isotonic,H,0.3548387096774194,0.24193548387096775,0.4032258064516129
266557,dummy,isotonic,A,0.3548387096774194,0.24193548387096775,0.4032258064516129
3825834,dummy,isotonic,H,0.3548387096774194,0.24193548387096775,0.4032258064516129
3825835,dummy,isotonic,A,0.3548387096774194,0.24193548387096775,0.4032258064516129
3825836,dummy,isotonic,H,0.3548387096774194,0.24193548387096775,0.4032258064516129
3825906,dummy,isotonic,D,0.3548387096774194,0.24193548387096775,0.4032258064516129
3825837,dummy,isotonic,H,0.3548387096774194,0.24193548387096775,0.4032258064516129
3825862,dummy,isotonic,D,0.3548387096774194,0.24193548387096775,0.4032258064516129
266310,dummy,isotonic,A,0.3548387096774194,0.24193548387096775,0.4032258064516129
3825838,dummy,isotonic,A,0.3548387096774194,0.24193548387096775,0.4032258064516129
3825839,dummy,isotonic,H,0.3548387096774194,0.24193548387096775,0.4032258064516129
3825840,dummy,isotonic,H,0.3548387096774194,0.24193548387096775,0.4032258064516129
3825843,dummy,isotonic,D,0.3548387096774194,0.24193548387096775,0.4032258064516129
3825893,dummy,isotonic,H,0.3548387096774194,0.24193548387096775,0.4032258064516129
3825841,dummy,isotonic,A,0.3548387096774194,0.24193548387096775,0.4032258064516129
3825896,dummy,isotonic,H,0.3548387096774194,0.24193548387096775,0.4032258064516129
3825871,dummy,isotonic,H,0.3548387096774194,0.24193548387096775,0.4032258064516129
265944,dummy,isotonic,H,0.3548387096774194,0.24193548387096775,0.4032258064516129
3825847,dummy,isotonic,D,0.3548387096774194,0.24193548387096775,0.4032258064516129
3825886,dummy,isotonic,A,0.3548387096774194,0.24193548387096775,0.4032258064516129
3825890,dummy,isotonic,H,0.3548387096774194,0.24193548387096775,0.4032258064516129
3825842,dummy,isotonic,D,0.3548387096774194,0.24193548387096775,0.4032258064516129
3825875,dummy,isotonic,D,0.3548387096774194,0.24193548387096775,0.4032258064516129
3825884,dummy,isotonic,H,0.3548387096774194,0.24193548387096775,0.4032258064516129
3825899,dummy,isotonic,D,0.3548387096774194,0.24193548387096775,0.4032258064516129
3825868,dummy,isotonic,H,0.3548387096774194,0.24193548387096775,0.4032258064516129
3825854,dummy,isotonic,H,0.3548387096774194,0.24193548387096775,0.4032258064516129
266986,dummy,isotonic,A,0.3548387096774194,0.24193548387096775,0.4032258064516129
3825859,dummy,isotonic,H,0.3548387096774194,0.24193548387096775,0.4032258064516129
3825864,dummy,isotonic,A,0.3548387096774194,0.24193548387096775,0.4032258064516129
3825878,dummy,isotonic,H,0.3548387096774194,0.24193548387096775,0.4032258064516129
3825845,dummy,isotonic,H,0.3548387096774194,0.24193548387096775,0.4032258064516129
3825870,dummy,isotonic,H,0.3548387096774194,0.24193548387096775,0.4032258064516129
3825873,dummy,isotonic,A,0.3548387096774194,0.24193548387096775,0.4032258064516129
3825894,dummy,isotonic,A,0.3548387096774194,0.24193548387096775,0.4032258064516129
3825855,dummy,isotonic,H,0.3548387096774194,0.24193548387096775,0.4032258064516129
265958,dummy,isotonic,H,0.3548387096774194,0.24193548387096775,0.4032258064516129
3825850,dummy,isotonic,H,0.3548387096774194,0.24193548387096775,0.4032258064516129
3825851,dummy,isotonic,A,0.3548387096774194,0.24193548387096775,0.4032258064516129
3825853,dummy,isotonic,A,0.3548387096774194,0.24193548387096775,0.4032258064516129
3825860,dummy,isotonic,H,0.3548387096774194,0.24193548387096775,0.4032258064516129
3825861,dummy,isotonic,H,0.3548387096774194,0.24193548387096775,0.4032258064516129
3825865,dummy,isotonic,D,0.3548387096774194,0.24193548387096775,0.4032258064516129
3825866,dummy,isotonic,D,0.3548387096774194,0.24193548387096775,0.4032258064516129
3825901,dummy,isotonic,H,0.3548387096774194,0.24193548387096775,0.4032258064516129
3825904,dummy,isotonic,D,0.3548387096774194,0.24193548387096775,0.4032258064516129
3825849,dummy,isotonic,A,0.3548387096774194,0.24193548387096775,0.4032258064516129
267506,dummy,isotonic,A,0.3548387096774194,0.24193548387096775,0.4032258064516129
3825846,dummy,isotonic,A,0.3548387096774194,0.24193548387096775,0.4032258064516129
3825869,dummy,isotonic,H,0.3548387096774194,0.24193548387096775,0.4032258064516129
3825882,dummy,isotonic,H,0.3548387096774194,0.24193548387096775,0.4032258064516129
3825876,dummy,isotonic,H,0.3548387096774194,0.24193548387096775,0.4032258064516129
3825883,dummy,isotonic,H,0.3548387096774194,0.24193548387096775,0.4032258064516129
3825900,dummy,isotonic,H,0.3548387096774194,0.24193548387096775,0.4032258064516129
3825902,dummy,isotonic,H,0.3548387096774194,0.24193548387096775,0.4032258064516129
3825908,dummy,isotonic,H,0.3548387096774194,0.24193548387096775,0.4032258064516129
267533,gradient_boosting,raw,A,0.11124101653256353,0.19006276097476515,0.6986962224926713
3825822,gradient_boosting,raw,H,0.19660995938521547,0.36494697859183156,0.4384430620229529
3825872,gradient_boosting,raw,H,0.07104057104972995,0.17329699870697662,0.7556624302432935
3825898,gradient_boosting,raw,D,0.2213430291328694,0.3415069432642405,0.4371500276028901
3825823,gradient_boosting,raw,A,0.10055407491584958,0.14546187769222854,0.7539840473919218
3825824,gradient_boosting,raw,A,0.2641852598705523,0.34011610362602296,0.39569863650342474
3825877,gradient_boosting,raw,D,0.08165567058566314,0.17945526649341725,0.7388890629209196
3825905,gradient_boosting,raw,D,0.2704093627632776,0.256757032169132,0.4728336050675905
3825825,gradient_boosting,raw,D,0.3302164750886379,0.21300083533579087,0.4567826895755713
3825826,gradient_boosting,raw,D,0.3217470240507748,0.3227442943376938,0.35550868161153143
266664,gradient_boosting,raw,H,0.4259194030345517,0.33965642052586315,0.23442417643958507
3825827,gradient_boosting,raw,H,0.2960951894708613,0.27397246453013535,0.4299323459990034
3825828,gradient_boosting,raw,A,0.4396936885736915,0.28676711523955123,0.2735391961867573
3825856,gradient_boosting,raw,H,0.07876744978381761,0.20368890454238195,0.7175436456738005
3825829,gradient_boosting,raw,H,0.10401720793163267,0.2537404990144711,0.6422422930538962
3825830,gradient_boosting,raw,H,0.14503304716553114,0.22282987860732398,0.6321370742271448
3825831,gradient_boosting,raw,H,0.2714806933643427,0.39031361817059196,0.33820568846506543
3825832,gradient_boosting,raw,A,0.403924469794276,0.31136721944875795,0.2847083107569662
3825863,gradient_boosting,raw,A,0.23443572767599025,0.24173740758193574,0.5238268647420741
3825857,gradient_boosting,raw,H,0.3498640461559358,0.22472004435399107,0.42541590949007313
3825833,gradient_boosting,raw,A,0.48916842125536614,0.2519743174446508,0.25885726129998315
3825852,gradient_boosting,raw,D,0.23031480507391927,0.20325411961648726,0.5664310753095935
3825889,gradient_boosting,raw,D,0.08337392803291457,0.18025493884659963,0.7363711331204859
3825897,gradient_boosting,raw,H,0.34010145391617236,0.2854704897713035,0.37442805631252424
266557,gradient_boosting,raw,A,0.045635600126048746,0.07202525860964293,0.8823391412643083
3825834,gradient_boosting,raw,H,0.07199353917186242,0.17703880826619345,0.7509676525619442
3825835,gradient_boosting,raw,A,0.3436598010344052,0.23899381668573666,0.41734638227985815
3825836,gradient_boosting,raw,H,0.34649812444472156,0.1384652514475721,0.5150366241077063
3825906,gradient_boosting,raw,D,0.12996437977889894,0.20537902537459202,0.6646565948465092
3825837,gradient_boosting,raw,H,0.24504562160493362,0.3991463723222053,0.3558080060728611
3825862,gradient_boosting,raw,D,0.3419183516948277,0.33680894187354365,0.3212727064316287
266310,gradient_boosting,raw,A,0.6445024066954531,0.17635500728699505,0.17914258601755184
3825838,gradient_boosting,raw,A,0.32236753177595473,0.3092059845218216,0.36842648370222364
3825839,gradient_boosting,raw,H,0.34380123281083835,0.3075623284684249,0.34863643872073685
3825840,gradient_boosting,raw,H,0.15789494969865578,0.328084159229411,0.5140208910719333
3825843,gradient_boosting,raw,D,0.3182087845700428,0.22550405068517498,0.45628716474478215
3825893,gradient_boosting,raw,H,0.07937882689526261,0.16612136440447534,0.7544998087002621
3825841,gradient_boosting,raw,A,0.1365448273081871,0.3229330487515679,0.540522123940245
3825896,gradient_boosting,raw,H,0.2959000394800832,0.3476737456463361,0.3564262148735807
3825871,gradient_boosting,raw,H,0.2197966914957407,0.3234940397831371,0.4567092687211222
265944,gradient_boosting,raw,H,0.045635600126048746,0.07202525860964293,0.8823391412643083
3825847,gradient_boosting,raw,D,0.31394558807626033,0.2529580045310094,0.4330964073927302
3825886,gradient_boosting,raw,A,0.4597164679336653,0.16677835086832346,0.3735051811980113
3825890,gradient_boosting,raw,H,0.10865286622079072,0.23358051338464955,0.6577666203945598
3825842,gradient_boosting,raw,D,0.3812864961512231,0.23500747006813136,0.38370603378064555
3825875,gradient_boosting,raw,D,0.16679295708230849,0.275661265913393,0.5575457770042985
3825884,gradient_boosting,raw,H,0.08173552952497558,0.15055889373438613,0.7677055767406383
3825899,gradient_boosting,raw,D,0.3507431650500762,0.28896787780166344,0.36028895714826037
3825868,gradient_boosting,raw,H,0.08165295988753606,0.24969637171190806,0.6686506684005559
3825854,gradient_boosting,raw,H,0.22000792628378235,0.2743348157019195,0.5056572580142982
266986,gradient_boosting,raw,A,0.645905424311799,0.22692487262649408,0.127169703061707
3825859,gradient_boosting,raw,H,0.14350701586190173,0.38729737168507816,0.46919561245302016
3825864,gradient_boosting,raw,A,0.3762112271346609,0.33125287888818,0.2925358939771591
3825878,gradient_boosting,raw,H,0.06767206901217059,0.16957766877080635,0.7627502622170231
3825845,gradient_boosting,raw,H,0.2933167113080824,0.30302457083975987,0.4036587178521578
3825870,gradient_boosting,raw,H,0.18703701465769004,0.2882110058019262,0.5247519795403838
3825873,gradient_boosting,raw,A,0.2958594558586868,0.29698253366261135,0.40715801047870187
3825894,gradient_boosting,raw,A,0.24161863966276545,0.218504884458453,0.5398764758787816
3825855,gradient_boosting,raw,H,0.25873505534886304,0.27085504515232955,0.4704098994988075
265958,gradient_boosting,raw,H,0.05179293460558706,0.07156056859365598,0.876646496800757
3825850,gradient_boosting,raw,H,0.11798100045379448,0.260639492513343,0.6213795070328626
3825851,gradient_boosting,raw,A,0.3483241667074252,0.27314744123491863,0.3785283920576561
3825853,gradient_boosting,raw,A,0.1427096445443107,0.11433889929281227,0.742951456162877
3825860,gradient_boosting,raw,H,0.5104864020772814,0.16648028426708464,0.323033313655634
3825861,gradient_boosting,raw,H,0.28058545747990987,0.3270648583890252,0.39234968413106497
3825865,gradient_boosting,raw,D,0.3267282889105104,0.3028675319393687,0.37040417915012086
3825866,gradient_boosting,raw,D,0.31628503072816383,0.31000260701334537,0.37371236225849075
3825901,gradient_boosting,raw,H,0.07752587074053228,0.1855867635614018,0.736887365698066
3825904,gradient_boosting,raw,D,0.2319670578848518,0.2237993131549194,0.5442336289602289
3825849,gradient_boosting,raw,A,0.2550554999239646,0.25602368655806124,0.48892081351797423
267506,gradient_boosting,raw,A,0.7591802121378063,0.09549974673190123,0.1453200411302925
3825846,gradient_boosting,raw,A,0.44069467151764435,0.2855128634372669,0.27379246504508875
3825869,gradient_boosting,raw,H,0.09935422526813553,0.3290986239585995,0.571547150773265
3825882,gradient_boosting,raw,H,0.1884496893759913,0.29038783909975074,0.521162471524258
3825876,gradient_boosting,raw,H,0.30097525338453934,0.46488292250382224,0.23414182411163836
3825883,gradient_boosting,raw,H,0.1967157104153201,0.32259080781923405,0.48069348176544585
3825900,gradient_boosting,raw,H,0.1569077439386556,0.3174049247512296,0.5256873313101148
3825902,gradient_boosting,raw,H,0.14132090520151067,0.24070294334940434,0.617976151449085
3825908,gradient_boosting,raw,H,0.28100628219385204,0.30498884695953354,0.41400487084661447
267533,gradient_boosting,platt,A,0.20160671221183718,0.18429271868170297,0.6141005691064599
3825822,gradient_boosting,platt,H,0.42858484729463286,0.21494960206174485,0.35646555064362234
3825872,gradient_boosting,platt,H,0.1652010605222662,0.133023159164624,0.7017757803131098
3825898,gradient_boosting,platt,D,0.4196493198993727,0.23313467059921777,0.3472160095014096
3825823,gradient_boosting,platt,A,0.15978052913774776,0.1735068215969424,0.6667126492653098
3825824,gradient_boosting,platt,A,0.4515387471747165,0.24502982231351267,0.30343143051177085
3825877,gradient_boosting,platt,D,0.17654667111497646,0.14779742581799934,0.6756559030670242
3825905,gradient_boosting,platt,D,0.35225529644737824,0.28370874440831867,0.3640359591443031
3825825,gradient_boosting,platt,D,0.3354766399934111,0.3199701990360687,0.34455316097052013
3825826,gradient_boosting,platt,D,0.47702616463413944,0.2595486464048075,0.2634251889610531
266664,gradient_boosting,platt,H,0.6174163976859844,0.22137166110349996,0.16121194121051563
3825827,gradient_boosting,platt,H,0.39063210844448726,0.28330380451169335,0.3260640870438195
3825828,gradient_boosting,platt,A,0.5403096698046894,0.26488527800231637,0.19480505219299424
3825856,gradient_boosting,platt,H,0.19342504108211336,0.1429702072852922,0.6636047516325945
3825829,gradient_boosting,platt,H,0.25129258079821165,0.17045668395127536,0.578250735250513
3825830,gradient_boosting,platt,H,0.24780819219910535,0.21560951289171915,0.5365822949091755
3825831,gradient_boosting,platt,H,0.526117720780416,0.21920180297954106,0.25468047624004303
3825832,gradient_boosting,platt,A,0.5416337847538987,0.2554358910880284,0.20293032415807305
3825863,gradient_boosting,platt,A,0.31383702842096245,0.2738625152901036,0.412300456288934
3825857,gradient_boosting,platt,H,0.3636347147279818,0.3178824773099732,0.3184828079620449
3825833,gradient_boosting,platt,A,0.5363425685608799,0.27775978918128935,0.18589764225783081
3825852,gradient_boosting,platt,D,0.2703758640460026,0.2826204103866484,0.4470037255673491
3825889,gradient_boosting,platt,D,0.17820219891598624,0.15009919887972395,0.6716986022042899
3825897,gradient_boosting,platt,H,0.439959250724102,0.282416248789814,0.2776245004860839
266557,gradient_boosting,platt,A,0.07724591285562561,0.08978815135285499,0.8329659357915193
3825834,gradient_boosting,platt,H,0.16861758017877665,0.1343305974656888,0.6970518223555346
3825835,gradient_boosting,platt,A,0.3785332719853659,0.30932720086173376,0.31213952715290044
3825836,gradient_boosting,platt,H,0.24964026347975524,0.3569259900409514,0.39343374647929347
3825906,gradient_boosting,platt,D,0.22438271429686604,0.2032149334133154,0.5724023522898186
3825837,gradient_boosting,platt,H,0.5133338713541824,0.2126624023784944,0.27400372626732317
3825862,gradient_boosting,platt,D,0.5167818560457887,0.24916502165243296,0.23405312230177835
266310,gradient_boosting,platt,A,0.5983789434102782,0.2657055337539945,0.13591552283572722
3825838,gradient_boosting,platt,A,0.4583894271043687,0.2677071664648661,0.2739034064307653
3825839,gradient_boosting,platt,H,0.4750003233142528,0.2685508894884706,0.25644878719727654
3825840,gradient_boosting,platt,H,0.35862431360196145,0.2053001012724572,0.4360755851255814
3825843,gradient_boosting,platt,D,0.3439026497744112,0.31121813385001307,0.3448792163755758
3825893,gradient_boosting,platt,H,0.16495983473448173,0.14500305841241176,0.6900371068531066
3825841,gradient_boosting,platt,A,0.33813289115549805,0.19084448535150214,0.4710226234929999
3825896,gradient_boosting,platt,H,0.48900083521683174,0.2443514633467299,0.26664770143643834
3825871,gradient_boosting,platt,H,0.39709743885232124,0.23941106524022457,0.3634914959074541
265944,gradient_boosting,platt,H,0.07724591285562561,0.08978815135285499,0.8329659357915193
3825847,gradient_boosting,platt,D,0.3761517556898432,0.29717946956930086,0.32666877474085604
3825886,gradient_boosting,platt,A,0.3579806713637647,0.3597254591210554,0.2822938695151799
3825890,gradient_boosting,platt,H,0.2369043035277109,0.17764722417670514,0.5854484722955839
3825842,gradient_boosting,platt,D,0.40112924243376785,0.314487465224764,0.2843832923414682
3825875,gradient_boosting,platt,D,0.31060713483683455,0.22383813825252785,0.46555472691063765
3825884,gradient_boosting,platt,H,0.15439122713529693,0.14851321024710115,0.697095562617602
3825899,gradient_boosting,platt,D,0.45406485519143147,0.2802712329164416,0.26566391189212685
3825868,gradient_boosting,platt,H,0.23202843865871453,0.14415771504385952,0.623813846297426
3825854,gradient_boosting,platt,H,0.34127533159518536,0.2564073577340057,0.40231731067080906
266986,gradient_boosting,platt,A,0.7335518558999926,0.180812271726883,0.08563587237312442
3825859,gradient_boosting,platt,H,0.4114677513096082,0.18070701603330697,0.40782523265708476
3825864,gradient_boosting,platt,A,0.5437516851709229,0.24693974984625264,0.20930856498282452
3825878,gradient_boosting,platt,H,0.1602253328115491,0.1281366023812473,0.7116380648072036
3825845,gradient_boosting,platt,H,0.4262138141035824,0.2684155495099741,0.3053706363864435
3825870,gradient_boosting,platt,H,0.33593768307318644,0.2342102323517038,0.4298520845751097
3825873,gradient_boosting,platt,A,0.42024014750544936,0.271897786451447,0.3078620660431037
3825894,gradient_boosting,platt,A,0.2923305414751164,0.28460609888780275,0.4230633596370808
3825855,gradient_boosting,platt,H,0.3615635710047056,0.27405543968679713,0.36438098930849727
265958,gradient_boosting,platt,H,0.07998050378911524,0.10001443865628643,0.8200050575545983
3825850,gradient_boosting,platt,H,0.2664574115325172,0.18443586542080315,0.5491067230466796
3825851,gradient_boosting,platt,A,0.42931705565988204,0.29010672429596646,0.28057622004415156
3825853,gradient_boosting,platt,A,0.14979177803862104,0.22309998583418492,0.627108236127194
3825860,gradient_boosting,platt,H,0.4009051769887228,0.35323882136360063,0.24585600164767668
3825861,gradient_boosting,platt,H,0.4477861397436652,0.25420775895834813,0.2980061012979866
3825865,gradient_boosting,platt,D,0.4532110104916251,0.27160458075758337,0.2751844087507915
3825866,gradient_boosting,platt,D,0.45430932595057844,0.2669922318894176,0.278698442160004
3825901,gradient_boosting,platt,H,0.17867412184386108,0.14193237922022078,0.6793934989359182
3825904,gradient_boosting,platt,D,0.29304776386383735,0.2779321086802343,0.4290201274559284
3825849,gradient_boosting,platt,A,0.34191319427078537,0.27830378148683627,0.3797830242423784
267506,gradient_boosting,platt,A,0.5780812322139107,0.28903467532232985,0.13288409246375954
3825846,gradient_boosting,platt,A,0.5392727501655477,0.26565610774408266,0.1950711420903697
3825869,gradient_boosting,platt,H,0.3155361416690882,0.15621104731749674,0.528252811013415
3825882,gradient_boosting,platt,H,0.33913036965296317,0.2344689428014112,0.42640068754562566
3825876,gradient_boosting,platt,H,0.6712033638349835,0.16593545879356322,0.1628611773714534
3825883,gradient_boosting,platt,H,0.37977737790213095,0.22942860642914895,0.3907940156687201
3825900,gradient_boosting,platt,H,0.3467859426080638,0.20722239995656225,0.44599165743537406
3825902,gradient_boosting,platt,H,0.26221938339872725,0.2095875410056348,0.528193075595638
3825908,gradient_boosting,platt,H,0.41929995745213894,0.2652754601302904,0.31542458241757065
267533,gradient_boosting,isotonic,A,0.2531506849315069,0.1747945205479452,0.572054794520548
3825822,gradient_boosting,isotonic,H,0.26914607291411796,0.32944178405396907,0.401412143031913
3825872,gradient_boosting,isotonic,H,0.19444444444444445,0.13425925925925924,0.6712962962962963
3825898,gradient_boosting,isotonic,D,0.26914607291411796,0.32944178405396907,0.401412143031913
3825823,gradient_boosting,isotonic,A,0.2113362890522023,0.059050332077099296,0.7296133788706984
3825824,gradient_boosting,isotonic,A,0.27276421219021074,0.3338704805055502,0.39336530730423913
3825877,gradient_boosting,isotonic,D,0.19444444444444445,0.13425925925925924,0.6712962962962963
3825905,gradient_boosting,isotonic,D,0.26914607291411796,0.32944178405396907,0.401412143031913
3825825,gradient_boosting,isotonic,D,0.3371130861170702,0.29880478087649404,0.36408213300643577
3825826,gradient_boosting,isotonic,D,0.3793103448275862,0.33620689655172414,0.28448275862068967
266664,gradient_boosting,isotonic,H,0.6637931034475205,0.33620689655134156,1.1379310344814636e-12
3825827,gradient_boosting,isotonic,H,0.3371130861170702,0.29880478087649404,0.36408213300643577
3825828,gradient_boosting,isotonic,A,0.5407303370786517,0.273876404494382,0.1853932584269663
3825856,gradient_boosting,isotonic,H,0.22302679217958005,0.27299058653149894,0.503982621288921
3825829,gradient_boosting,isotonic,H,0.22302679217958005,0.27299058653149894,0.503982621288921
3825830,gradient_boosting,isotonic,H,0.22302679217958005,0.27299058653149894,0.503982621288921
3825831,gradient_boosting,isotonic,H,0.30677290836653387,0.3754980079681275,0.31772908366533864
3825832,gradient_boosting,isotonic,A,0.5407303370786517,0.273876404494382,0.1853932584269663
3825863,gradient_boosting,isotonic,A,0.26914607291411796,0.32944178405396907,0.401412143031913
3825857,gradient_boosting,isotonic,H,0.4506673285984514,0.24761874924480354,0.3017139221567452
3825833,gradient_boosting,isotonic,A,0.5407303370786517,0.273876404494382,0.1853932584269663
3825852,gradient_boosting,isotonic,D,0.2680853945881859,0.3281434862329418,0.4037711191788723
3825889,gradient_boosting,isotonic,D,0.19444444444444445,0.13425925925925924,0.6712962962962963
3825897,gradient_boosting,isotonic,H,0.3793103448275862,0.33620689655172414,0.28448275862068967
266557,gradient_boosting,isotonic,A,0.007899498894680675,9.921005011043272e-13,0.9921005011043272
3825834,gradient_boosting,isotonic,H,0.19444444444444445,0.13425925925925924,0.6712962962962963
3825835,gradient_boosting,isotonic,A,0.3371130861170702,0.29880478087649404,0.36408213300643577
3825836,gradient_boosting,isotonic,H,0.4807692307685374,1.4423076923056122e-12,0.5192307692300204
3825906,gradient_boosting,isotonic,D,0.22302679217958005,0.27299058653149894,0.503982621288921
3825837,gradient_boosting,isotonic,H,0.30677290836653387,0.3754980079681275,0.31772908366533864
3825862,gradient_boosting,isotonic,D,0.4021937842778793,0.35648994515539306,0.2413162705667276
266310,gradient_boosting,isotonic,A,0.8571428571421223,0.1428571428570204,8.571428571421223e-13
3825838,gradient_boosting,isotonic,A,0.3793103448275862,0.33620689655172414,0.28448275862068967
3825839,gradient_boosting,isotonic,H,0.3793103448275862,0.33620689655172414,0.28448275862068967
3825840,gradient_boosting,isotonic,H,0.26914607291411796,0.32944178405396907,0.401412143031913
3825843,gradient_boosting,isotonic,D,0.3371130861170702,0.29880478087649404,0.36408213300643577
3825893,gradient_boosting,isotonic,H,0.19444444444444445,0.13425925925925924,0.6712962962962963
3825841,gradient_boosting,isotonic,A,0.26914607291411796,0.32944178405396907,0.401412143031913
3825896,gradient_boosting,isotonic,H,0.3793103448275862,0.33620689655172414,0.28448275862068967
3825871,gradient_boosting,isotonic,H,0.26914607291411796,0.32944178405396907,0.401412143031913
265944,gradient_boosting,isotonic,H,0.007899498894680675,9.921005011043272e-13,0.9921005011043272
3825847,gradient_boosting,isotonic,D,0.3371130861170702,0.29880478087649404,0.36408213300643577
3825886,gradient_boosting,isotonic,A,0.5833333333333334,0.16666666666666666,0.25
3825890,gradient_boosting,isotonic,H,0.22302679217958005,0.27299058653149894,0.503982621288921
3825842,gradient_boosting,isotonic,D,0.5131852090682274,0.2599249760215697,0.2268898149102029
3825875,gradient_boosting,isotonic,D,0.26914607291411796,0.32944178405396907,0.401412143031913
3825884,gradient_boosting,isotonic,H,0.20035121192240016,0.10670093473907588,0.6929478533385239
3825899,gradient_boosting,isotonic,D,0.5167785234899329,0.26174496644295303,0.22147651006711408
3825868,gradient_boosting,isotonic,H,0.22302679217958005,0.27299058653149894,0.503982621288921
3825854,gradient_boosting,isotonic,H,0.26914607291411796,0.32944178405396907,0.401412143031913
266986,gradient_boosting,isotonic,A,0.7719298245608076,0.22807017543842045,7.719298245608076e-13
3825859,gradient_boosting,isotonic,H,0.26914607291411796,0.32944178405396907,0.401412143031913
3825864,gradient_boosting,isotonic,A,0.5407303370786517,0.273876404494382,0.1853932584269663
3825878,gradient_boosting,isotonic,H,0.19444444444444445,0.13425925925925924,0.6712962962962963
3825845,gradient_boosting,isotonic,H,0.3371130861170702,0.29880478087649404,0.36408213300643577
3825870,gradient_boosting,isotonic,H,0.26914607291411796,0.32944178405396907,0.401412143031913
3825873,gradient_boosting,isotonic,A,0.3371130861170702,0.29880478087649404,0.36408213300643577
3825894,gradient_boosting,isotonic,A,0.26914607291411796,0.32944178405396907,0.401412143031913
3825855,gradient_boosting,isotonic,H,0.26914607291411796,0.32944178405396907,0.401412143031913
265958,gradient_boosting,isotonic,H,0.09698963895324751,9.030103610458495e-13,0.9030103610458495
3825850,gradient_boosting,isotonic,H,0.22302679217958005,0.27299058653149894,0.503982621288921
3825851,gradient_boosting,isotonic,A,0.4361326655895798,0.3054281394723109,0.25843919493810924
3825853,gradient_boosting,isotonic,A,0.22459893048107443,9.30481283421594e-13,0.775401069517995
3825860,gradient_boosting,isotonic,H,0.6140350877192983,0.17543859649122806,0.2105263157894737
3825861,gradient_boosting,isotonic,H,0.3429030087929561,0.3048798835534567,0.3522171076535872
3825865,gradient_boosting,isotonic,D,0.3793103448275862,0.33620689655172414,0.28448275862068967
3825866,gradient_boosting,isotonic,D,0.3793103448275862,0.33620689655172414,0.28448275862068967
3825901,gradient_boosting,isotonic,H,0.19444444444444445,0.13425925925925924,0.6712962962962963
3825904,gradient_boosting,isotonic,D,0.26914607291411796,0.32944178405396907,0.401412143031913
3825849,gradient_boosting,isotonic,A,0.26914607291411796,0.32944178405396907,0.401412143031913
267506,gradient_boosting,isotonic,A,0.9999999999979998,9.999999999979999e-13,9.999999999979999e-13
3825846,gradient_boosting,isotonic,A,0.5407303370786517,0.273876404494382,0.1853932584269663
3825869,gradient_boosting,isotonic,H,0.24797650772247454,0.3035296864005614,0.44849380587696414
3825882,gradient_boosting,isotonic,H,0.26914607291411796,0.32944178405396907,0.401412143031913
3825876,gradient_boosting,isotonic,H,0.5301204819268678,0.46987951807154194,1.5903614457806033e-12
3825883,gradient_boosting,isotonic,H,0.26914607291411796,0.32944178405396907,0.401412143031913
3825900,gradient_boosting,isotonic,H,0.26914607291411796,0.32944178405396907,0.401412143031913
3825902,gradient_boosting,isotonic,H,0.22302679217958005,0.27299058653149894,0.503982621288921
3825908,gradient_boosting,isotonic,H,0.3371130861170702,0.29880478087649404,0.36408213300643577
267533,lightgbm,raw,A,0.026626600471241532,0.07883992407224777,0.8945334754565107
3825822,lightgbm,raw,H,0.39489500187827353,0.18186328947795138,0.42324170864377514
3825872,lightgbm,raw,H,0.006910047218696085,0.05296524968446386,0.94012470309684
3825898,lightgbm,raw,D,0.289660446293713,0.3652040028134381,0.34513555089284886
3825823,lightgbm,raw,A,0.01762953796434313,0.04567801513018068,0.9366924469054762
3825824,lightgbm,raw,A,0.03320712935487949,0.4744018381162856,0.4923910325288349
3825877,lightgbm,raw,D,0.0033365710863099535,0.051809697003421584,0.9448537319102686
3825905,lightgbm,raw,D,0.4986377734801548,0.0611603092063909,0.44020191731345426
3825825,lightgbm,raw,D,0.360495815634725,0.1617322166861748,0.4777719676791003
3825826,lightgbm,raw,D,0.32096343426016233,0.23316443756384808,0.4458721281759896
266664,lightgbm,raw,H,0.36049809321430304,0.5602496760793064,0.07925223070639054
3825827,lightgbm,raw,H,0.7257755654362211,0.10733519169969245,0.16688924286408652
3825828,lightgbm,raw,A,0.41956859329194096,0.26203224611760856,0.3183991605904505
3825856,lightgbm,raw,H,0.009517299649245135,0.00834635586642873,0.9821363444843262
3825829,lightgbm,raw,H,0.02061254349660691,0.29695311977364097,0.6824343367297522
3825830,lightgbm,raw,H,0.02829411188985125,0.15590548796982565,0.8158004001403232
3825831,lightgbm,raw,H,0.06609076980297406,0.5940180820575969,0.33989114813942917
3825832,lightgbm,raw,A,0.2818414681530642,0.22422852956828598,0.49393000227864986
3825863,lightgbm,raw,A,0.13361244863470562,0.3524748668364839,0.5139126845288104
3825857,lightgbm,raw,H,0.36930508089722425,0.09300946716333564,0.5376854519394401
3825833,lightgbm,raw,A,0.3170910050228883,0.47324981387093873,0.20965918110617296
3825852,lightgbm,raw,D,0.28218211649883596,0.06992094100140682,0.6478969424997572
3825889,lightgbm,raw,D,0.035745390479047935,0.17691951008066312,0.787335099440289
3825897,lightgbm,raw,H,0.09841396553216038,0.5301789489663727,0.37140708550146695
266557,lightgbm,raw,A,0.000962187017559247,0.006507399259767589,0.9925304137226731
3825834,lightgbm,raw,H,0.002197682538698803,0.044636006296076225,0.953166311165225
3825835,lightgbm,raw,A,0.24361557494754138,0.18431164785527146,0.5720727771971872
3825836,lightgbm,raw,H,0.3727600260475308,0.04412654970114684,0.5831134242513224
3825906,lightgbm,raw,D,0.01596082475850725,0.03386338043157983,0.9501757948099129
3825837,lightgbm,raw,H,0.18666803816662927,0.5778880256408462,0.23544393619252452
3825862,lightgbm,raw,D,0.20415909413983999,0.3322478400331285,0.4635930658270316
266310,lightgbm,raw,A,0.9164968600929164,0.05949257304097562,0.024010566866107804
3825838,lightgbm,raw,A,0.3054974419377616,0.471166939150057,0.22333561891218137
3825839,lightgbm,raw,H,0.1277673808007671,0.5068007641411478,0.36543185505808506
3825840,lightgbm,raw,H,0.0600859150899296,0.19032698047429616,0.7495871044357743
3825843,lightgbm,raw,D,0.10748607516724047,0.18624634315377653,0.7062675816789831
3825893,lightgbm,raw,H,0.016641571376454122,0.07642127954321577,0.9069371490803301
3825841,lightgbm,raw,A,0.031171938746858082,0.418216163777666,0.5506118974754759
3825896,lightgbm,raw,H,0.35964866581048804,0.1576674444963224,0.4826838896931896
3825871,lightgbm,raw,H,0.4813036921767968,0.13107141926787505,0.3876248885553281
265944,lightgbm,raw,H,0.00084005396267012,0.0032667906308429815,0.9958931554064869
3825847,lightgbm,raw,D,0.5831206296889108,0.1055356077364826,0.3113437625746066
3825886,lightgbm,raw,A,0.7620319464965142,0.15071704996807175,0.08725100353541411
3825890,lightgbm,raw,H,0.01987946404109886,0.08384747922505084,0.8962730567338504
3825842,lightgbm,raw,D,0.35027154319342196,0.13768706999633124,0.5120413868102468
3825875,lightgbm,raw,D,0.11841806743720085,0.21180436392779312,0.669777568635006
3825884,lightgbm,raw,H,0.010332162826956271,0.016787367212971884,0.9728804699600718
3825899,lightgbm,raw,D,0.18171991721129876,0.4042136145306637,0.41406646825803756
3825868,lightgbm,raw,H,0.0027424283275100806,0.08028010506027015,0.9169774666122198
3825854,lightgbm,raw,H,0.02758497670501959,0.11634729460067272,0.8560677286943077
266986,lightgbm,raw,A,0.9044509391185892,0.07123390087234609,0.02431516000906477
3825859,lightgbm,raw,H,0.024546549507255135,0.366658440515919,0.6087950099768258
3825864,lightgbm,raw,A,0.2459341012415184,0.6945919097694326,0.059473988989049015
3825878,lightgbm,raw,H,0.0064964654687615815,0.23509232440654976,0.7584112101246887
3825845,lightgbm,raw,H,0.05098440887699105,0.19642500693611037,0.7525905841868986
3825870,lightgbm,raw,H,0.05997287955843897,0.4211156721830609,0.5189114482585002
3825873,lightgbm,raw,A,0.31933498862439635,0.354499988363819,0.3261650230117846
3825894,lightgbm,raw,A,0.13268757104852588,0.18810337427325957,0.6792090546782146
3825855,lightgbm,raw,H,0.25991278640511906,0.45399034106010855,0.2860968725347725
265958,lightgbm,raw,H,0.002235815782298408,0.008304323596106822,0.9894598606215949
3825850,lightgbm,raw,H,0.04551151658468953,0.2728583702782803,0.6816301131370301
3825851,lightgbm,raw,A,0.6419597165843699,0.2250757739066117,0.13296450950901845
3825853,lightgbm,raw,A,0.049046837076816056,0.10891512927333341,0.8420380336498505
3825860,lightgbm,raw,H,0.4891051375371934,0.19342591816713262,0.31746894429567396
3825861,lightgbm,raw,H,0.10495211517884455,0.773957878132493,0.12109000668866254
3825865,lightgbm,raw,D,0.6806859408299444,0.15430796069678443,0.16500609847327122
3825866,lightgbm,raw,D,0.888876299901161,0.0458845993435207,0.06523910075531832
3825901,lightgbm,raw,H,0.011700886057028188,0.05097729296335564,0.9373218209796161
3825904,lightgbm,raw,D,0.06773137135987709,0.12442198412831355,0.8078466445118094
3825849,lightgbm,raw,A,0.2431837922755199,0.10898448982432213,0.6478317179001579
267506,lightgbm,raw,A,0.9418695031917458,0.02060979147764513,0.037520705330609125
3825846,lightgbm,raw,A,0.11779497460634727,0.8110647347052952,0.07114029068835762
3825869,lightgbm,raw,H,0.0076875538512400305,0.1517033699197878,0.8406090762289722
3825882,lightgbm,raw,H,0.04658980419936138,0.5675973998851137,0.38581279591552503
3825876,lightgbm,raw,H,0.4898657709577075,0.32598050196045636,0.1841537270818362
3825883,lightgbm,raw,H,0.08565769796497384,0.265566796470408,0.6487755055646183
3825900,lightgbm,raw,H,0.029969762483131265,0.711147644519524,0.25888259299734484
3825902,lightgbm,raw,H,0.021951426257940287,0.2775238135221359,0.7005247602199238
3825908,lightgbm,raw,H,0.25309626446832373,0.23446498877117047,0.5124387467605058
267533,lightgbm,platt,A,0.14797424638356327,0.1706955953404991,0.6813301582759377
3825822,lightgbm,platt,H,0.30173570857027593,0.3965041099967709,0.30176018143295313
3825872,lightgbm,platt,H,0.13569802013862672,0.08230717722771995,0.7819948026336534
3825898,lightgbm,platt,D,0.5314068047312036,0.26374637444071347,0.2048468208280831
3825823,lightgbm,platt,A,0.10353556838010351,0.1319384976355702,0.7645259339843263
3825824,lightgbm,platt,A,0.6340763621709755,0.10838831712873277,0.2575353207002918
3825877,lightgbm,platt,D,0.14886847508935153,0.05504293027948254,0.796088594631166
3825905,lightgbm,platt,D,0.14648284736591918,0.453201652866981,0.4003154997670999
3825825,lightgbm,platt,D,0.2531186265861391,0.41185344747649094,0.3350279259373699
3825826,lightgbm,platt,D,0.34052661410734536,0.36706143425755805,0.2924119516350966
266664,lightgbm,platt,H,0.9425508995183464,0.032896958823859374,0.024552141657794388
3825827,lightgbm,platt,H,0.5214528902079727,0.28142383710255936,0.19712327268946797
3825828,lightgbm,platt,A,0.46550790067652753,0.3155653299924388,0.21892676933103372
3825856,lightgbm,platt,H,0.029776818539863248,0.07026718205741825,0.8999559994027185
3825829,lightgbm,platt,H,0.44810094545199325,0.1260955499411812,0.4258035046068256
3825830,lightgbm,platt,H,0.2524641790276498,0.17541476945122406,0.5721210515211262
3825831,lightgbm,platt,H,0.7505349641207183,0.09632818033700374,0.15313685554227796
3825832,lightgbm,platt,A,0.3097024734212819,0.37213798078991966,0.3181595457887985
3825863,lightgbm,platt,A,0.4420053077953856,0.2589052925615228,0.2990893996430916
3825857,lightgbm,platt,H,0.15777034377227453,0.44010860066638696,0.40212105556133854
3825833,lightgbm,platt,A,0.7505521398953399,0.1436381057628848,0.10580975434177545
3825852,lightgbm,platt,D,0.11159761511416837,0.4190657675296422,0.46933661735618953
3825889,lightgbm,platt,D,0.2697831179161665,0.19347558945467336,0.5367412926291601
3825897,lightgbm,platt,H,0.6731710732187463,0.14272107604067938,0.18410785074057434
266557,lightgbm,platt,A,0.03441632076891269,0.0187716938386086,0.9468119853924787
3825834,lightgbm,platt,H,0.14085623345962806,0.04282220660245385,0.8163215599379181
3825835,lightgbm,platt,A,0.2458514981319879,0.38493050448365174,0.36921799738436045
3825836,lightgbm,platt,H,0.08794951867271245,0.4355043953956904,0.4765460859315971
3825906,lightgbm,platt,D,0.08325413014041295,0.12025762382577375,0.7964882460338133
3825837,lightgbm,platt,H,0.7829998114339999,0.1123938748221028,0.10460631374389723
3825862,lightgbm,platt,D,0.43054999188447685,0.29440270036215505,0.27504730775336816
266310,lightgbm,platt,A,0.9446763803970071,0.028671521607593342,0.026652097995399474
3825838,lightgbm,platt,A,0.7328923801545034,0.15289867528773193,0.11420894455776463
3825839,lightgbm,platt,H,0.648768382609373,0.16510225551007657,0.1861293618805504
3825840,lightgbm,platt,H,0.26513702511140264,0.2419475545948735,0.4929154202937238
3825843,lightgbm,platt,D,0.2425413872611179,0.30511523690481407,0.45234337583406803
3825893,lightgbm,platt,H,0.15655069145720696,0.13492233993667535,0.7085269686061176
3825841,lightgbm,platt,A,0.571811064994406,0.12204147693784519,0.30614745806774885
3825896,lightgbm,platt,H,0.2468002252572366,0.4140933497232626,0.33910642501950083
3825871,lightgbm,platt,H,0.2676007423577341,0.4185231664710345,0.3138760911712314
265944,lightgbm,platt,H,0.020005751296553617,0.014776362284054516,0.9652178864193918
3825847,lightgbm,platt,D,0.2942474972146211,0.40723835614587645,0.29851414663950243
3825886,lightgbm,platt,A,0.8003180730086619,0.11888248372732094,0.08079944326401728
3825890,lightgbm,platt,H,0.16337321221977721,0.14839158221218668,0.6882352055680362
3825842,lightgbm,platt,D,0.21469226357389617,0.42340075199521154,0.36190698443089225
3825875,lightgbm,platt,D,0.2702405245396217,0.30845801420677493,0.4213014612536034
3825884,lightgbm,platt,H,0.051405079588927136,0.08485796439407052,0.8637369560170023
3825899,lightgbm,platt,D,0.5243287557422782,0.24236861641772786,0.23330262783999403
3825868,lightgbm,platt,H,0.21374974997049348,0.05082839626908002,0.7354218537604266
3825854,lightgbm,platt,H,0.20029278289366623,0.1757064776700476,0.6240007394362862
266986,lightgbm,platt,A,0.9501568707942764,0.02634877696534376,0.02349435224037986
3825859,lightgbm,platt,H,0.5233336255030928,0.12109798717840091,0.3555683873185062
3825864,lightgbm,platt,A,0.9734514635341394,0.013888670306763797,0.012659866159096918
3825878,lightgbm,platt,H,0.42807779362849735,0.07296038625876361,0.49896182011273904
3825845,lightgbm,platt,H,0.2789708358985151,0.22409112733666914,0.49693803676481585
3825870,lightgbm,platt,H,0.5449899068901142,0.16617880423174636,0.2888312888781395
3825873,lightgbm,platt,A,0.5388146233084419,0.26412295142813946,0.1970624252634186
3825894,lightgbm,platt,A,0.2412339050368531,0.3273027126727937,0.43146338229035314
3825855,lightgbm,platt,H,0.6549769181629541,0.19167580701528772,0.15334727482175814
265958,lightgbm,platt,H,0.03707859505695819,0.03182232542073356,0.9310990795223083
3825850,lightgbm,platt,H,0.3768958329454942,0.1948044468376203,0.42829972021688545
3825851,lightgbm,platt,A,0.7369050469388505,0.16070071689643173,0.1023942361647178
3825853,lightgbm,platt,A,0.17229988006038216,0.22936305406763613,0.5983370658719818
3825860,lightgbm,platt,H,0.3983504833090853,0.3562360174398313,0.2454134992510835
3825861,lightgbm,platt,H,0.9447577474257682,0.02393078994352878,0.031311462630702856
3825865,lightgbm,platt,D,0.5942985045790513,0.24421401037468365,0.16148748504626512
3825866,lightgbm,platt,D,0.7293133155486405,0.14355013563259145,0.12713654881876804
3825901,lightgbm,platt,H,0.12095918421860766,0.10838064336144784,0.7706601724199444
3825904,lightgbm,platt,D,0.18236990283120047,0.2631490144372881,0.5544810827315114
3825849,lightgbm,platt,A,0.15465849993904401,0.4055372610219311,0.4398042390390248
267506,lightgbm,platt,A,0.7910210736022709,0.0976637044084781,0.11131522198925103
3825846,lightgbm,platt,A,0.976230184036003,0.010336152852150931,0.013433663111846109
3825869,lightgbm,platt,H,0.3007728065825511,0.088761285237823,0.6104659081796259
3825882,lightgbm,platt,H,0.7268712304074129,0.09319595274038187,0.1799328168522053
3825876,lightgbm,platt,H,0.7027367670341903,0.1806671129144758,0.11659612005133396
3825883,lightgbm,platt,H,0.34171634393396966,0.25771012905957597,0.4005735270064543
3825900,lightgbm,platt,H,0.8751932007779791,0.035983556903795996,0.0888232423182249
3825902,lightgbm,platt,H,0.42051703752971376,0.13461283991634893,0.4448701225539374
3825908,lightgbm,platt,H,0.313311526609716,0.36256675528775184,0.32412171810253215
267533,lightgbm,isotonic,A,0.19953685835584717,0.18371285218062525,0.6167502894635276
3825822,lightgbm,isotonic,H,0.36671001300390116,0.32769830949284784,0.305591677503251
3825872,lightgbm,isotonic,H,9.090909090900827e-13,0.09090909090900827,0.9090909090900827
3825898,lightgbm,isotonic,D,0.35980513454995366,0.3312712650788741,0.30892360037117234
3825823,lightgbm,isotonic,A,0.22727272727272727,0.07024793388429752,0.7024793388429752
3825824,lightgbm,isotonic,A,0.3100307700092979,0.28544419056948894,0.4045250394212132
3825877,lightgbm,isotonic,D,9.090909090900827e-13,0.09090909090900827,0.9090909090900827
3825905,lightgbm,isotonic,D,0.46874999999999994,0.140625,0.390625
3825825,lightgbm,isotonic,D,0.33262387226618134,0.3034942518676419,0.36388187586617676
3825826,lightgbm,isotonic,D,0.35980513454995366,0.3312712650788741,0.30892360037117234
266664,lightgbm,isotonic,H,0.5228977491328316,0.47710225086556685,1.6017004136201174e-12
3825827,lightgbm,isotonic,H,0.6266666666658812,0.37333333333286545,1.2533333333317626e-12
3825828,lightgbm,isotonic,A,0.36671001300390116,0.32769830949284784,0.305591677503251
3825856,lightgbm,isotonic,H,9.99999999998e-13,9.99999999998e-13,0.999999999998
3825829,lightgbm,isotonic,H,0.2996377686549143,0.27587539241729053,0.42448683892779526
3825830,lightgbm,isotonic,H,0.2996377686549143,0.27587539241729053,0.42448683892779526
3825831,lightgbm,isotonic,H,0.35980513454995366,0.3312712650788741,0.30892360037117234
3825832,lightgbm,isotonic,A,0.30801120160189394,0.28358478135880366,0.40840401703930257
3825863,lightgbm,isotonic,A,0.2996377686549143,0.27587539241729053,0.42448683892779526
3825857,lightgbm,isotonic,H,0.30593717475187915,0.2733940319851918,0.420668793262929
3825833,lightgbm,isotonic,A,0.5206445115802297,0.47935548841816117,1.6092648539752553e-12
3825852,lightgbm,isotonic,D,0.2996377686549143,0.27587539241729053,0.42448683892779526
3825889,lightgbm,isotonic,D,0.2996377686549143,0.27587539241729053,0.42448683892779526
3825897,lightgbm,isotonic,H,0.35980513454995366,0.3312712650788741,0.30892360037117234
266557,lightgbm,isotonic,A,9.99999999998e-13,9.99999999998e-13,0.999999999998
3825834,lightgbm,isotonic,H,9.090909090900827e-13,0.09090909090900827,0.9090909090900827
3825835,lightgbm,isotonic,A,0.2996377686549143,0.27587539241729053,0.42448683892779526
3825836,lightgbm,isotonic,H,0.37383177570093457,0.11214953271028039,0.5140186915887851
3825906,lightgbm,isotonic,D,0.22727272727272727,0.07024793388429752,0.7024793388429752
3825837,lightgbm,isotonic,H,0.4870352809412329,0.4484115932843846,0.0645531257743825
3825862,lightgbm,isotonic,D,0.35338960102373307,0.3253645069386788,0.3212458920375883
266310,lightgbm,isotonic,A,0.9090909090900825,0.09090909090900826,9.090909090900825e-13
3825838,lightgbm,isotonic,A,0.5206445115802297,0.47935548841816117,1.6092648539752553e-12
3825839,lightgbm,isotonic,H,0.35980513454995366,0.3312712650788741,0.30892360037117234
3825840,lightgbm,isotonic,H,0.2996377686549143,0.27587539241729053,0.42448683892779526
3825843,lightgbm,isotonic,D,0.2996377686549143,0.27587539241729053,0.42448683892779526
3825893,lightgbm,isotonic,H,0.19953685835584717,0.18371285218062525,0.6167502894635276
3825841,lightgbm,isotonic,A,0.2996377686549143,0.27587539241729053,0.42448683892779526
3825896,lightgbm,isotonic,H,0.3249395612481944,0.2970838278048474,0.37797661094695817
3825871,lightgbm,isotonic,H,0.36671001300390116,0.32769830949284784,0.305591677503251
265944,lightgbm,isotonic,H,9.99999999998e-13,9.99999999998e-13,0.999999999998
3825847,lightgbm,isotonic,D,0.36671001300390116,0.32769830949284784,0.305591677503251
3825886,lightgbm,isotonic,A,0.6266666666658812,0.37333333333286545,1.2533333333317626e-12
3825890,lightgbm,isotonic,H,0.19953685835584717,0.18371285218062525,0.6167502894635276
3825842,lightgbm,isotonic,D,0.2996377686549143,0.27587539241729053,0.42448683892779526
3825875,lightgbm,isotonic,D,0.2996377686549143,0.27587539241729053,0.42448683892779526
3825884,lightgbm,isotonic,H,9.99999999998e-13,9.99999999998e-13,0.999999999998
3825899,lightgbm,isotonic,D,0.35980513454995366,0.3312712650788741,0.30892360037117234
3825868,lightgbm,isotonic,H,7.70491803278095e-13,0.22950819672113465,0.770491803278095
3825854,lightgbm,isotonic,H,0.2885044642857143,0.265625,0.44587053571428575
266986,lightgbm,isotonic,A,0.7704918032780949,0.22950819672113462,7.704918032780948e-13
3825859,lightgbm,isotonic,H,0.2996377686549143,0.27587539241729053,0.42448683892779526
3825864,lightgbm,isotonic,A,0.5206445115802297,0.47935548841816117,1.6092648539752553e-12
3825878,lightgbm,isotonic,H,1.3223915592010649e-12,0.3939038686981895,0.606096131300488
3825845,lightgbm,isotonic,H,0.2996377686549143,0.27587539241729053,0.42448683892779526
3825870,lightgbm,isotonic,H,0.2996377686549143,0.27587539241729053,0.42448683892779526
3825873,lightgbm,isotonic,A,0.35980513454995366,0.3312712650788741,0.30892360037117234
3825894,lightgbm,isotonic,A,0.2996377686549143,0.27587539241729053,0.42448683892779526
3825855,lightgbm,isotonic,H,0.36368674005913065,0.3348450450060854,0.30146821493478393
265958,lightgbm,isotonic,H,9.99999999998e-13,9.99999999998e-13,0.999999999998
3825850,lightgbm,isotonic,H,0.2996377686549143,0.27587539241729053,0.42448683892779526
3825851,lightgbm,isotonic,A,0.5291313036522375,0.4708686963461818,1.5807734805907531e-12
3825853,lightgbm,isotonic,A,0.2885044642857143,0.265625,0.44587053571428575
3825860,lightgbm,isotonic,H,0.36671001300390116,0.32769830949284784,0.305591677503251
3825861,lightgbm,isotonic,H,0.5206445115802297,0.47935548841816117,1.6092648539752553e-12
3825865,lightgbm,isotonic,D,0.6266666666658812,0.37333333333286545,1.2533333333317626e-12
3825866,lightgbm,isotonic,D,0.9090909090900825,0.09090909090900826,9.090909090900825e-13
3825901,lightgbm,isotonic,H,9.090909090900827e-13,0.09090909090900827,0.9090909090900827
3825904,lightgbm,isotonic,D,0.2996377686549143,0.27587539241729053,0.42448683892779526
3825849,lightgbm,isotonic,A,0.2996377686549143,0.27587539241729053,0.42448683892779526
267506,lightgbm,isotonic,A,0.9999999999979998,9.999999999979999e-13,9.999999999979999e-13
3825846,lightgbm,isotonic,A,0.5206445115802297,0.47935548841816117,1.6092648539752553e-12
3825869,lightgbm,isotonic,H,1.2533333333317626e-12,0.37333333333286545,0.6266666666658812
3825882,lightgbm,isotonic,H,0.35980513454995366,0.3312712650788741,0.30892360037117234
3825876,lightgbm,isotonic,H,0.5280898876396128,0.471910112358803,1.5842696629188386e-12
3825883,lightgbm,isotonic,H,0.2996377686549143,0.27587539241729053,0.42448683892779526
3825900,lightgbm,isotonic,H,0.42096835584597486,0.387584018148325,0.19144762600570026
3825902,lightgbm,isotonic,H,0.2996377686549143,0.27587539241729053,0.42448683892779526
3825908,lightgbm,isotonic,H,0.2996377686549143,0.27587539241729053,0.42448683892779526
267533,p1_logistic,raw,A,0.18230872622055663,0.03021919756400638,0.787472076215437
3825822,p1_logistic,raw,H,0.07915422779320191,0.11818096672127351,0.8026648054855247
3825872,p1_logistic,raw,H,0.05687327606224119,0.21348237776209492,0.7296443461756639
3825898,p1_logistic,raw,D,0.1053631843163335,0.08571401085128268,0.8089228048323839
3825823,p1_logistic,raw,A,0.0295456484358993,0.18098464334373518,0.7894697082203656
3825824,p1_logistic,raw,A,0.22581409133912234,0.06105676273273186,0.7131291459281458
3825877,p1_logistic,raw,D,0.07132825790236144,0.14587381436251465,0.7827979277351239
3825905,p1_logistic,raw,D,0.3166065051086278,0.17669270725763278,0.5067007876337394
3825825,p1_logistic,raw,D,0.0739749744464758,0.17194561901323438,0.7540794065402898
3825826,p1_logistic,raw,D,0.08325790351719836,0.16620319002831418,0.7505389064544875
266664,p1_logistic,raw,H,0.2926261714896782,0.20500896025354248,0.5023648682567793
3825827,p1_logistic,raw,H,0.1020814069588508,0.08636584553237714,0.8115527475087722
3825828,p1_logistic,raw,A,0.10039750169801108,0.4660852836610789,0.4335172146409102
3825856,p1_logistic,raw,H,0.007232854037399082,0.02446380397859676,0.9683033419840041
3825829,p1_logistic,raw,H,0.013650156646305997,0.10355461139444207,0.882795231959252
3825830,p1_logistic,raw,H,0.07782586676371041,0.10816543901696003,0.8140086942193296
3825831,p1_logistic,raw,H,0.06843793474796706,0.42274731558471146,0.5088147496673214
3825832,p1_logistic,raw,A,0.12529792738531953,0.23729414658322617,0.6374079260314542
3825863,p1_logistic,raw,A,0.04373149488504807,0.5030508310554339,0.45321767405951807
3825857,p1_logistic,raw,H,0.07806044956671174,0.38234184318055436,0.5395977072527339
3825833,p1_logistic,raw,A,0.3635684516234188,0.20798390262232014,0.42844764575426114
3825852,p1_logistic,raw,D,0.027822790403944798,0.026279339166182244,0.945897870429873
3825889,p1_logistic,raw,D,0.033509048852516564,0.09776145118176537,0.8687294999657181
3825897,p1_logistic,raw,H,0.24125688809964263,0.3109040227127322,0.44783908918762516
266557,p1_logistic,raw,A,0.01731133038190838,0.010041602825553879,0.9726470667925378
3825834,p1_logistic,raw,H,0.013522402888125312,0.10106924823666083,0.8854083488752138
3825835,p1_logistic,raw,A,0.09543409300908962,0.1023438297041605,0.8022220772867499
3825836,p1_logistic,raw,H,0.06883483195417069,0.09366920295492115,0.8374959650909082
3825906,p1_logistic,raw,D,0.04294028441407062,0.11494560321475522,0.8421141123711743
3825837,p1_logistic,raw,H,0.2160845237054309,0.1140937247355709,0.6698217515589983
3825862,p1_logistic,raw,D,0.1558311024172049,0.14177324489963808,0.702395652683157
266310,p1_logistic,raw,A,0.14062117164921378,0.14637010517110807,0.7130087231796782
3825838,p1_logistic,raw,A,0.07330652780430238,0.39399588451883855,0.532697587676859
3825839,p1_logistic,raw,H,0.06661107941545645,0.36709718704025734,0.5662917335442863
3825840,p1_logistic,raw,H,0.06849223264863034,0.10546511801628608,0.8260426493350836
3825843,p1_logistic,raw,D,0.030862342543727238,0.11881388521394105,0.8503237722423317
3825893,p1_logistic,raw,H,0.003148707920201497,0.031981902912580525,0.9648693891672179
3825841,p1_logistic,raw,A,0.04189622582993256,0.2088680453297261,0.7492357288403413
3825896,p1_logistic,raw,H,0.04365820097701367,0.37908926889930317,0.5772525301236832
3825871,p1_logistic,raw,H,0.02655600438747435,0.07242893077365622,0.9010150648388694
265944,p1_logistic,raw,H,0.005513004571703929,0.012531062668788721,0.9819559327595074
3825847,p1_logistic,raw,D,0.205420798197206,0.2615847248382033,0.5329944769645907
3825886,p1_logistic,raw,A,0.2906945111734028,0.1297737836615981,0.5795317051649992
3825890,p1_logistic,raw,H,0.0139511532090913,0.11954040618799205,0.8665084406029167
3825842,p1_logistic,raw,D,0.048073759689046563,0.1600828915581789,0.7918433487527745
3825875,p1_logistic,raw,D,0.037883739969770874,0.6143088578598419,0.34780740217038725
3825884,p1_logistic,raw,H,0.031301671499874895,0.1460873202901687,0.8226110082099565
3825899,p1_logistic,raw,D,0.07541083369977747,0.23401209391923722,0.6905770723809853
3825868,p1_logistic,raw,H,0.028421220783198926,0.0761921932675435,0.8953865859492576
3825854,p1_logistic,raw,H,0.08096863337550535,0.2093212117404815,0.7097101548840131
266986,p1_logistic,raw,A,0.6117133489598963,0.05334435158053663,0.33494229945956705
3825859,p1_logistic,raw,H,0.09807764528204375,0.2072474109376638,0.6946749437802925
3825864,p1_logistic,raw,A,0.11250539074569499,0.2125419786999207,0.6749526305543843
3825878,p1_logistic,raw,H,0.020415322321057527,0.30662372675443816,0.6729609509245043
3825845,p1_logistic,raw,H,0.030645264783397692,0.49618176483703114,0.47317297037957123
3825870,p1_logistic,raw,H,0.040858467426208946,0.10250194259250639,0.8566395899812846
3825873,p1_logistic,raw,A,0.08634071170713138,0.1966312613617705,0.7170280269310981
3825894,p1_logistic,raw,A,0.018031843041712233,0.3300396258369785,0.6519285311213093
3825855,p1_logistic,raw,H,0.10925380944688796,0.13909625434006845,0.7516499362130437
265958,p1_logistic,raw,H,0.006891150063663808,0.027228844247761695,0.9658800056885745
3825850,p1_logistic,raw,H,0.03764942617179971,0.052578555834896824,0.9097720179933034
3825851,p1_logistic,raw,A,0.049263931493889655,0.20135453086546654,0.7493815376406439
3825853,p1_logistic,raw,A,0.010387742929154443,0.05532629962149044,0.9342859574493552
3825860,p1_logistic,raw,H,0.1654464312978204,0.2655140545663673,0.5690395141358123
3825861,p1_logistic,raw,H,0.021443587452420667,0.17594991642999327,0.802606496117586
3825865,p1_logistic,raw,D,0.08084700585569216,0.2040685475102839,0.7150844466340239
3825866,p1_logistic,raw,D,0.09149848929483542,0.03093550989706199,0.8775660008081025
3825901,p1_logistic,raw,H,0.01861100529866646,0.09272487412897935,0.8886641205723542
3825904,p1_logistic,raw,D,0.22734877489632815,0.07817171574967345,0.6944795093539985
3825849,p1_logistic,raw,A,0.07028283461888706,0.23526248017153173,0.6944546852095812
267506,p1_logistic,raw,A,0.35512420585953636,0.1235464601979977,0.521329333942466
3825846,p1_logistic,raw,A,0.055270883890944714,0.12469889346120624,0.8200302226478491
3825869,p1_logistic,raw,H,0.033517055025183616,0.07674238529521583,0.8897405596796006
3825882,p1_logistic,raw,H,0.03051909138675335,0.40278088510608884,0.5667000235071579
3825876,p1_logistic,raw,H,0.06693454487855445,0.3916727032445975,0.5413927518768481
3825883,p1_logistic,raw,H,0.210480600924152,0.10411820230749386,0.6854011967683542
3825900,p1_logistic,raw,H,0.25351263550426417,0.2960177042203939,0.45046966027534197
3825902,p1_logistic,raw,H,0.037119408592872445,0.16581558805706598,0.7970650033500616
3825908,p1_logistic,raw,H,0.024269722320836296,0.2960254229936564,0.6797048546855072
267533,p1_logistic,platt,A,0.6554868064018636,0.06581320675466595,0.2786999868434705
3825822,p1_logistic,platt,H,0.3769824192140114,0.16469632455214375,0.45832125623384484
3825872,p1_logistic,platt,H,0.26987328061325255,0.22809949785422542,0.502027221532522
3825898,p1_logistic,platt,D,0.46549952539208583,0.1374249858022228,0.3970754888056914
3825823,p1_logistic,platt,A,0.1676240671947763,0.16323747086965767,0.669138461935566
3825824,p1_logistic,platt,A,0.6628995200941838,0.10973225463036763,0.2273682252754485
3825877,p1_logistic,platt,D,0.34030543008990527,0.1862859166626643,0.4734086532474305
3825905,p1_logistic,platt,D,0.616791044072455,0.2310234992444878,0.15218545668305725
3825825,p1_logistic,platt,D,0.3369263974933532,0.20966044989025695,0.45341315261638987
3825826,p1_logistic,platt,D,0.36460372316947437,0.20943141585016434,0.4259648609803614
266664,p1_logistic,platt,H,0.5841932810179913,0.2563806619553859,0.15942605702662277
3825827,p1_logistic,platt,H,0.45729528560616706,0.13766220887886932,0.4050425055149637
3825828,p1_logistic,platt,A,0.2874428570051725,0.4202158833959971,0.29234125959883034
3825856,p1_logistic,platt,H,0.04902866013499598,0.017096276304007885,0.9338750635609961
3825829,p1_logistic,platt,H,0.08694961307433963,0.07428105289068358,0.8387693340349768
3825830,p1_logistic,platt,H,0.3784537880567322,0.15445147057482264,0.4670947413684453
3825831,p1_logistic,platt,H,0.24376137604825768,0.37155343711330935,0.38468518683843306
3825832,p1_logistic,platt,A,0.41495320859314727,0.27823797845029097,0.3068088129565617
3825863,p1_logistic,platt,A,0.16751805504167483,0.3759009190796012,0.45658102587872396
3825857,p1_logistic,platt,H,0.275082484270159,0.3566145009959715,0.36830301473386945
3825833,p1_logistic,platt,A,0.6103939510114877,0.25939508760317925,0.130210961385333
3825852,p1_logistic,platt,D,0.19700735153336774,0.03942353304421651,0.7635691154224158
3825889,p1_logistic,platt,D,0.2055968310249519,0.11150349762312516,0.6828996713519229
3825897,p1_logistic,platt,H,0.4878462517756564,0.34026532901906065,0.171888419205283
266557,p1_logistic,platt,A,0.13141878543945493,0.014992220731175437,0.8535889938293697
3825834,p1_logistic,platt,H,0.08633684124988263,0.07257403980047573,0.8410891189496417
3825835,p1_logistic,platt,A,0.43014074611544056,0.15365667094055302,0.4162025829440064
3825836,p1_logistic,platt,H,0.3575922055794137,0.13623849666968937,0.506169297750897
3825906,p1_logistic,platt,D,0.2465473378095705,0.13729590665204827,0.6161567555383812
3825837,p1_logistic,platt,H,0.6029584182075188,0.17186055051267127,0.22518103127980998
3825862,p1_logistic,platt,D,0.5149743662313828,0.19970830618903357,0.28531732757958367
266310,p1_logistic,platt,A,0.489954760333477,0.20329379429009023,0.30675144537643273
3825838,p1_logistic,platt,A,0.261859423719073,0.3595906933616519,0.3785498829192751
3825839,p1_logistic,platt,H,0.2541384562441746,0.33726991075430485,0.4085916330015206
3825840,p1_logistic,platt,H,0.3502665061747038,0.14780824301164877,0.5019252508136475
3825843,p1_logistic,platt,D,0.18644030573667122,0.12371937854859079,0.689840315714738
3825893,p1_logistic,platt,H,0.018751353309497742,0.011905722572500634,0.9693429241180016
3825841,p1_logistic,platt,A,0.21680588332478581,0.20537156142143606,0.5778225552537781
3825896,p1_logistic,platt,H,0.18879301286241448,0.31024458858715565,0.5009623985504299
3825871,p1_logistic,platt,H,0.17318394450720875,0.08116341950630876,0.7456526359864826
265944,p1_logistic,platt,H,0.037469238744945656,0.008620691370445415,0.953910069884609
3825847,p1_logistic,platt,D,0.4918426555629528,0.30247584095853736,0.20568150347850986
3825886,p1_logistic,platt,A,0.6422851347662645,0.18634011009157456,0.1713747551421609
3825890,p1_logistic,platt,H,0.0874935466919055,0.08356709196841343,0.8289393613396812
3825842,p1_logistic,platt,D,0.25425526221155087,0.17911883350862026,0.566625904279829
3825875,p1_logistic,platt,D,0.13499415837598586,0.41713571790548504,0.4478701237185291
3825884,p1_logistic,platt,H,0.1828652317481165,0.14394577084184368,0.6731889974100399
3825899,p1_logistic,platt,D,0.316815939875424,0.2580499489016411,0.4251341112229349
3825868,p1_logistic,platt,H,0.18322832894911145,0.08686523125252602,0.7299064397983626
3825854,p1_logistic,platt,H,0.3402688176123003,0.24293146163945561,0.4167997207482442
266986,p1_logistic,platt,A,0.8113627962317101,0.09948952799607548,0.08914767577221439
3825859,p1_logistic,platt,H,0.38020789271050554,0.2483906345806773,0.37140147270881724
3825864,p1_logistic,platt,A,0.4056983441153284,0.25647738458248864,0.33782427130218295
3825878,p1_logistic,platt,H,0.10787992692012643,0.20110183705307824,0.6910182360267954
3825845,p1_logistic,platt,H,0.12961254700706826,0.33375976327498585,0.5366276897179459
3825870,p1_logistic,platt,H,0.2409316615012885,0.12448052159887638,0.6345878168998351
3825873,p1_logistic,platt,A,0.35869007107681994,0.235604101327477,0.4057058275957031
3825894,p1_logistic,platt,A,0.09452637946966354,0.20015575639289812,0.7053178641374384
3825855,p1_logistic,platt,H,0.43883734511265104,0.1927292501591373,0.3684334047282116
265958,p1_logistic,platt,H,0.0461590927118755,0.017949118758297137,0.9358917885298275
3825850,p1_logistic,platt,H,0.24326460641470884,0.0748369299128194,0.6818984636724718
3825851,p1_logistic,platt,A,0.24695110893956257,0.21080153822865158,0.5422473528317859
3825853,p1_logistic,platt,A,0.06905197121946503,0.0396846344032978,0.8912633943772372
3825860,p1_logistic,platt,H,0.4523917585581124,0.3039700161608987,0.24363822528098883
3825861,p1_logistic,platt,H,0.12625824608426767,0.13853178436537456,0.7352099695503578
3825865,p1_logistic,platt,D,0.34208769644972453,0.2388345531226172,0.4190777504276582
3825866,p1_logistic,platt,D,0.47796100759623483,0.06466122178381528,0.4573777706199499
3825901,p1_logistic,platt,H,0.1201992704918591,0.08128303982817633,0.7985176896799646
3825904,p1_logistic,platt,D,0.6460853487208664,0.1311832404667609,0.22273141081237263
3825849,p1_logistic,platt,A,0.3028592008492227,0.25540453272466807,0.44173626642610925
267506,p1_logistic,platt,A,0.6777539540299966,0.17894996268583324,0.1432960832841702
3825846,p1_logistic,platt,A,0.29436506517479966,0.15722987824725024,0.5484050565779501
3825869,p1_logistic,platt,H,0.21179432915605312,0.09380592045528977,0.6943997503886571
3825882,p1_logistic,platt,H,0.14043741655869704,0.28760965875256905,0.5719529246887339
3825876,p1_logistic,platt,H,0.2484400838483843,0.3520616402046167,0.39949827594699905
3825883,p1_logistic,platt,H,0.6064218952529086,0.16126967141565202,0.23230843333143947
3825900,p1_logistic,platt,H,0.5036612126106513,0.3294433201842516,0.16689546720509707
3825902,p1_logistic,platt,H,0.20635249987052057,0.16806600049581247,0.6255814996336669
3825908,p1_logistic,platt,H,0.127002482044536,0.211784824601323,0.661212693354141
267533,p1_logistic,isotonic,A,0.439024390243533,8.414634146334382e-13,0.5609756097556254
3825822,p1_logistic,isotonic,H,0.3055555555555556,0.08333333333333334,0.6111111111111112
3825872,p1_logistic,isotonic,H,0.186046511627907,0.23255813953488372,0.5813953488372093
3825898,p1_logistic,isotonic,D,0.3055555555555556,0.08333333333333334,0.6111111111111112
3825823,p1_logistic,isotonic,A,0.07228915662650602,0.2530120481927711,0.674698795180723
3825824,p1_logistic,isotonic,A,0.4549763033171388,8.720379146911827e-13,0.5450236966819892
3825877,p1_logistic,isotonic,D,0.3055555555555556,0.08333333333333334,0.6111111111111112
3825905,p1_logistic,isotonic,D,0.5704584040747028,0.27334465195246177,0.1561969439728353
3825825,p1_logistic,isotonic,D,0.27586206896551724,0.20689655172413796,0.5172413793103449
3825826,p1_logistic,isotonic,D,0.27586206896551724,0.20689655172413796,0.5172413793103449
266664,p1_logistic,isotonic,H,0.5704584040747028,0.27334465195246177,0.1561969439728353
3825827,p1_logistic,isotonic,H,0.3055555555555556,0.08333333333333334,0.6111111111111112
3825828,p1_logistic,isotonic,A,0.30973451327433627,0.5575221238938053,0.13274336283185842
3825856,p1_logistic,isotonic,H,1.0140241195161877e-12,1.0140241195161877e-12,0.999999999997972
3825829,p1_logistic,isotonic,H,0.06794783802333561,0.08647906657515442,0.8455730954015098
3825830,p1_logistic,isotonic,H,0.3055555555555556,0.08333333333333334,0.6111111111111112
3825831,p1_logistic,isotonic,H,0.4450867052023122,0.3641618497109827,0.19075144508670522
3825832,p1_logistic,isotonic,A,0.41097448896945943,0.26404591873782857,0.32497959229271206
3825863,p1_logistic,isotonic,A,0.2043632559902203,0.6496629897310511,0.14597375427872875
3825857,p1_logistic,isotonic,H,0.3647959183673469,0.29846938775510207,0.33673469387755106
3825833,p1_logistic,isotonic,A,0.5704584040747028,0.27334465195246177,0.1561969439728353
3825852,p1_logistic,isotonic,D,0.07438016528917873,1.0413223140485025e-12,0.9256198347097798
3825889,p1_logistic,isotonic,D,0.06794783802333561,0.08647906657515442,0.8455730954015098
3825897,p1_logistic,isotonic,H,0.5569235610883031,0.29058546385180456,0.1524909750598925
266557,p1_logistic,isotonic,A,0.06666666666660444,9.33333333332462e-13,0.9333333333324622
3825834,p1_logistic,isotonic,H,0.06794783802333561,0.08647906657515442,0.8455730954015098
3825835,p1_logistic,isotonic,A,0.3055555555555556,0.08333333333333334,0.6111111111111112
3825836,p1_logistic,isotonic,H,0.2638082098339769,0.07194769359108462,0.6642440965749384
3825906,p1_logistic,isotonic,D,0.169764938983641,0.07716588135620046,0.7530691796601584
3825837,p1_logistic,isotonic,H,0.4215568862275449,0.07345309381237525,0.5049900199600799
3825862,p1_logistic,isotonic,D,0.4215568862275449,0.07345309381237525,0.5049900199600799
266310,p1_logistic,isotonic,A,0.4215568862275449,0.07345309381237525,0.5049900199600799
3825838,p1_logistic,isotonic,A,0.3647959183673469,0.29846938775510207,0.33673469387755106
3825839,p1_logistic,isotonic,H,0.3647959183673469,0.29846938775510207,0.33673469387755106
3825840,p1_logistic,isotonic,H,0.29117752022881566,0.07941205097149519,0.6294104287996891
3825843,p1_logistic,isotonic,D,0.06794783802333561,0.08647906657515442,0.8455730954015098
3825893,p1_logistic,isotonic,H,1.0324715130412926e-12,1.0324715130412926e-12,0.9999999999979351
3825841,p1_logistic,isotonic,A,0.186046511627907,0.23255813953488372,0.5813953488372093
3825896,p1_logistic,isotonic,H,0.2562724014336918,0.34946236559139787,0.39426523297491045
3825871,p1_logistic,isotonic,H,0.07438016528917873,1.0413223140485025e-12,0.9256198347097798
265944,p1_logistic,isotonic,H,9.99999999998e-13,9.99999999998e-13,0.999999999998
3825847,p1_logistic,isotonic,D,0.48334624322230835,0.23160340821068942,0.28505034856700234
3825886,p1_logistic,isotonic,A,0.5668979187314173,0.09877766765774694,0.3343244136108358
3825890,p1_logistic,isotonic,H,0.06794783802333561,0.08647906657515442,0.8455730954015098
3825842,p1_logistic,isotonic,D,0.17910447761194032,0.22388059701492538,0.5970149253731343
3825875,p1_logistic,isotonic,D,0.20367759652211592,0.6924542638938123,0.10386813958407184
3825884,p1_logistic,isotonic,H,0.08430266319878178,0.10729429861663137,0.8084030381845868
3825899,p1_logistic,isotonic,D,0.27586206896551724,0.20689655172413796,0.5172413793103449
3825868,p1_logistic,isotonic,H,0.07438016528917873,1.0413223140485025e-12,0.9256198347097798
3825854,p1_logistic,isotonic,H,0.27586206896551724,0.20689655172413796,0.5172413793103449
266986,p1_logistic,isotonic,A,0.9090909090900825,9.090909090900825e-13,0.09090909090900826
3825859,p1_logistic,isotonic,H,0.27586206896551724,0.20689655172413796,0.5172413793103449
3825864,p1_logistic,isotonic,A,0.27586206896551724,0.20689655172413796,0.5172413793103449
3825878,p1_logistic,isotonic,H,0.07442199707644946,0.2743855285046177,0.6511924744189328
3825845,p1_logistic,isotonic,H,0.08538865861234904,0.743834024162953,0.17077731722469808
3825870,p1_logistic,isotonic,H,0.1695205479452055,0.07705479452054795,0.7534246575342465
3825873,p1_logistic,isotonic,A,0.27586206896551724,0.20689655172413796,0.5172413793103449
3825894,p1_logistic,isotonic,A,0.10957854406130269,0.4183908045977011,0.4720306513409962
3825855,p1_logistic,isotonic,H,0.31768953068592054,0.08664259927797834,0.595667870036101
265958,p1_logistic,isotonic,H,1.0269730936483686e-12,1.0269730936483686e-12,0.9999999999979461
3825850,p1_logistic,isotonic,H,0.17087357782235565,9.327672249488005e-13,0.8291264221767115
3825851,p1_logistic,isotonic,A,0.186046511627907,0.23255813953488372,0.5813953488372093
3825853,p1_logistic,isotonic,A,0.017384251788610243,1.1054427167365698e-12,0.9826157482102843
3825860,p1_logistic,isotonic,H,0.48334624322230835,0.23160340821068942,0.28505034856700234
3825861,p1_logistic,isotonic,H,0.07228915662650602,0.2530120481927711,0.674698795180723
3825865,p1_logistic,isotonic,D,0.27586206896551724,0.20689655172413796,0.5172413793103449
3825866,p1_logistic,isotonic,D,0.27272727272704955,8.181818181811487e-13,0.7272727272721322
3825901,p1_logistic,isotonic,H,0.06794783802333561,0.08647906657515442,0.8455730954015098
3825904,p1_logistic,isotonic,D,0.4549763033171388,8.720379146911827e-13,0.5450236966819892
3825849,p1_logistic,isotonic,A,0.27586206896551724,0.20689655172413796,0.5172413793103449
267506,p1_logistic,isotonic,A,0.5668979187314173,0.09877766765774694,0.3343244136108358
3825846,p1_logistic,isotonic,A,0.20886075949367092,0.0949367088607595,0.6962025316455697
3825869,p1_logistic,isotonic,H,0.07438016528917873,1.0413223140485025e-12,0.9256198347097798
3825882,p1_logistic,isotonic,H,0.10957854406130269,0.4183908045977011,0.4720306513409962
3825876,p1_logistic,isotonic,H,0.3647959183673469,0.29846938775510207,0.33673469387755106
3825883,p1_logistic,isotonic,H,0.4215568862275449,0.07345309381237525,0.5049900199600799
3825900,p1_logistic,isotonic,H,0.5704584040747028,0.27334465195246177,0.1561969439728353
3825902,p1_logistic,isotonic,H,0.14383918203852206,0.23349840489858487,0.6226624130628929
3825908,p1_logistic,isotonic,H,0.07547169811320754,0.2641509433962264,0.6603773584905661
267533,random_forest,raw,A,0.23715493736436183,0.1752014836267822,0.5876435790088561
3825822,random_forest,raw,H,0.19455026969922615,0.24182984998855286,0.563619880312221
3825872,random_forest,raw,H,0.10514130791533706,0.203749777389174,0.691108914695489
3825898,random_forest,raw,D,0.2254297403794187,0.34697323907129396,0.42759702054928744
3825823,random_forest,raw,A,0.17616526401923707,0.2589705161512621,0.5648642198295009
3825824,random_forest,raw,A,0.2221501050129038,0.3088785873184172,0.468971307668679
3825877,random_forest,raw,D,0.0892716595803862,0.15628518412031817,0.7544431562992956
3825905,random_forest,raw,D,0.254076806475597,0.2885653784266466,0.45735781509775647
3825825,random_forest,raw,D,0.25825459900283065,0.2759775405786312,0.4657678604185381
3825826,random_forest,raw,D,0.31404435503907246,0.2977323765146621,0.3882232684462654
266664,random_forest,raw,H,0.5032594953176299,0.270260247503083,0.2264802571792872
3825827,random_forest,raw,H,0.2946565213233823,0.2938298611344792,0.41151361754213867
3825828,random_forest,raw,A,0.35555937332917326,0.3291764513469988,0.315264175323828
3825856,random_forest,raw,H,0.04036177918824593,0.09991527491312305,0.8597229458986311
3825829,random_forest,raw,H,0.13472312792958793,0.25859768290935675,0.6066791891610553
3825830,random_forest,raw,H,0.16454448116737805,0.24871534177071067,0.5867401770619113
3825831,random_forest,raw,H,0.2711616317300569,0.4055966834752592,0.3232416847946838
3825832,random_forest,raw,A,0.29988108005266517,0.29556963379226325,0.4045492861550716
3825863,random_forest,raw,A,0.24514310780339849,0.3477018072419158,0.4071550849546858
3825857,random_forest,raw,H,0.27529793410757575,0.2551215192119678,0.46958054668045646
3825833,random_forest,raw,A,0.4022192218128631,0.3488673583867763,0.24891341980036058
3825852,random_forest,raw,D,0.13682144555096643,0.11431349984420881,0.7488650546048247
3825889,random_forest,raw,D,0.13012222467280832,0.16862762299908404,0.7012501523281076
3825897,random_forest,raw,H,0.2747199194596663,0.34679243004914645,0.37848765049118727
266557,random_forest,raw,A,0.01718777037105415,0.10259096871268594,0.88022126091626
3825834,random_forest,raw,H,0.07781741954568201,0.1385030040936512,0.7836795763606669
3825835,random_forest,raw,A,0.3100358149004943,0.2867056768263565,0.40325850827314913
3825836,random_forest,raw,H,0.28766920806409824,0.17543861995850324,0.5368921719773986
3825906,random_forest,raw,D,0.19442073749405017,0.2713479752834892,0.5342312872224607
3825837,random_forest,raw,H,0.28823614106025874,0.34814725558320186,0.36361660335653934
3825862,random_forest,raw,D,0.29339953555578047,0.2955608796738592,0.41103958477036023
266310,random_forest,raw,A,0.5212565771155557,0.2663242785465775,0.21241914433786682
3825838,random_forest,raw,A,0.30890235680854516,0.310303169218951,0.3807944739725038
3825839,random_forest,raw,H,0.21777915880409188,0.3503077511008646,0.4319130900950435
3825840,random_forest,raw,H,0.19121809553318697,0.29572996199749674,0.5130519424693164
3825843,random_forest,raw,D,0.24450851118385147,0.32726583323692726,0.42822565557922126
3825893,random_forest,raw,H,0.07475422695840708,0.11157926951057191,0.813666503531021
3825841,random_forest,raw,A,0.2015981573769464,0.29717484595894517,0.5012269966641084
3825896,random_forest,raw,H,0.28786717928747474,0.3455961097140069,0.36653671099851837
3825871,random_forest,raw,H,0.15731331003259785,0.1189195554036872,0.7237671345637149
265944,random_forest,raw,H,0.017263843087053154,0.12212170967088448,0.8606144472420624
3825847,random_forest,raw,D,0.2998440679596645,0.32748274363217345,0.3726731884081621
3825886,random_forest,raw,A,0.4501361334772431,0.2060275715781592,0.3438362949445976
3825890,random_forest,raw,H,0.12503627536492737,0.22854480279429026,0.6464189218407824
3825842,random_forest,raw,D,0.34537948639918103,0.24344675924745485,0.4111737543533642
3825875,random_forest,raw,D,0.21521453554389716,0.32261786161552825,0.4621676028405745
3825884,random_forest,raw,H,0.14458264618686467,0.1768857916992637,0.6785315621138717
3825899,random_forest,raw,D,0.2532215443003549,0.36755347121563514,0.3792249844840098
3825868,random_forest,raw,H,0.07479575969614063,0.18518046637765748,0.7400237739262019
3825854,random_forest,raw,H,0.25697040390426545,0.29003795832030527,0.4529916377754292
266986,random_forest,raw,A,0.6516051712239781,0.21276961441112244,0.1356252143648994
3825859,random_forest,raw,H,0.27040381475411956,0.27850811011036714,0.4510880751355134
3825864,random_forest,raw,A,0.42371727555478417,0.3091002380179274,0.26718248642728853
3825878,random_forest,raw,H,0.12950906464576215,0.29403315596357776,0.5764577793906601
3825845,random_forest,raw,H,0.228924991844334,0.3964421259098076,0.37463288224585845
3825870,random_forest,raw,H,0.21787644966373843,0.250733884840275,0.5313896654959865
3825873,random_forest,raw,A,0.2669633996028124,0.37813122806250865,0.354905372334679
3825894,random_forest,raw,A,0.2074018088033817,0.2922208567990915,0.500377334397527
3825855,random_forest,raw,H,0.21392110696994437,0.3100964382211369,0.4759824548089187
265958,random_forest,raw,H,0.033149725722935786,0.11897986024511165,0.8478704140319525
3825850,random_forest,raw,H,0.1522294003351108,0.195205945678285,0.6525646539866042
3825851,random_forest,raw,A,0.29437324017581107,0.3505362906881508,0.35509046913603826
3825853,random_forest,raw,A,0.1664521033611515,0.1642000709098853,0.6693478257289632
3825860,random_forest,raw,H,0.3864418602146641,0.2946026020950009,0.318955537690335
3825861,random_forest,raw,H,0.2593956317924572,0.34254945232587203,0.39805491588167086
3825865,random_forest,raw,D,0.27128333174479197,0.2851533533859307,0.44356331486927736
3825866,random_forest,raw,D,0.3034532206056106,0.24991677471320337,0.44663000468118613
3825901,random_forest,raw,H,0.06332883076131274,0.13621470948537312,0.8004564597533141
3825904,random_forest,raw,D,0.2234596451862819,0.2852350535418624,0.49130530127185573
3825849,random_forest,raw,A,0.2909702903068755,0.26823391308928174,0.4407957966038427
267506,random_forest,raw,A,0.7041050657438341,0.14970885830130407,0.1461860759548618
3825846,random_forest,raw,A,0.3207986822947338,0.385545826441383,0.29365549126388324
3825869,random_forest,raw,H,0.19272219489240047,0.28815470622412837,0.5191230988834712
3825882,random_forest,raw,H,0.1753168241993692,0.37762462098712846,0.44705855481350243
3825876,random_forest,raw,H,0.2662151940326483,0.3973770859975954,0.3364077199697562
3825883,random_forest,raw,H,0.2246876727811598,0.29437087564257186,0.4809414515762683
3825900,random_forest,raw,H,0.17720900184642482,0.41459815979596387,0.4081928383576114
3825902,random_forest,raw,H,0.2035380540442293,0.2468201956214456,0.549641750334325
3825908,random_forest,raw,H,0.28710973067720197,0.3290958372961907,0.3837944320266074
267533,random_forest,platt,A,0.30737463107570345,0.23466402954597523,0.45796133937832123
3825822,random_forest,platt,H,0.27356710668028955,0.23239078985670703,0.4940421034630035
3825872,random_forest,platt,H,0.16403405151018177,0.16381245655961282,0.6721534919302055
3825898,random_forest,platt,D,0.33220311835341215,0.26463022791082447,0.4031666537357634
3825823,random_forest,platt,A,0.25643328268597426,0.22633327089812486,0.5172334464159009
3825824,random_forest,platt,A,0.3175678251964646,0.2572867136556373,0.42514546114789803
3825877,random_forest,platt,D,0.13988875583617624,0.13912145433140036,0.7209897898324233
3825905,random_forest,platt,D,0.34534780391681746,0.2645131478716172,0.39013904821156536
3825825,random_forest,platt,D,0.3462575880778481,0.26353849092932113,0.3902039209928307
3825826,random_forest,platt,D,0.40732584820148804,0.27856063035891526,0.3141135214395968
266664,random_forest,platt,H,0.5773123922327115,0.2664503919670127,0.15623721580027589
3825827,random_forest,platt,H,0.3871691986476353,0.2749475517564216,0.33788324959594307
3825828,random_forest,platt,A,0.4604405458648297,0.2845336804742201,0.2550257736609502
3825856,random_forest,platt,H,0.06803099811108063,0.07270957104851375,0.8592594308404057
3825829,random_forest,platt,H,0.20781816941341746,0.19927952792305778,0.5929023026635248
3825830,random_forest,platt,H,0.24157826237141208,0.21747298547163818,0.5409487521569497
3825831,random_forest,platt,H,0.40601859664306233,0.28315043466568696,0.31083096869125076
3825832,random_forest,platt,A,0.39282512924855917,0.27611762483299007,0.33105724591845087
3825863,random_forest,platt,A,0.3539458461429119,0.2710305880094316,0.37502356584765656
3825857,random_forest,platt,H,0.35779636755423144,0.264334960146169,0.3778686722995996
3825833,random_forest,platt,A,0.518549606589945,0.28179037044555255,0.19966002296450247
3825852,random_forest,platt,D,0.19824689245564567,0.1665237414360049,0.6352293661083495
3825889,random_forest,platt,D,0.19230565749128847,0.17649793138484746,0.631196411123864
3825897,random_forest,platt,H,0.3850876926016122,0.27806970662344427,0.33684260077494355
266557,random_forest,platt,A,0.03010575994973803,0.03796803387982754,0.9319262061704344
3825834,random_forest,platt,H,0.12361512095983464,0.12389817339371854,0.7524867056464468
3825835,random_forest,platt,A,0.39985703066730377,0.2765053209754244,0.32363764835727193
3825836,random_forest,platt,H,0.3546448280807877,0.24990396025914188,0.3954512116600705
3825906,random_forest,platt,D,0.27892900558510364,0.23833359782148572,0.48273739659341064
3825837,random_forest,platt,H,0.3997543554214633,0.28064081957481585,0.31960482500372084
3825862,random_forest,platt,D,0.3864777109990509,0.2749654664470903,0.3385568225538587
266310,random_forest,platt,A,0.5932538010942936,0.2619866543813889,0.14475954452431755
3825838,random_forest,platt,A,0.40662657117920636,0.2794254152715851,0.3139480135492086
3825839,random_forest,platt,H,0.3247542651519517,0.2623433328751627,0.4129024019728857
3825840,random_forest,platt,H,0.2805973408868272,0.24141251054691867,0.47799014856625416
3825843,random_forest,platt,D,0.34663054773012725,0.2678800211017646,0.3854894311681082
3825893,random_forest,platt,H,0.11890415799254632,0.11483151900110448,0.7662643230063492
3825841,random_forest,platt,A,0.2923962827177881,0.24661621940603937,0.46098749787617255
3825896,random_forest,platt,H,0.3983755729870839,0.28030802931027315,0.32131639770264303
3825871,random_forest,platt,H,0.22174033367736487,0.18073800600055556,0.5975216603220797
265944,random_forest,platt,H,0.030326794833084134,0.039759477018856654,0.9299137281480593
3825847,random_forest,platt,D,0.4037916193218478,0.28015134243767753,0.3160570382404746
3825886,random_forest,platt,A,0.5013057381628865,0.27130498953554566,0.22738927230156783
3825890,random_forest,platt,H,0.19183967028696122,0.1857548756312708,0.6224054540817681
3825842,random_forest,platt,D,0.42002006539468023,0.2745253523407467,0.3054545822645731
3825875,random_forest,platt,D,0.313777512511082,0.25690669274675515,0.42931579474216286
3825884,random_forest,platt,H,0.20997190796471185,0.18866882160038892,0.6013592704348992
3825899,random_forest,platt,D,0.3698561405450388,0.2757702406661102,0.35437361878885093
3825868,random_forest,platt,H,0.12158095038908731,0.1296801002146904,0.7487389493962224
3825854,random_forest,platt,H,0.34866697626922566,0.2655940672601568,0.3857389564706177
266986,random_forest,platt,A,0.6976171817474311,0.21905867684729047,0.08332414140527838
3825859,random_forest,platt,H,0.3589502202334056,0.26724626351929304,0.3738035162473014
3825864,random_forest,platt,A,0.5188242919825333,0.2799166438428914,0.2012590641745754
3825878,random_forest,platt,H,0.20697539336423876,0.20200545221742972,0.5910191544183315
3825845,random_forest,platt,H,0.3536631414002431,0.27256156474633597,0.373775293853421
3825870,random_forest,platt,H,0.29971888749458486,0.24470259583373744,0.45557851667167765
3825873,random_forest,platt,A,0.38911725830672944,0.2799855868389313,0.33089715485433924
3825894,random_forest,platt,A,0.2975517703454183,0.24829688432598748,0.45415134532859425
3825855,random_forest,platt,H,0.3090180976171933,0.25424934911979,0.4367325532630168
265958,random_forest,platt,H,0.056655231371170636,0.06544458863385437,0.877900179994975
3825850,random_forest,platt,H,0.2204766380585337,0.19805240268488952,0.5814709592565768
3825851,random_forest,platt,A,0.40710913956647177,0.2818057877307468,0.31108507270278146
3825853,random_forest,platt,A,0.2336649992211083,0.19909530342427884,0.5672396973546129
3825860,random_forest,platt,H,0.4756709246266849,0.28219986147003645,0.24212921390327868
3825861,random_forest,platt,H,0.367403641916016,0.2741285491611647,0.3584678089228193
3825865,random_forest,platt,D,0.36162820614338403,0.26857555825310364,0.3697962356035124
3825866,random_forest,platt,D,0.38320357098366586,0.2695414063567495,0.3472550226595847
3825901,random_forest,platt,H,0.10303364903730254,0.10762648771208151,0.7893398632506159
3825904,random_forest,platt,D,0.3129999396231651,0.2535986409377383,0.43340141943909666
3825849,random_forest,platt,A,0.3761715142166485,0.27023292664417464,0.35359555913917684
267506,random_forest,platt,A,0.7114475967699642,0.20677239444531886,0.08178000878471707
3825846,random_forest,platt,A,0.45130865136133924,0.28643307518434874,0.262258273454312
3825869,random_forest,platt,H,0.2805908192293976,0.24073593231913165,0.4786732484514707
3825882,random_forest,platt,H,0.2833788886269192,0.24730634410892743,0.46931476726415333
3825876,random_forest,platt,H,0.3966191787837315,0.2816640857155282,0.32171673550074026
3825883,random_forest,platt,H,0.31652385486474727,0.2557163218134748,0.42775982332177803
3825900,random_forest,platt,H,0.2976714177371309,0.2540616432502364,0.44826693901263276
3825902,random_forest,platt,H,0.28400226733302364,0.23768467597391663,0.4783130566930597
3825908,random_forest,platt,H,0.3914408273121855,0.2782774177139904,0.33028175497382417
267533,random_forest,isotonic,A,0.27350427350395556,1.1623931623918113e-12,0.726495726494882
3825822,random_forest,isotonic,H,0.20734341252699784,0.24190064794816413,0.550755939524838
3825872,random_forest,isotonic,H,0.1752577319587629,0.24054982817869414,0.584192439862543
3825898,random_forest,isotonic,D,0.2641509433962264,0.3081761006289308,0.4276729559748428
3825823,random_forest,isotonic,A,0.20734341252699784,0.24190064794816413,0.550755939524838
3825824,random_forest,isotonic,A,0.2641509433962264,0.3081761006289308,0.4276729559748428
3825877,random_forest,isotonic,D,0.18267720980572671,1.225984185289571e-12,0.8173227901930473
3825905,random_forest,isotonic,D,0.3587444044048464,0.2685600357620729,0.3726955598330807
3825825,random_forest,isotonic,D,0.3598272138228942,0.2681065514758819,0.3720662347012239
3825826,random_forest,isotonic,D,0.42236024844720504,0.2608695652173913,0.31677018633540377
266664,random_forest,isotonic,H,0.6860986547077356,0.31390134529112085,1.143497757846226e-12
3825827,random_forest,isotonic,H,0.37737843551797046,0.28118393234672306,0.3414376321353066
3825828,random_forest,isotonic,A,0.45868465430016864,0.28330522765598654,0.2580101180438449
3825856,random_forest,isotonic,H,9.99999999998e-13,9.99999999998e-13,0.999999999998
3825829,random_forest,isotonic,H,0.1818992420864913,0.24966562639322332,0.5684351315202852
3825830,random_forest,isotonic,H,0.20734341252699784,0.24190064794816413,0.550755939524838
3825831,random_forest,isotonic,H,0.25484975729992715,0.5520209177455403,0.1931293249545325
3825832,random_forest,isotonic,A,0.42236024844720504,0.2608695652173913,0.31677018633540377
3825863,random_forest,isotonic,A,0.2790697674418605,0.32558139534883723,0.39534883720930236
3825857,random_forest,isotonic,H,0.3598272138228942,0.2681065514758819,0.3720662347012239
3825833,random_forest,isotonic,A,0.6397016030165285,0.36029839698215893,1.3125155890064363e-12
3825852,random_forest,isotonic,D,0.2307692307689645,1.1538461538448225e-12,0.7692307692298817
3825889,random_forest,isotonic,D,0.2307692307689645,1.1538461538448225e-12,0.7692307692298817
3825897,random_forest,isotonic,H,0.37737843551797046,0.28118393234672306,0.3414376321353066
266557,random_forest,isotonic,A,9.99999999998e-13,9.99999999998e-13,0.999999999998
3825834,random_forest,isotonic,H,1.0439025872795633e-12,1.0439025872795633e-12,0.9999999999979122
3825835,random_forest,isotonic,A,0.42236024844720504,0.2608695652173913,0.31677018633540377
3825836,random_forest,isotonic,H,0.49163879598596605,1.3344481605333365e-12,0.5083612040126996
3825906,random_forest,isotonic,D,0.2641509433962264,0.3081761006289308,0.4276729559748428
3825837,random_forest,isotonic,H,0.37737843551797046,0.28118393234672306,0.3414376321353066
3825862,random_forest,isotonic,D,0.37737843551797046,0.28118393234672306,0.3414376321353066
266310,random_forest,isotonic,A,0.6860986547077356,0.31390134529112085,1.143497757846226e-12
3825838,random_forest,isotonic,A,0.42236024844720504,0.2608695652173913,0.31677018633540377
3825839,random_forest,isotonic,H,0.2641509433962264,0.3081761006289308,0.4276729559748428
3825840,random_forest,isotonic,H,0.2641509433962264,0.3081761006289308,0.4276729559748428
3825843,random_forest,isotonic,D,0.2641509433962264,0.3081761006289308,0.4276729559748428
3825893,random_forest,isotonic,H,9.99999999998e-13,9.99999999998e-13,0.999999999998
3825841,random_forest,isotonic,A,0.2641509433962264,0.3081761006289308,0.4276729559748428
3825896,random_forest,isotonic,H,0.37737843551797046,0.28118393234672306,0.3414376321353066
3825871,random_forest,isotonic,H,0.2608695652171021,1.1086956521726838e-12,0.7391304347817892
265944,random_forest,isotonic,H,9.99999999998e-13,9.99999999998e-13,0.999999999998
3825847,random_forest,isotonic,D,0.42236024844720504,0.2608695652173913,0.31677018633540377
3825886,random_forest,isotonic,A,0.4967532467532468,0.22727272727272727,0.275974025974026
3825890,random_forest,isotonic,H,0.17843675839268613,0.2449131977938829,0.576650043813431
3825842,random_forest,isotonic,D,0.42236024844720504,0.2608695652173913,0.31677018633540377
3825875,random_forest,isotonic,D,0.2641509433962264,0.3081761006289308,0.4276729559748428
3825884,random_forest,isotonic,H,0.2307692307689645,1.1538461538448225e-12,0.7692307692298817
3825899,random_forest,isotonic,D,0.3611586052892511,0.2885090169661447,0.3503323777446043
3825868,random_forest,isotonic,H,1.0624999999988713e-12,0.29166666666635677,0.7083333333325808
3825854,random_forest,isotonic,H,0.3598272138228942,0.2681065514758819,0.3720662347012239
266986,random_forest,isotonic,A,0.784615384614769,0.21538461538444637,7.84615384614769e-13
3825859,random_forest,isotonic,H,0.3598272138228942,0.2681065514758819,0.3720662347012239
3825864,random_forest,isotonic,A,0.6732839667807295,0.32671603321808035,1.1901798352944356e-12
3825878,random_forest,isotonic,H,0.1818992420864913,0.24966562639322332,0.5684351315202852
3825845,random_forest,isotonic,H,0.22200401960020325,0.46349028596617564,0.31450569443362125
3825870,random_forest,isotonic,H,0.2641509433962264,0.3081761006289308,0.4276729559748428
3825873,random_forest,isotonic,A,0.37737843551797046,0.28118393234672306,0.3414376321353066
3825894,random_forest,isotonic,A,0.2641509433962264,0.3081761006289308,0.4276729559748428
3825855,random_forest,isotonic,H,0.2641509433962264,0.3081761006289308,0.4276729559748428
265958,random_forest,isotonic,H,9.99999999998e-13,9.99999999998e-13,0.999999999998
3825850,random_forest,isotonic,H,0.17707117951523774,0.24303887384444392,0.5798899466403183
3825851,random_forest,isotonic,A,0.37737843551797046,0.28118393234672306,0.3414376321353066
3825853,random_forest,isotonic,A,0.2608695652171021,1.1086956521726838e-12,0.7391304347817892
3825860,random_forest,isotonic,H,0.45868465430016864,0.28330522765598654,0.2580101180438449
3825861,random_forest,isotonic,H,0.37737843551797046,0.28118393234672306,0.3414376321353066
3825865,random_forest,isotonic,D,0.3598272138228942,0.2681065514758819,0.3720662347012239
3825866,random_forest,isotonic,D,0.4040747028862479,0.2495755517826825,0.34634974533106966
3825901,random_forest,isotonic,H,9.99999999998e-13,9.99999999998e-13,0.999999999998
3825904,random_forest,isotonic,D,0.2641509433962264,0.3081761006289308,0.4276729559748428
3825849,random_forest,isotonic,A,0.3598272138228942,0.2681065514758819,0.3720662347012239
267506,random_forest,isotonic,A,0.9999999999979998,9.999999999979999e-13,9.999999999979999e-13
3825846,random_forest,isotonic,A,0.5354520888157961,0.3307204077979917,0.13382750338621224
3825869,random_forest,isotonic,H,0.2641509433962264,0.3081761006289308,0.4276729559748428
3825882,random_forest,isotonic,H,0.2641509433962264,0.3081761006289308,0.4276729559748428
3825876,random_forest,isotonic,H,0.3009180673403528,0.4268227288755185,0.27225920378412877
3825883,random_forest,isotonic,H,0.2641509433962264,0.3081761006289308,0.4276729559748428
3825900,random_forest,isotonic,H,0.15,0.6375,0.2125
3825902,random_forest,isotonic,H,0.2442153290512349,0.28491788389310735,0.47086678705565777
3825908,random_forest,isotonic,H,0.37737843551797046,0.28118393234672306,0.3414376321353066
267533,scratch_figs,raw,A,0.21847252847716908,0.23926443664034291,0.5422630348824881
3825822,scratch_figs,raw,H,0.30358061251115404,0.2942404189884955,0.40217896850035045
3825872,scratch_figs,raw,H,0.21847252847716908,0.23926443664034291,0.5422630348824881
3825898,scratch_figs,raw,D,0.32583896462353795,0.4044869613515904,0.2696740740248716
3825823,scratch_figs,raw,A,0.21847252847716908,0.23926443664034291,0.5422630348824881
3825824,scratch_figs,raw,A,0.25330987082727596,0.25330987082727596,0.49338025834544813
3825877,scratch_figs,raw,D,0.21847252847716908,0.23926443664034291,0.5422630348824881
3825905,scratch_figs,raw,D,0.32583896462353795,0.4044869613515904,0.2696740740248716
3825825,scratch_figs,raw,D,0.30358061251115404,0.2942404189884955,0.40217896850035045
3825826,scratch_figs,raw,D,0.30358061251115404,0.2942404189884955,0.40217896850035045
266664,scratch_figs,raw,H,0.42383696898408957,0.29462769562027374,0.28153533539563663
3825827,scratch_figs,raw,H,0.32583896462353795,0.4044869613515904,0.2696740740248716
3825828,scratch_figs,raw,A,0.42383696898408957,0.29462769562027374,0.28153533539563663
3825856,scratch_figs,raw,H,0.21847252847716908,0.23926443664034291,0.5422630348824881
3825829,scratch_figs,raw,H,0.21847252847716908,0.23926443664034291,0.5422630348824881
3825830,scratch_figs,raw,H,0.21847252847716908,0.23926443664034291,0.5422630348824881
3825831,scratch_figs,raw,H,0.32583896462353795,0.4044869613515904,0.2696740740248716
3825832,scratch_figs,raw,A,0.25330987082727596,0.25330987082727596,0.49338025834544813
3825863,scratch_figs,raw,A,0.25330987082727596,0.25330987082727596,0.49338025834544813
3825857,scratch_figs,raw,H,0.30358061251115404,0.2942404189884955,0.40217896850035045
3825833,scratch_figs,raw,A,0.42383696898408957,0.29462769562027374,0.28153533539563663
3825852,scratch_figs,raw,D,0.30358061251115404,0.2942404189884955,0.40217896850035045
3825889,scratch_figs,raw,D,0.21847252847716908,0.23926443664034291,0.5422630348824881
3825897,scratch_figs,raw,H,0.32583896462353795,0.4044869613515904,0.2696740740248716
266557,scratch_figs,raw,A,0.21847252847716908,0.23926443664034291,0.5422630348824881
3825834,scratch_figs,raw,H,0.21847252847716908,0.23926443664034291,0.5422630348824881
3825835,scratch_figs,raw,A,0.32583896462353795,0.4044869613515904,0.2696740740248716
3825836,scratch_figs,raw,H,0.42383696898408957,0.29462769562027374,0.28153533539563663
3825906,scratch_figs,raw,D,0.21847252847716908,0.23926443664034291,0.5422630348824881
3825837,scratch_figs,raw,H,0.25330987082727596,0.25330987082727596,0.49338025834544813
3825862,scratch_figs,raw,D,0.25330987082727596,0.25330987082727596,0.49338025834544813
266310,scratch_figs,raw,A,0.42383696898408957,0.29462769562027374,0.28153533539563663
3825838,scratch_figs,raw,A,0.42383696898408957,0.29462769562027374,0.28153533539563663
3825839,scratch_figs,raw,H,0.32583896462353795,0.4044869613515904,0.2696740740248716
3825840,scratch_figs,raw,H,0.23247351899244842,0.40293542836791446,0.36459105263963704
3825843,scratch_figs,raw,D,0.32583896462353795,0.4044869613515904,0.2696740740248716
3825893,scratch_figs,raw,H,0.21847252847716908,0.23926443664034291,0.5422630348824881
3825841,scratch_figs,raw,A,0.23247351899244842,0.40293542836791446,0.36459105263963704
3825896,scratch_figs,raw,H,0.30358061251115404,0.2942404189884955,0.40217896850035045
3825871,scratch_figs,raw,H,0.30358061251115404,0.2942404189884955,0.40217896850035045
265944,scratch_figs,raw,H,0.21847252847716908,0.23926443664034291,0.5422630348824881
3825847,scratch_figs,raw,D,0.25330987082727596,0.25330987082727596,0.49338025834544813
3825886,scratch_figs,raw,A,0.42383696898408957,0.29462769562027374,0.28153533539563663
3825890,scratch_figs,raw,H,0.21847252847716908,0.23926443664034291,0.5422630348824881
3825842,scratch_figs,raw,D,0.30358061251115404,0.2942404189884955,0.40217896850035045
3825875,scratch_figs,raw,D,0.21847252847716908,0.23926443664034291,0.5422630348824881
3825884,scratch_figs,raw,H,0.21847252847716908,0.23926443664034291,0.5422630348824881
3825899,scratch_figs,raw,D,0.30358061251115404,0.2942404189884955,0.40217896850035045
3825868,scratch_figs,raw,H,0.21847252847716908,0.23926443664034291,0.5422630348824881
3825854,scratch_figs,raw,H,0.23247351899244842,0.40293542836791446,0.36459105263963704
266986,scratch_figs,raw,A,0.42383696898408957,0.29462769562027374,0.28153533539563663
3825859,scratch_figs,raw,H,0.21847252847716908,0.23926443664034291,0.5422630348824881
3825864,scratch_figs,raw,A,0.42383696898408957,0.29462769562027374,0.28153533539563663
3825878,scratch_figs,raw,H,0.21847252847716908,0.23926443664034291,0.5422630348824881
3825845,scratch_figs,raw,H,0.25330987082727596,0.25330987082727596,0.49338025834544813
3825870,scratch_figs,raw,H,0.32583896462353795,0.4044869613515904,0.2696740740248716
3825873,scratch_figs,raw,A,0.32583896462353795,0.4044869613515904,0.2696740740248716
3825894,scratch_figs,raw,A,0.32583896462353795,0.4044869613515904,0.2696740740248716
3825855,scratch_figs,raw,H,0.32583896462353795,0.4044869613515904,0.2696740740248716
265958,scratch_figs,raw,H,0.21847252847716908,0.23926443664034291,0.5422630348824881
3825850,scratch_figs,raw,H,0.21847252847716908,0.23926443664034291,0.5422630348824881
3825851,scratch_figs,raw,A,0.30358061251115404,0.2942404189884955,0.40217896850035045
3825853,scratch_figs,raw,A,0.5761168847658291,0.21194155761708544,0.21194155761708544
3825860,scratch_figs,raw,H,0.42383696898408957,0.29462769562027374,0.28153533539563663
3825861,scratch_figs,raw,H,0.32583896462353795,0.4044869613515904,0.2696740740248716
3825865,scratch_figs,raw,D,0.32583896462353795,0.4044869613515904,0.2696740740248716
3825866,scratch_figs,raw,D,0.30358061251115404,0.2942404189884955,0.40217896850035045
3825901,scratch_figs,raw,H,0.21847252847716908,0.23926443664034291,0.5422630348824881
3825904,scratch_figs,raw,D,0.25330987082727596,0.25330987082727596,0.49338025834544813
3825849,scratch_figs,raw,A,0.32583896462353795,0.4044869613515904,0.2696740740248716
267506,scratch_figs,raw,A,0.42383696898408957,0.29462769562027374,0.28153533539563663
3825846,scratch_figs,raw,A,0.42383696898408957,0.29462769562027374,0.28153533539563663
3825869,scratch_figs,raw,H,0.21847252847716908,0.23926443664034291,0.5422630348824881
3825882,scratch_figs,raw,H,0.32583896462353795,0.4044869613515904,0.2696740740248716
3825876,scratch_figs,raw,H,0.32583896462353795,0.4044869613515904,0.2696740740248716
3825883,scratch_figs,raw,H,0.25330987082727596,0.25330987082727596,0.49338025834544813
3825900,scratch_figs,raw,H,0.23247351899244842,0.40293542836791446,0.36459105263963704
3825902,scratch_figs,raw,H,0.23247351899244842,0.40293542836791446,0.36459105263963704
3825908,scratch_figs,raw,H,0.32583896462353795,0.4044869613515904,0.2696740740248716
267533,scratch_figs,platt,A,0.36461351861170416,0.16115615659190355,0.4742303247963924
3825822,scratch_figs,platt,H,0.38045180106852666,0.23520690044251003,0.38434129848896337
3825872,scratch_figs,platt,H,0.36461351861170416,0.16115615659190355,0.4742303247963924
3825898,scratch_figs,platt,D,0.3124218578355136,0.3108213198740103,0.3767568222904762
3825823,scratch_figs,platt,A,0.36461351861170416,0.16115615659190355,0.4742303247963924
3825824,scratch_figs,platt,A,0.3826156542624548,0.1868497207915216,0.4305346249460236
3825877,scratch_figs,platt,D,0.36461351861170416,0.16115615659190355,0.4742303247963924
3825905,scratch_figs,platt,D,0.3124218578355136,0.3108213198740103,0.3767568222904762
3825825,scratch_figs,platt,D,0.38045180106852666,0.23520690044251003,0.38434129848896337
3825826,scratch_figs,platt,D,0.38045180106852666,0.23520690044251003,0.38434129848896337
266664,scratch_figs,platt,H,0.42535792541687384,0.31217221460798694,0.26246985997513916
3825827,scratch_figs,platt,H,0.3124218578355136,0.3108213198740103,0.3767568222904762
3825828,scratch_figs,platt,A,0.42535792541687384,0.31217221460798694,0.26246985997513916
3825856,scratch_figs,platt,H,0.36461351861170416,0.16115615659190355,0.4742303247963924
3825829,scratch_figs,platt,H,0.36461351861170416,0.16115615659190355,0.4742303247963924
3825830,scratch_figs,platt,H,0.36461351861170416,0.16115615659190355,0.4742303247963924
3825831,scratch_figs,platt,H,0.3124218578355136,0.3108213198740103,0.3767568222904762
3825832,scratch_figs,platt,A,0.3826156542624548,0.1868497207915216,0.4305346249460236
3825863,scratch_figs,platt,A,0.3826156542624548,0.1868497207915216,0.4305346249460236
3825857,scratch_figs,platt,H,0.38045180106852666,0.23520690044251003,0.38434129848896337
3825833,scratch_figs,platt,A,0.42535792541687384,0.31217221460798694,0.26246985997513916
3825852,scratch_figs,platt,D,0.38045180106852666,0.23520690044251003,0.38434129848896337
3825889,scratch_figs,platt,D,0.36461351861170416,0.16115615659190355,0.4742303247963924
3825897,scratch_figs,platt,H,0.3124218578355136,0.3108213198740103,0.3767568222904762
266557,scratch_figs,platt,A,0.36461351861170416,0.16115615659190355,0.4742303247963924
3825834,scratch_figs,platt,H,0.36461351861170416,0.16115615659190355,0.4742303247963924
3825835,scratch_figs,platt,A,0.3124218578355136,0.3108213198740103,0.3767568222904762
3825836,scratch_figs,platt,H,0.42535792541687384,0.31217221460798694,0.26246985997513916
3825906,scratch_figs,platt,D,0.36461351861170416,0.16115615659190355,0.4742303247963924
3825837,scratch_figs,platt,H,0.3826156542624548,0.1868497207915216,0.4305346249460236
3825862,scratch_figs,platt,D,0.3826156542624548,0.1868497207915216,0.4305346249460236
266310,scratch_figs,platt,A,0.42535792541687384,0.31217221460798694,0.26246985997513916
3825838,scratch_figs,platt,A,0.42535792541687384,0.31217221460798694,0.26246985997513916
3825839,scratch_figs,platt,H,0.3124218578355136,0.3108213198740103,0.3767568222904762
3825840,scratch_figs,platt,H,0.2621603493282539,0.22464766414035633,0.5131919865313898
3825843,scratch_figs,platt,D,0.3124218578355136,0.3108213198740103,0.3767568222904762
3825893,scratch_figs,platt,H,0.36461351861170416,0.16115615659190355,0.4742303247963924
3825841,scratch_figs,platt,A,0.2621603493282539,0.22464766414035633,0.5131919865313898
3825896,scratch_figs,platt,H,0.38045180106852666,0.23520690044251003,0.38434129848896337
3825871,scratch_figs,platt,H,0.38045180106852666,0.23520690044251003,0.38434129848896337
265944,scratch_figs,platt,H,0.36461351861170416,0.16115615659190355,0.4742303247963924
3825847,scratch_figs,platt,D,0.3826156542624548,0.1868497207915216,0.4305346249460236
3825886,scratch_figs,platt,A,0.42535792541687384,0.31217221460798694,0.26246985997513916
3825890,scratch_figs,platt,H,0.36461351861170416,0.16115615659190355,0.4742303247963924
3825842,scratch_figs,platt,D,0.38045180106852666,0.23520690044251003,0.38434129848896337
3825875,scratch_figs,platt,D,0.36461351861170416,0.16115615659190355,0.4742303247963924
3825884,scratch_figs,platt,H,0.36461351861170416,0.16115615659190355,0.4742303247963924
3825899,scratch_figs,platt,D,0.38045180106852666,0.23520690044251003,0.38434129848896337
3825868,scratch_figs,platt,H,0.36461351861170416,0.16115615659190355,0.4742303247963924
3825854,scratch_figs,platt,H,0.2621603493282539,0.22464766414035633,0.5131919865313898
266986,scratch_figs,platt,A,0.42535792541687384,0.31217221460798694,0.26246985997513916
3825859,scratch_figs,platt,H,0.36461351861170416,0.16115615659190355,0.4742303247963924
3825864,scratch_figs,platt,A,0.42535792541687384,0.31217221460798694,0.26246985997513916
3825878,scratch_figs,platt,H,0.36461351861170416,0.16115615659190355,0.4742303247963924
3825845,scratch_figs,platt,H,0.3826156542624548,0.1868497207915216,0.4305346249460236
3825870,scratch_figs,platt,H,0.3124218578355136,0.3108213198740103,0.3767568222904762
3825873,scratch_figs,platt,A,0.3124218578355136,0.3108213198740103,0.3767568222904762
3825894,scratch_figs,platt,A,0.3124218578355136,0.3108213198740103,0.3767568222904762
3825855,scratch_figs,platt,H,0.3124218578355136,0.3108213198740103,0.3767568222904762
265958,scratch_figs,platt,H,0.36461351861170416,0.16115615659190355,0.4742303247963924
3825850,scratch_figs,platt,H,0.36461351861170416,0.16115615659190355,0.4742303247963924
3825851,scratch_figs,platt,A,0.38045180106852666,0.23520690044251003,0.38434129848896337
3825853,scratch_figs,platt,A,0.5272056645989219,0.3271391612019907,0.14565517419908733
3825860,scratch_figs,platt,H,0.42535792541687384,0.31217221460798694,0.26246985997513916
3825861,scratch_figs,platt,H,0.3124218578355136,0.3108213198740103,0.3767568222904762
3825865,scratch_figs,platt,D,0.3124218578355136,0.3108213198740103,0.3767568222904762
3825866,scratch_figs,platt,D,0.38045180106852666,0.23520690044251003,0.38434129848896337
3825901,scratch_figs,platt,H,0.36461351861170416,0.16115615659190355,0.4742303247963924
3825904,scratch_figs,platt,D,0.3826156542624548,0.1868497207915216,0.4305346249460236
3825849,scratch_figs,platt,A,0.3124218578355136,0.3108213198740103,0.3767568222904762
267506,scratch_figs,platt,A,0.42535792541687384,0.31217221460798694,0.26246985997513916
3825846,scratch_figs,platt,A,0.42535792541687384,0.31217221460798694,0.26246985997513916
3825869,scratch_figs,platt,H,0.36461351861170416,0.16115615659190355,0.4742303247963924
3825882,scratch_figs,platt,H,0.3124218578355136,0.3108213198740103,0.3767568222904762
3825876,scratch_figs,platt,H,0.3124218578355136,0.3108213198740103,0.3767568222904762
3825883,scratch_figs,platt,H,0.3826156542624548,0.1868497207915216,0.4305346249460236
3825900,scratch_figs,platt,H,0.2621603493282539,0.22464766414035633,0.5131919865313898
3825902,scratch_figs,platt,H,0.2621603493282539,0.22464766414035633,0.5131919865313898
3825908,scratch_figs,platt,H,0.3124218578355136,0.3108213198740103,0.3767568222904762
267533,scratch_figs,isotonic,A,0.2981651376146789,0.0779816513761468,0.6238532110091743
3825822,scratch_figs,isotonic,H,0.2887029288702929,0.32719665271966525,0.3841004184100419
3825872,scratch_figs,isotonic,H,0.2981651376146789,0.0779816513761468,0.6238532110091743
3825898,scratch_figs,isotonic,D,0.31451612903225806,0.3564516129032258,0.32903225806451614
3825823,scratch_figs,isotonic,A,0.2981651376146789,0.0779816513761468,0.6238532110091743
3825824,scratch_figs,isotonic,A,0.3744708563985672,0.12732009117551285,0.49820905242591984
3825877,scratch_figs,isotonic,D,0.2981651376146789,0.0779816513761468,0.6238532110091743
3825905,scratch_figs,isotonic,D,0.31451612903225806,0.3564516129032258,0.32903225806451614
3825825,scratch_figs,isotonic,D,0.2887029288702929,0.32719665271966525,0.3841004184100419
3825826,scratch_figs,isotonic,D,0.2887029288702929,0.32719665271966525,0.3841004184100419
266664,scratch_figs,isotonic,H,0.4981751824817518,0.26094890510948904,0.24087591240875914
3825827,scratch_figs,isotonic,H,0.31451612903225806,0.3564516129032258,0.32903225806451614
3825828,scratch_figs,isotonic,A,0.4981751824817518,0.26094890510948904,0.24087591240875914
3825856,scratch_figs,isotonic,H,0.2981651376146789,0.0779816513761468,0.6238532110091743
3825829,scratch_figs,isotonic,H,0.2981651376146789,0.0779816513761468,0.6238532110091743
3825830,scratch_figs,isotonic,H,0.2981651376146789,0.0779816513761468,0.6238532110091743
3825831,scratch_figs,isotonic,H,0.31451612903225806,0.3564516129032258,0.32903225806451614
3825832,scratch_figs,isotonic,A,0.3744708563985672,0.12732009117551285,0.49820905242591984
3825863,scratch_figs,isotonic,A,0.3744708563985672,0.12732009117551285,0.49820905242591984
3825857,scratch_figs,isotonic,H,0.2887029288702929,0.32719665271966525,0.3841004184100419
3825833,scratch_figs,isotonic,A,0.4981751824817518,0.26094890510948904,0.24087591240875914
3825852,scratch_figs,isotonic,D,0.2887029288702929,0.32719665271966525,0.3841004184100419
3825889,scratch_figs,isotonic,D,0.2981651376146789,0.0779816513761468,0.6238532110091743
3825897,scratch_figs,isotonic,H,0.31451612903225806,0.3564516129032258,0.32903225806451614
266557,scratch_figs,isotonic,A,0.2981651376146789,0.0779816513761468,0.6238532110091743
3825834,scratch_figs,isotonic,H,0.2981651376146789,0.0779816513761468,0.6238532110091743
3825835,scratch_figs,isotonic,A,0.31451612903225806,0.3564516129032258,0.32903225806451614
3825836,scratch_figs,isotonic,H,0.4981751824817518,0.26094890510948904,0.24087591240875914
3825906,scratch_figs,isotonic,D,0.2981651376146789,0.0779816513761468,0.6238532110091743
3825837,scratch_figs,isotonic,H,0.3744708563985672,0.12732009117551285,0.49820905242591984
3825862,scratch_figs,isotonic,D,0.3744708563985672,0.12732009117551285,0.49820905242591984
266310,scratch_figs,isotonic,A,0.4981751824817518,0.26094890510948904,0.24087591240875914
3825838,scratch_figs,isotonic,A,0.4981751824817518,0.26094890510948904,0.24087591240875914
3825839,scratch_figs,isotonic,H,0.31451612903225806,0.3564516129032258,0.32903225806451614
3825840,scratch_figs,isotonic,H,0.2887029288702929,0.32719665271966525,0.3841004184100419
3825843,scratch_figs,isotonic,D,0.31451612903225806,0.3564516129032258,0.32903225806451614
3825893,scratch_figs,isotonic,H,0.2981651376146789,0.0779816513761468,0.6238532110091743
3825841,scratch_figs,isotonic,A,0.2887029288702929,0.32719665271966525,0.3841004184100419
3825896,scratch_figs,isotonic,H,0.2887029288702929,0.32719665271966525,0.3841004184100419
3825871,scratch_figs,isotonic,H,0.2887029288702929,0.32719665271966525,0.3841004184100419
265944,scratch_figs,isotonic,H,0.2981651376146789,0.0779816513761468,0.6238532110091743
3825847,scratch_figs,isotonic,D,0.3744708563985672,0.12732009117551285,0.49820905242591984
3825886,scratch_figs,isotonic,A,0.4981751824817518,0.26094890510948904,0.24087591240875914
3825890,scratch_figs,isotonic,H,0.2981651376146789,0.0779816513761468,0.6238532110091743
3825842,scratch_figs,isotonic,D,0.2887029288702929,0.32719665271966525,0.3841004184100419
3825875,scratch_figs,isotonic,D,0.2981651376146789,0.0779816513761468,0.6238532110091743
3825884,scratch_figs,isotonic,H,0.2981651376146789,0.0779816513761468,0.6238532110091743
3825899,scratch_figs,isotonic,D,0.2887029288702929,0.32719665271966525,0.3841004184100419
3825868,scratch_figs,isotonic,H,0.2981651376146789,0.0779816513761468,0.6238532110091743
3825854,scratch_figs,isotonic,H,0.2887029288702929,0.32719665271966525,0.3841004184100419
266986,scratch_figs,isotonic,A,0.4981751824817518,0.26094890510948904,0.24087591240875914
3825859,scratch_figs,isotonic,H,0.2981651376146789,0.0779816513761468,0.6238532110091743
3825864,scratch_figs,isotonic,A,0.4981751824817518,0.26094890510948904,0.24087591240875914
3825878,scratch_figs,isotonic,H,0.2981651376146789,0.0779816513761468,0.6238532110091743
3825845,scratch_figs,isotonic,H,0.3744708563985672,0.12732009117551285,0.49820905242591984
3825870,scratch_figs,isotonic,H,0.31451612903225806,0.3564516129032258,0.32903225806451614
3825873,scratch_figs,isotonic,A,0.31451612903225806,0.3564516129032258,0.32903225806451614
3825894,scratch_figs,isotonic,A,0.31451612903225806,0.3564516129032258,0.32903225806451614
3825855,scratch_figs,isotonic,H,0.31451612903225806,0.3564516129032258,0.32903225806451614
265958,scratch_figs,isotonic,H,0.2981651376146789,0.0779816513761468,0.6238532110091743
3825850,scratch_figs,isotonic,H,0.2981651376146789,0.0779816513761468,0.6238532110091743
3825851,scratch_figs,isotonic,A,0.2887029288702929,0.32719665271966525,0.3841004184100419
3825853,scratch_figs,isotonic,A,0.6232876712328766,0.07534246575342465,0.3013698630136986
3825860,scratch_figs,isotonic,H,0.4981751824817518,0.26094890510948904,0.24087591240875914
3825861,scratch_figs,isotonic,H,0.31451612903225806,0.3564516129032258,0.32903225806451614
3825865,scratch_figs,isotonic,D,0.31451612903225806,0.3564516129032258,0.32903225806451614
3825866,scratch_figs,isotonic,D,0.2887029288702929,0.32719665271966525,0.3841004184100419
3825901,scratch_figs,isotonic,H,0.2981651376146789,0.0779816513761468,0.6238532110091743
3825904,scratch_figs,isotonic,D,0.3744708563985672,0.12732009117551285,0.49820905242591984
3825849,scratch_figs,isotonic,A,0.31451612903225806,0.3564516129032258,0.32903225806451614
267506,scratch_figs,isotonic,A,0.4981751824817518,0.26094890510948904,0.24087591240875914
3825846,scratch_figs,isotonic,A,0.4981751824817518,0.26094890510948904,0.24087591240875914
3825869,scratch_figs,isotonic,H,0.2981651376146789,0.0779816513761468,0.6238532110091743
3825882,scratch_figs,isotonic,H,0.31451612903225806,0.3564516129032258,0.32903225806451614
3825876,scratch_figs,isotonic,H,0.31451612903225806,0.3564516129032258,0.32903225806451614
3825883,scratch_figs,isotonic,H,0.3744708563985672,0.12732009117551285,0.49820905242591984
3825900,scratch_figs,isotonic,H,0.2887029288702929,0.32719665271966525,0.3841004184100419
3825902,scratch_figs,isotonic,H,0.2887029288702929,0.32719665271966525,0.3841004184100419
3825908,scratch_figs,isotonic,H,0.31451612903225806,0.3564516129032258,0.32903225806451614
267533,svc_rbf,raw,A,0.26806885557205523,0.24938517059153262,0.4825459738364121
3825822,svc_rbf,raw,H,0.2616033561417981,0.23843712407267642,0.4999595197855256
3825872,svc_rbf,raw,H,0.247823592738687,0.23084720044543386,0.5213292068158791
3825898,svc_rbf,raw,D,0.26144441042991795,0.25327749987309306,0.48527808969698893
3825823,svc_rbf,raw,A,0.2500911395933982,0.2348762277172593,0.5150326326893425
3825824,svc_rbf,raw,A,0.23706328340582863,0.23722090495675788,0.5257158116374134
3825877,svc_rbf,raw,D,0.2357598740341522,0.22236292784103287,0.5418771981248149
3825905,svc_rbf,raw,D,0.24740755196763953,0.22728545230455424,0.5253069957278063
3825825,svc_rbf,raw,D,0.25726659089764475,0.23675722665943047,0.5059761824429247
3825826,svc_rbf,raw,D,0.25246830744803933,0.23279902401373806,0.5147326685382226
266664,svc_rbf,raw,H,0.32221950388313925,0.3436041770751635,0.33417631904169726
3825827,svc_rbf,raw,H,0.22984936776919496,0.2395876020157164,0.5305630302150887
3825828,svc_rbf,raw,A,0.28117417494123426,0.2689933607189174,0.44983246433984836
3825856,svc_rbf,raw,H,0.22503325053388712,0.21141792663438758,0.5635488228317254
3825829,svc_rbf,raw,H,0.22505129681698266,0.2325990456574746,0.5423496575255429
3825830,svc_rbf,raw,H,0.24200215511414194,0.2282619095347858,0.5297359353510722
3825831,svc_rbf,raw,H,0.26467569927407586,0.27137450084389536,0.46394979988202883
3825832,svc_rbf,raw,A,0.2669729113251008,0.25368786763383366,0.4793392210410656
3825863,svc_rbf,raw,A,0.2555216650703432,0.2501925021581025,0.4942858327715544
3825857,svc_rbf,raw,H,0.22795930144771723,0.2264788152897424,0.5455618832625405
3825833,svc_rbf,raw,A,0.32051321816038697,0.3314257116659606,0.3480610701736524
3825852,svc_rbf,raw,D,0.21272977939766988,0.21104501630974692,0.5762252042925832
3825889,svc_rbf,raw,D,0.2417465934289819,0.23247332044198696,0.5257800861290312
3825897,svc_rbf,raw,H,0.2461614251008234,0.2475144514684168,0.5063241234307598
266557,svc_rbf,raw,A,0.21278793477785932,0.20595586518062173,0.581256200041519
3825834,svc_rbf,raw,H,0.2172267926351527,0.2079490458762383,0.5748241614886089
3825835,svc_rbf,raw,A,0.25557524579116775,0.24804216242149532,0.4963825917873369
3825836,svc_rbf,raw,H,0.23932806768031675,0.23421042993250954,0.5264615023871738
3825906,svc_rbf,raw,D,0.25000673850456623,0.23216408207853795,0.5178291794168958
3825837,svc_rbf,raw,H,0.25971635125492964,0.26511401310767047,0.47516963563739995
3825862,svc_rbf,raw,D,0.24418157445455868,0.23162506689833046,0.5241933586471109
266310,svc_rbf,raw,A,0.2988708811094323,0.3053880888204038,0.39574103007016387
3825838,svc_rbf,raw,A,0.28030987426982484,0.27520744258227037,0.4444826831479048
3825839,svc_rbf,raw,H,0.24251600845267052,0.25385963570169406,0.5036243558456354
3825840,svc_rbf,raw,H,0.23488252871522872,0.22617150969989722,0.5389459615848742
3825843,svc_rbf,raw,D,0.20733853255462883,0.22168998762167197,0.5709714798236992
3825893,svc_rbf,raw,H,0.227483314993775,0.2123942222284997,0.5601224627777254
3825841,svc_rbf,raw,A,0.2447621838988588,0.23513633162484818,0.5201014844762931
3825896,svc_rbf,raw,H,0.24293722906032472,0.22118722492642182,0.5358755460132536
3825871,svc_rbf,raw,H,0.228404591040383,0.23371487540707692,0.5378805335525402
265944,svc_rbf,raw,H,0.21392872506907135,0.2082409886472716,0.5778302862836571
3825847,svc_rbf,raw,D,0.25416759928606986,0.25462283377766937,0.4912095669362607
3825886,svc_rbf,raw,A,0.32137222889210754,0.3421702280590682,0.33645754304882425
3825890,svc_rbf,raw,H,0.23581819092180192,0.22214778351550804,0.5420340255626901
3825842,svc_rbf,raw,D,0.2492496969985727,0.23732592835800723,0.5134243746434201
3825875,svc_rbf,raw,D,0.2415503654020209,0.2365262537427529,0.5219233808552262
3825884,svc_rbf,raw,H,0.23012509073733922,0.21653892022291504,0.5533359890397457
3825899,svc_rbf,raw,D,0.24869712251081855,0.24596117054352137,0.5053417069456599
3825868,svc_rbf,raw,H,0.21154469087547026,0.221226739148213,0.5672285699763168
3825854,svc_rbf,raw,H,0.2547286550231418,0.23487643706404823,0.5103949079128101
266986,svc_rbf,raw,A,0.31886301404335,0.3430907658477148,0.33804622010893515
3825859,svc_rbf,raw,H,0.23326596099100075,0.2189002763092342,0.5478337626997651
3825864,svc_rbf,raw,A,0.3327311445227928,0.3465967854998921,0.3206720699773151
3825878,svc_rbf,raw,H,0.23720266538139112,0.24751767342220912,0.5152796611963998
3825845,svc_rbf,raw,H,0.25377646668323817,0.2673244348573243,0.4788990984594375
3825870,svc_rbf,raw,H,0.2455686748464235,0.24134905429074718,0.5130822708628292
3825873,svc_rbf,raw,A,0.2509275117414414,0.2471464603136893,0.5019260279448694
3825894,svc_rbf,raw,A,0.23317388543794265,0.22760171340612892,0.5392244011559285
3825855,svc_rbf,raw,H,0.21213853049595466,0.20701605676547127,0.5808454127385742
265958,svc_rbf,raw,H,0.23435505517367078,0.22588251056784578,0.5397624342584835
3825850,svc_rbf,raw,H,0.24474494802477312,0.23330425277101335,0.5219507992042136
3825851,svc_rbf,raw,A,0.26634224466717604,0.2498746999210345,0.4837830554117895
3825853,svc_rbf,raw,A,0.2177536297755582,0.2150836297942375,0.5671627404302044
3825860,svc_rbf,raw,H,0.2698332738151295,0.26259073658004917,0.46757598960482116
3825861,svc_rbf,raw,H,0.2518778761222344,0.2612652033282365,0.486856920549529
3825865,svc_rbf,raw,D,0.25271930908947976,0.23914282071412246,0.5081378701963978
3825866,svc_rbf,raw,D,0.279924030751518,0.2650097828723554,0.45506618637612667
3825901,svc_rbf,raw,H,0.23265754161461033,0.21390350235056543,0.5534389560348242
3825904,svc_rbf,raw,D,0.2545814427228717,0.2498547492573159,0.49556380801981226
3825849,svc_rbf,raw,A,0.2507440506469955,0.24734733014727067,0.5019086192057338
267506,svc_rbf,raw,A,0.3140625352071411,0.3245548092362334,0.3613826555566253
3825846,svc_rbf,raw,A,0.2977668714675661,0.30760644940394377,0.3946266791284901
3825869,svc_rbf,raw,H,0.2264530447534494,0.24080721960246038,0.5327397356440902
3825882,svc_rbf,raw,H,0.26216718459814464,0.25471063187652504,0.4831221835253304
3825876,svc_rbf,raw,H,0.2572470892272946,0.24367837003888743,0.499074540733818
3825883,svc_rbf,raw,H,0.22759116046846492,0.23643715901499393,0.5359716805165411
3825900,svc_rbf,raw,H,0.2521950293257816,0.24498067924522346,0.502824291428995
3825902,svc_rbf,raw,H,0.2222098269093641,0.2251847120791,0.552605461011536
3825908,svc_rbf,raw,H,0.252643689069502,0.2401935754181869,0.507162735512311
267533,svc_rbf,platt,A,0.37253625487003544,0.25010289286887,0.3773608522610945
3825822,svc_rbf,platt,H,0.35050534611954026,0.24306995235014656,0.4064247015303132
3825872,svc_rbf,platt,H,0.3251036268687129,0.23557929931983826,0.43931707381144885
3825898,svc_rbf,platt,D,0.3705295425172756,0.25095718431033825,0.3785132731723862
3825823,svc_rbf,platt,A,0.3331198837450631,0.23856087664757528,0.4283192396073617
3825824,svc_rbf,platt,A,0.3220965950782144,0.2369336147715501,0.44096979015023546
3825877,svc_rbf,platt,D,0.3003956182014295,0.22702227051112364,0.4725821112874469
3825905,svc_rbf,platt,D,0.31970883393428406,0.23324159445996392,0.44704957160575204
3825825,svc_rbf,platt,D,0.3434893457280356,0.24122626601959096,0.4152843882523735
3825826,svc_rbf,platt,D,0.33282100331318903,0.2378439818674513,0.4293350148193597
266664,svc_rbf,platt,H,0.5455099005843317,0.27653280034651306,0.17795729906915525
3825827,svc_rbf,platt,H,0.3173012540266224,0.2365984622505932,0.4461002837227844
3825828,svc_rbf,platt,A,0.412952478562918,0.2607323175388287,0.32631520389825336
3825856,svc_rbf,platt,H,0.27390270251508847,0.21621726524909166,0.5098800322358199
3825829,svc_rbf,platt,H,0.30269032123117556,0.23089712178892913,0.46641255697989537
3825830,svc_rbf,platt,H,0.31525022133236585,0.23253257404688596,0.45221720462074827
3825831,svc_rbf,platt,H,0.39785010178356967,0.25984544074345384,0.3423044574729766
3825832,svc_rbf,platt,A,0.37714719683155784,0.252068119786015,0.3707846833824272
3825863,svc_rbf,platt,A,0.35987671571228047,0.2483140517259854,0.39180923256173417
3825857,svc_rbf,platt,H,0.2976311898564481,0.22765187795460778,0.4747169321889442
3825833,svc_rbf,platt,A,0.5304610160969631,0.27583352619434665,0.19370545770869044
3825852,svc_rbf,platt,D,0.260469798593874,0.21205681793622624,0.5274733834698998
3825889,svc_rbf,platt,D,0.3207631585685596,0.23513498576499978,0.44410185566644067
3825897,svc_rbf,platt,H,0.34595321382786803,0.2450173405842461,0.4090294455878859
266557,svc_rbf,platt,A,0.25365604979558315,0.20820983021882578,0.538134119985591
3825834,svc_rbf,platt,H,0.26098184892008697,0.21118341805125793,0.5278347330286551
3825835,svc_rbf,platt,A,0.3570461997703996,0.2471800168749537,0.3957737833546468
3825836,svc_rbf,platt,H,0.32050013603817956,0.23562686556522094,0.44387299839659955
3825906,svc_rbf,platt,D,0.3292835757782214,0.23689889123947838,0.4338175329823002
3825837,svc_rbf,platt,H,0.38423321934481414,0.25638993489960304,0.3593768457555829
3825862,svc_rbf,platt,D,0.3222400899276308,0.23519527709865262,0.4425646329737167
266310,svc_rbf,platt,A,0.47758150539681843,0.2729087977270217,0.24950969687615993
3825838,svc_rbf,platt,A,0.42004187408486865,0.2630648119213491,0.31689331399378223
3825839,svc_rbf,platt,H,0.3502988299429909,0.24774572333575284,0.4019554467212563
3825840,svc_rbf,platt,H,0.30469682768644824,0.2293318506454222,0.46597132166812966
3825843,svc_rbf,platt,D,0.2688582516681939,0.2181149886864936,0.5130267596453125
3825893,svc_rbf,platt,H,0.277822721333869,0.21767034609640584,0.5045069325697251
3825841,svc_rbf,platt,A,0.32768628549615403,0.23749675151707872,0.43481696298676736
3825896,svc_rbf,platt,H,0.3064128399232635,0.22813778344827654,0.4654493766284599
3825871,svc_rbf,platt,H,0.3078687946559532,0.23252450842885417,0.4596066969151927
265944,svc_rbf,platt,H,0.25793958095645386,0.21033270560181552,0.5317277134417306
3825847,svc_rbf,platt,D,0.36428680765245675,0.2503723034404634,0.38534088890707985
3825886,svc_rbf,platt,A,0.5430886422948634,0.2765628829591924,0.18034847474594415
3825890,svc_rbf,platt,H,0.30016050733115973,0.2268927092604373,0.47294678340840296
3825842,svc_rbf,platt,D,0.3355686146465343,0.23983261623545846,0.42459876911800726
3825875,svc_rbf,platt,D,0.3260752642554937,0.237587241096626,0.43633749464788035
3825884,svc_rbf,platt,H,0.2863442922001079,0.221419279629974,0.4922364281699181
3825899,svc_rbf,platt,D,0.34667400929824227,0.24467723515991438,0.4086487555418434
3825868,svc_rbf,platt,H,0.27280745350938296,0.2191306694013317,0.5080618770892854
3825854,svc_rbf,platt,H,0.3381415499921881,0.23958497611833654,0.4222734738894753
266986,svc_rbf,platt,A,0.5414698731693558,0.2769443669904045,0.18158575984023975
3825859,svc_rbf,platt,H,0.2929448770164533,0.22396631131197461,0.48308881167157225
3825864,svc_rbf,platt,A,0.5595274731046365,0.2751089503824433,0.16536357651292022
3825878,svc_rbf,platt,H,0.33599956567055156,0.2430802883425078,0.4209201459869407
3825845,svc_rbf,platt,H,0.38045727295989235,0.2565181463716203,0.3630245806684875
3825870,svc_rbf,platt,H,0.33701473521671343,0.2413791299075712,0.42160613487571535
3825873,svc_rbf,platt,A,0.3507253960266017,0.24578684781395962,0.4034877561594386
3825894,svc_rbf,platt,A,0.304806607477355,0.2298199722356317,0.4653734202870134
3825855,svc_rbf,platt,H,0.25441587266805205,0.2088077301762095,0.5367763971557384
265958,svc_rbf,platt,H,0.30373183108756,0.22899961406903474,0.46726855484340524
3825850,svc_rbf,platt,H,0.3251580767754368,0.23637086236686003,0.43847106085770315
3825851,svc_rbf,platt,A,0.37131653629391337,0.25006281813679165,0.3786206455692949
3825853,svc_rbf,platt,A,0.2712344496396122,0.21665149331004982,0.512114057050338
3825860,svc_rbf,platt,H,0.3921259317917455,0.25667139963410296,0.35120266857415156
3825861,svc_rbf,platt,H,0.3704729493010644,0.25331019345333644,0.37621685724559917
3825865,svc_rbf,platt,D,0.3418347621482848,0.2416480814215701,0.4165171564301451
3825866,svc_rbf,platt,D,0.40636959780803766,0.258969960594444,0.33466044159751845
3825901,svc_rbf,platt,H,0.2853563593755414,0.22027832550672666,0.494365315117732
3825904,svc_rbf,platt,D,0.3583876915076894,0.2479592617418208,0.3936530467504898
3825849,svc_rbf,platt,A,0.35079290483763764,0.24586035699614467,0.40334673816621774
267506,svc_rbf,platt,A,0.5160103979667768,0.27565299474667515,0.20833660728654815
3825846,svc_rbf,platt,A,0.4790218254588522,0.27342110791690966,0.24755706662423807
3825869,svc_rbf,platt,H,0.31513974026196623,0.23648475210750172,0.44837550763053197
3825882,svc_rbf,platt,H,0.37323989631428217,0.2517945646747057,0.3749655390110122
3825876,svc_rbf,platt,H,0.35296725314342164,0.2451312469602313,0.401901499896347
3825883,svc_rbf,platt,H,0.3106090265356841,0.23404566027257118,0.45534531319174465
3825900,svc_rbf,platt,H,0.3492017771119162,0.244846162113545,0.4059520607745389
3825902,svc_rbf,platt,H,0.28964984584748127,0.2251387849308107,0.485211369221708
3825908,svc_rbf,platt,H,0.34318914603677786,0.24223701255041963,0.41457384141280246
267533,svc_rbf,isotonic,A,0.5017476631982403,0.24737850520263957,0.25087383159912013
3825822,svc_rbf,isotonic,H,0.3252032520325203,0.28455284552845533,0.39024390243902446
3825872,svc_rbf,isotonic,H,0.29835902536051717,0.2958727001491795,0.40576827449030334
3825898,svc_rbf,isotonic,D,0.3571428571428571,0.3214285714285714,0.3214285714285714
3825823,svc_rbf,isotonic,A,0.29835902536051717,0.2958727001491795,0.40576827449030334
3825824,svc_rbf,isotonic,A,0.22429906542056074,0.32710280373831774,0.4485981308411215
3825877,svc_rbf,isotonic,D,0.2857142857138775,1.4285714285693876e-12,0.7142857142846938
3825905,svc_rbf,isotonic,D,0.29835902536051717,0.2958727001491795,0.40576827449030334
3825825,svc_rbf,isotonic,D,0.32074523956182327,0.2864327303052553,0.39282203013292155
3825826,svc_rbf,isotonic,D,0.29835902536051717,0.2958727001491795,0.40576827449030334
266664,svc_rbf,isotonic,H,0.6086956521734367,0.3913043478257807,7.826086956515614e-13
3825827,svc_rbf,isotonic,H,0.20168067226890757,0.29411764705882354,0.5042016806722689
3825828,svc_rbf,isotonic,A,0.5,0.25,0.25
3825856,svc_rbf,isotonic,H,0.21052631578925207,1.0526315789462602e-12,0.7894736842096952
3825829,svc_rbf,isotonic,H,0.20168067226890757,0.29411764705882354,0.5042016806722689
3825830,svc_rbf,isotonic,H,0.27088036117381487,0.2686230248306998,0.46049661399548525
3825831,svc_rbf,isotonic,H,0.3571428571428571,0.3214285714285714,0.3214285714285714
3825832,svc_rbf,isotonic,A,0.47591618498795263,0.26204190750602363,0.26204190750602363
3825863,svc_rbf,isotonic,A,0.29927544890694724,0.30321605361999293,0.3975084974730599
3825857,svc_rbf,isotonic,H,0.20168067226890757,0.29411764705882354,0.5042016806722689
3825833,svc_rbf,isotonic,A,0.7198842451291055,0.28011575486996887,9.255654580231356e-13
3825852,svc_rbf,isotonic,D,0.21052631578925207,1.0526315789462602e-12,0.7894736842096952
3825889,svc_rbf,isotonic,D,0.29835902536051717,0.2958727001491795,0.40576827449030334
3825897,svc_rbf,isotonic,H,0.29835902536051717,0.2958727001491795,0.40576827449030334
266557,svc_rbf,isotonic,A,0.21052631578925207,1.0526315789462602e-12,0.7894736842096952
3825834,svc_rbf,isotonic,H,0.21052631578925207,1.0526315789462602e-12,0.7894736842096952
3825835,svc_rbf,isotonic,A,0.29819461222650034,0.2962607151454592,0.4055446726280405
3825836,svc_rbf,isotonic,H,0.21921010038124758,0.3196813963893194,0.46110850322943303
3825906,svc_rbf,isotonic,D,0.29835902536051717,0.2958727001491795,0.40576827449030334
3825837,svc_rbf,isotonic,H,0.3571428571428571,0.3214285714285714,0.3214285714285714
3825862,svc_rbf,isotonic,D,0.29835902536051717,0.2958727001491795,0.40576827449030334
266310,svc_rbf,isotonic,A,0.7216494845354129,0.27835051546365924,9.278350515455308e-13
3825838,svc_rbf,isotonic,A,0.5,0.25,0.25
3825839,svc_rbf,isotonic,H,0.2958579881656805,0.30177514792899407,0.40236686390532544
3825840,svc_rbf,isotonic,H,0.20168067226890757,0.29411764705882354,0.5042016806722689
3825843,svc_rbf,isotonic,D,0.21052631578925207,1.0526315789462602e-12,0.7894736842096952
3825893,svc_rbf,isotonic,H,0.21052631578925207,1.0526315789462602e-12,0.7894736842096952
3825841,svc_rbf,isotonic,A,0.29835902536051717,0.2958727001491795,0.40576827449030334
3825896,svc_rbf,isotonic,H,0.370370370369904,1.2592592592576735e-12,0.6296296296288368
3825871,svc_rbf,isotonic,H,0.20168067226890757,0.29411764705882354,0.5042016806722689
265944,svc_rbf,isotonic,H,0.21052631578925207,1.0526315789462602e-12,0.7894736842096952
3825847,svc_rbf,isotonic,D,0.3199385483551233,0.32633731932222576,0.353724132322651
3825886,svc_rbf,isotonic,A,0.6086956521734367,0.3913043478257807,7.826086956515614e-13
3825890,svc_rbf,isotonic,H,0.2857142857138775,1.4285714285693876e-12,0.7142857142846938
3825842,svc_rbf,isotonic,D,0.29835902536051717,0.2958727001491795,0.40576827449030334
3825875,svc_rbf,isotonic,D,0.29835902536051717,0.2958727001491795,0.40576827449030334
3825884,svc_rbf,isotonic,H,0.2307692307689645,1.1538461538448225e-12,0.7692307692298817
3825899,svc_rbf,isotonic,D,0.29835902536051717,0.2958727001491795,0.40576827449030334
3825868,svc_rbf,isotonic,H,0.21052631578925207,1.0526315789462602e-12,0.7894736842096952
3825854,svc_rbf,isotonic,H,0.29835902536051717,0.2958727001491795,0.40576827449030334
266986,svc_rbf,isotonic,A,0.6086956521734367,0.3913043478257807,7.826086956515614e-13
3825859,svc_rbf,isotonic,H,0.2857142857138775,1.4285714285693876e-12,0.7142857142846938
3825864,svc_rbf,isotonic,A,0.6055339008203472,0.3944660991788742,7.785435867690178e-13
3825878,svc_rbf,isotonic,H,0.22429906542056074,0.32710280373831774,0.4485981308411215
3825845,svc_rbf,isotonic,H,0.32894736842105265,0.3355263157894737,0.3355263157894737
3825870,svc_rbf,isotonic,H,0.29835902536051717,0.2958727001491795,0.40576827449030334
3825873,svc_rbf,isotonic,A,0.29835902536051717,0.2958727001491795,0.40576827449030334
3825894,svc_rbf,isotonic,A,0.20168067226890757,0.29411764705882354,0.5042016806722689
3825855,svc_rbf,isotonic,H,0.21052631578925207,1.0526315789462602e-12,0.7894736842096952
265958,svc_rbf,isotonic,H,0.20168067226890757,0.29411764705882354,0.5042016806722689
3825850,svc_rbf,isotonic,H,0.29835902536051717,0.2958727001491795,0.40576827449030334
3825851,svc_rbf,isotonic,A,0.4406561458368674,0.27833059492646484,0.2810132592366678
3825853,svc_rbf,isotonic,A,0.21052631578925207,1.0526315789462602e-12,0.7894736842096952
3825860,svc_rbf,isotonic,H,0.5,0.25,0.25
3825861,svc_rbf,isotonic,H,0.32894736842105265,0.3355263157894737,0.3355263157894737
3825865,svc_rbf,isotonic,D,0.29835902536051717,0.2958727001491795,0.40576827449030334
3825866,svc_rbf,isotonic,D,0.5,0.25,0.25
3825901,svc_rbf,isotonic,H,0.2307692307689645,1.1538461538448225e-12,0.7692307692298817
3825904,svc_rbf,isotonic,D,0.2967288310793298,0.29971995865278167,0.40355121026788854
3825849,svc_rbf,isotonic,A,0.29835902536051717,0.2958727001491795,0.40576827449030334
267506,svc_rbf,isotonic,A,0.7216494845354129,0.27835051546365924,9.278350515455308e-13
3825846,svc_rbf,isotonic,A,0.7216494845354129,0.27835051546365924,9.278350515455308e-13
3825869,svc_rbf,isotonic,H,0.20168067226890757,0.29411764705882354,0.5042016806722689
3825882,svc_rbf,isotonic,H,0.3571428571428571,0.3214285714285714,0.3214285714285714
3825876,svc_rbf,isotonic,H,0.3204603762718085,0.2865528533793579,0.39298677034883367
3825883,svc_rbf,isotonic,H,0.20168067226890757,0.29411764705882354,0.5042016806722689
3825900,svc_rbf,isotonic,H,0.29835902536051717,0.2958727001491795,0.40576827449030334
3825902,svc_rbf,isotonic,H,0.17266187050359716,0.2517985611510792,0.5755395683453237
3825908,svc_rbf,isotonic,H,0.29835902536051717,0.2958727001491795,0.40576827449030334
267533,xgboost,raw,A,0.0549388540149969,0.09555945759026983,0.8495016883947333
3825822,xgboost,raw,H,0.23749242294545872,0.2458144983268305,0.5166930787277108
3825872,xgboost,raw,H,0.043155393529935325,0.1770819386001988,0.7797626678698659
3825898,xgboost,raw,D,0.1441623568534851,0.3169224262237549,0.53891521692276
3825823,xgboost,raw,A,0.039956605134292944,0.07564423599606405,0.884399158869643
3825824,xgboost,raw,A,0.1462054125399204,0.46272442434317507,0.39107016311690457
3825877,xgboost,raw,D,0.031864191743280895,0.11575656168616262,0.8523792465705565
3825905,xgboost,raw,D,0.31078567637822513,0.203304511259429,0.48590981236234587
3825825,xgboost,raw,D,0.31437625075684855,0.20043266413661848,0.4851910851065329
3825826,xgboost,raw,D,0.4010711490788713,0.2371523309602639,0.3617765199608648
266664,xgboost,raw,H,0.4275005885213789,0.4323876927014498,0.14011171877717132
3825827,xgboost,raw,H,0.41160672903060913,0.27186617255210876,0.3165270984172821
3825828,xgboost,raw,A,0.5024218484398447,0.21847118111742764,0.27910697044272764
3825856,xgboost,raw,H,0.043919386732300815,0.048986224677875556,0.9070943885898236
3825829,xgboost,raw,H,0.04096447227588906,0.3752713431553665,0.5837641845687445
3825830,xgboost,raw,H,0.06972527989278436,0.14860030455141124,0.7816744155558044
3825831,xgboost,raw,H,0.22221772703852843,0.517331905921279,0.2604503670401926
3825832,xgboost,raw,A,0.44194454300734143,0.2707620101712936,0.28729344682136493
3825863,xgboost,raw,A,0.14857960573227977,0.25942989024088275,0.5919905040268375
3825857,xgboost,raw,H,0.3834656591256159,0.1887187417959792,0.4278155990784049
3825833,xgboost,raw,A,0.33362322548593243,0.4638402690911253,0.20253650542294227
3825852,xgboost,raw,D,0.2805839562590109,0.10632336456547274,0.6130926791755164
3825889,xgboost,raw,D,0.05857002996966377,0.24239220808709597,0.6990377619432403
3825897,xgboost,raw,H,0.2734631218474173,0.39730592378062235,0.3292309543719603
266557,xgboost,raw,A,0.012151249386807872,0.03779816824635251,0.9500505823668396
3825834,xgboost,raw,H,0.02518361155627711,0.11433616706491138,0.8604802213788115
3825835,xgboost,raw,A,0.39205908191116035,0.19930509925924095,0.40863581882959876
3825836,xgboost,raw,H,0.46605759511845113,0.12006828844496392,0.4138741164365849
3825906,xgboost,raw,D,0.05870903152132709,0.1072515970337779,0.834039371444895
3825837,xgboost,raw,H,0.24526171357999524,0.4652473309783537,0.2894909554416511
3825862,xgboost,raw,D,0.2946276454516544,0.34236545390979806,0.36300690063854757
266310,xgboost,raw,A,0.6128289882191714,0.2386290055104794,0.14854200627034922
3825838,xgboost,raw,A,0.3411461412906647,0.3953673839569092,0.26348647475242615
3825839,xgboost,raw,H,0.24983710423840116,0.4138808065408108,0.33628208922078806
3825840,xgboost,raw,H,0.12388360131133791,0.25644519160851265,0.6196712070801494
3825843,xgboost,raw,D,0.23521243035793304,0.24052853882312775,0.5242590308189392
3825893,xgboost,raw,H,0.03831643468452861,0.15767833003109955,0.8040052352843718
3825841,xgboost,raw,A,0.08079948577282897,0.3835122728166086,0.5356882414105625
3825896,xgboost,raw,H,0.3223160409237134,0.2994117647584747,0.3782721943178119
3825871,xgboost,raw,H,0.36740314170140875,0.164255688444119,0.4683411698544723
265944,xgboost,raw,H,0.012637857206487762,0.02843911168978611,0.9589230311037261
3825847,xgboost,raw,D,0.4562387900423643,0.2412632477659955,0.3024979621916402
3825886,xgboost,raw,A,0.5258069116742449,0.18658803681415373,0.2876050515116014
3825890,xgboost,raw,H,0.059508488468952306,0.2366275822613773,0.7038639292696703
3825842,xgboost,raw,D,0.4628252754036378,0.1317482759318989,0.4054264486644633
3825875,xgboost,raw,D,0.13051955596386725,0.30400187230112957,0.5654785717350032
3825884,xgboost,raw,H,0.024068301229778474,0.04852069106019132,0.9274110077100302
3825899,xgboost,raw,D,0.26832021882058493,0.45315015036762657,0.2785296308117885
3825868,xgboost,raw,H,0.027615879451152518,0.19217485690572858,0.7802092636431189
3825854,xgboost,raw,H,0.13579710710955678,0.24753922607574347,0.6166636668146998
266986,xgboost,raw,A,0.6318362951278687,0.26806390285491943,0.10009980201721191
3825859,xgboost,raw,H,0.08937512883450548,0.31988342881463255,0.590741442350862
3825864,xgboost,raw,A,0.38737468468492164,0.49222974135615893,0.12039557395891942
3825878,xgboost,raw,H,0.028711303640733606,0.2805307763735834,0.6907579199856829
3825845,xgboost,raw,H,0.21907535195350647,0.41264575719833374,0.3682788908481598
3825870,xgboost,raw,H,0.11235920582596037,0.28513501799993135,0.6025057761741083
3825873,xgboost,raw,A,0.3234146237373352,0.4258871078491211,0.2506982684135437
3825894,xgboost,raw,A,0.18956012741386702,0.2286829318302433,0.5817569407558897
3825855,xgboost,raw,H,0.30671361088752747,0.30666840076446533,0.3866179883480072
265958,xgboost,raw,H,0.02198045551371593,0.03351580407776355,0.9445037404085205
3825850,xgboost,raw,H,0.06431649215679948,0.25783853087477177,0.6778449769684288
3825851,xgboost,raw,A,0.47890445590019226,0.24444755911827087,0.27664798498153687
3825853,xgboost,raw,A,0.11171729117631912,0.0944393202662468,0.7938433885574341
3825860,xgboost,raw,H,0.6346676538785593,0.12510073557796286,0.24023161054347786
3825861,xgboost,raw,H,0.21790992888942468,0.570018998235181,0.21207107287539434
3825865,xgboost,raw,D,0.46517717838287354,0.22762399911880493,0.30719882249832153
3825866,xgboost,raw,D,0.4994249269451957,0.17129738373611295,0.32927768931869134
3825901,xgboost,raw,H,0.03208733421759309,0.1396987171403777,0.8282139486420292
3825904,xgboost,raw,D,0.23385319113731384,0.24045094847679138,0.5256958603858948
3825849,xgboost,raw,A,0.33945024013519287,0.252208411693573,0.40834134817123413
267506,xgboost,raw,A,0.7232314509875651,0.11948114155563283,0.157287407456802
3825846,xgboost,raw,A,0.3400576514022842,0.440296186217552,0.21964616238016374
3825869,xgboost,raw,H,0.0368020667075187,0.3103039423985507,0.6528939908939306
3825882,xgboost,raw,H,0.11088899108436677,0.3647873510356948,0.5243236578799384
3825876,xgboost,raw,H,0.35711754752170083,0.45445249433282786,0.1884299581454713
3825883,xgboost,raw,H,0.12664950817900114,0.2656848609886381,0.6076656308323608
3825900,xgboost,raw,H,0.07798553887031169,0.576579919806422,0.3454345413232663
3825902,xgboost,raw,H,0.09530521007211268,0.38847871950141905,0.5162160704264683
3825908,xgboost,raw,H,0.3467240528248533,0.28972955674739015,0.3635463904277566
267533,xgboost,platt,A,0.13165608510908056,0.12794343834915325,0.7404004765417662
3825822,xgboost,platt,H,0.3080849038994078,0.3005995752614348,0.3913155208391575
3825872,xgboost,platt,H,0.2094333092327203,0.12311757609094336,0.6674491146763364
3825898,xgboost,platt,D,0.3554529208528436,0.2373676641078341,0.4071794150393223
3825823,xgboost,platt,A,0.11171027315864225,0.09939723338984532,0.7888924934515124
3825824,xgboost,platt,A,0.5295654430307587,0.19871577431686988,0.2717187826523715
3825877,xgboost,platt,D,0.1520120323624646,0.09462287765936031,0.7533650899781751
3825905,xgboost,platt,D,0.28927572927387885,0.3335581485592741,0.37716612216684714
3825825,xgboost,platt,D,0.2874420429432602,0.33505788642132445,0.3775000706354154
3825826,xgboost,platt,D,0.3888406172271138,0.33446060153552926,0.2766987812373569
266664,xgboost,platt,H,0.7789368370234856,0.14757869997066173,0.07348446300585276
3825827,xgboost,platt,H,0.45295318100761356,0.3130370884918071,0.23400973050057933
3825828,xgboost,platt,A,0.45432241215266905,0.32540433156580556,0.22027325628152533
3825856,xgboost,platt,H,0.08284847878123727,0.09472513278435707,0.8224263884344056
3825829,xgboost,platt,H,0.4070776461815744,0.11819994037574488,0.4747224134426808
3825830,xgboost,platt,H,0.1821443713090208,0.1601003604079954,0.6577552682829838
3825831,xgboost,platt,H,0.6619970560686184,0.1800048240654291,0.15799811986595264
3825832,xgboost,platt,A,0.48231978533030223,0.30566709808570663,0.21201311658399108
3825863,xgboost,platt,A,0.2962263300151867,0.2473483916468005,0.45642527833801266
3825857,xgboost,platt,H,0.3077083907771224,0.35203670156132305,0.3402549076615546
3825833,xgboost,platt,A,0.698991474357606,0.18360874763433432,0.11739977800805966
3825852,xgboost,platt,D,0.17014245264479974,0.3170388292102762,0.5128187181449241
3825889,xgboost,platt,D,0.2704394153031346,0.15170968302594418,0.5778509016709212
3825897,xgboost,platt,H,0.524395176242619,0.2523646682563366,0.22324015550104437
266557,xgboost,platt,A,0.06977108389341756,0.03752635995404832,0.8927025561525341
3825834,xgboost,platt,H,0.15120907123334443,0.08112332175566374,0.7676676070109919
3825835,xgboost,platt,A,0.3274424812032619,0.34986323134089986,0.3226942874558383
3825836,xgboost,platt,H,0.2573545724604827,0.3759300449718464,0.3667153825676709
3825906,xgboost,platt,D,0.14302873280274167,0.13644150466471663,0.7205297625325416
3825837,xgboost,platt,H,0.6029131895942091,0.21191767695119507,0.1851691334545958
3825862,xgboost,platt,D,0.46086791920730136,0.2827111457548121,0.2564209350378866
266310,xgboost,platt,A,0.6748965002832746,0.21943913931370956,0.10566436040301594
3825838,xgboost,platt,A,0.587225752622143,0.24083628053779327,0.17193796684006377
3825839,xgboost,platt,H,0.5296698321096915,0.24307108143080855,0.2272590864595
3825840,xgboost,platt,H,0.28862993215021454,0.2271183894671702,0.48425167838261524
3825843,xgboost,platt,D,0.301377641091875,0.30039151730469943,0.39823084160342564
3825893,xgboost,platt,H,0.19153535429669327,0.11249294820684216,0.6959716974964647
3825841,xgboost,platt,A,0.41557816086988236,0.17126033718810468,0.41316150194201295
3825896,xgboost,platt,H,0.4202285494222598,0.3048989688592228,0.2748724817185174
3825871,xgboost,platt,H,0.26725059329621176,0.3538573359545972,0.37889207074919107
265944,xgboost,platt,H,0.057436660350726684,0.035455037235820074,0.9071083024134533
3825847,xgboost,platt,D,0.44547650733664623,0.3232283185377961,0.23129517412555772
3825886,xgboost,platt,A,0.4196572361812963,0.34182701413112393,0.23851574968757988
3825890,xgboost,platt,H,0.2648733399647481,0.15299619937352876,0.5821304606617232
3825842,xgboost,platt,D,0.27331442156825514,0.3737750493255963,0.3529105291061486
3825875,xgboost,platt,D,0.33842182808265225,0.2288464652161524,0.4327317067011954
3825884,xgboost,platt,H,0.08238593256039593,0.06375557553315257,0.8538584919064515
3825899,xgboost,platt,D,0.6058456337675752,0.21668391486185828,0.17747045137056666
3825868,xgboost,platt,H,0.22566074723450832,0.09417856997904721,0.6801606827864445
3825854,xgboost,platt,H,0.28177754241390707,0.2377994553080098,0.4804230022780832
266986,xgboost,platt,A,0.7962904644572601,0.1447796503809454,0.05892988516179437
3825859,xgboost,platt,H,0.3483902705681927,0.18856573183496864,0.4630439975968387
3825864,xgboost,platt,A,0.8313151490774529,0.11321026449575769,0.05547458642678949
3825878,xgboost,platt,H,0.311583555920705,0.09878159673953632,0.5896348473397587
3825845,xgboost,platt,H,0.5055267455340858,0.24094039971359135,0.2535328547523228
3825870,xgboost,platt,H,0.3156586293322269,0.21482247142659192,0.4695188992411812
3825873,xgboost,platt,A,0.6194244350478433,0.22217770674421752,0.1583978582079392
3825894,xgboost,platt,A,0.27462289719502864,0.2773485222010487,0.4480285806039226
3825855,xgboost,platt,H,0.41936860805760523,0.3006235800087756,0.28000781193361923
265958,xgboost,platt,H,0.06404737384550072,0.05410797824542422,0.881844647909075
3825850,xgboost,platt,H,0.2852280560164423,0.16020101782414675,0.554570926159411
3825851,xgboost,platt,A,0.47612440274507134,0.3133189365882642,0.2105566606666643
3825853,xgboost,platt,A,0.13293506777862754,0.19447235271658356,0.672592579504789
3825860,xgboost,platt,H,0.42102082749586295,0.34710686561194876,0.23187230689218835
3825861,xgboost,platt,H,0.7401336907096778,0.14323185355582344,0.11663445573449872
3825865,xgboost,platt,D,0.43072951050555064,0.3303674758547426,0.23890301363970665
3825866,xgboost,platt,D,0.3651050928965696,0.35811397517154764,0.2767809319318828
3825901,xgboost,platt,H,0.17502948159673573,0.0985789246852967,0.7263915937179676
3825904,xgboost,platt,D,0.3008019446768479,0.2997933729050188,0.39940468241813337
3825849,xgboost,platt,A,0.3666403852479724,0.3262546198105589,0.30710499494146876
267506,xgboost,platt,A,0.5621533182723498,0.2820947625503424,0.15575191917730785
3825846,xgboost,platt,A,0.6648950389053578,0.20230085421911784,0.13280410687552435
3825869,xgboost,platt,H,0.3398371235072581,0.11448655169756843,0.5456763247951736
3825882,xgboost,platt,H,0.399823541493434,0.20331085730371828,0.3968656012028477
3825876,xgboost,platt,H,0.7137378904742957,0.17870042271208345,0.10756168681362091
3825883,xgboost,platt,H,0.29831624878790336,0.22909403598883316,0.47258971522326343
3825900,xgboost,platt,H,0.6475628524652111,0.12112880800733959,0.2313083395274493
3825902,xgboost,platt,H,0.42317642640596614,0.18508333539833968,0.39174023819569426
3825908,xgboost,platt,H,0.4245431413697499,0.3099174467831125,0.2655394118471376
267533,xgboost,isotonic,A,0.19173300284748335,0.10956171591284762,0.6987052812396691
3825822,xgboost,isotonic,H,0.30455208164587716,0.28430260813218855,0.41114531022193423
3825872,xgboost,isotonic,H,0.20383587039050766,0.22552053745332762,0.5706435921561646
3825898,xgboost,isotonic,D,0.30455208164587716,0.28430260813218855,0.41114531022193423
3825823,xgboost,isotonic,A,0.19999999999983997,7.999999999993599e-13,0.7999999999993599
3825824,xgboost,isotonic,A,0.30455208164587716,0.28430260813218855,0.41114531022193423
3825877,xgboost,isotonic,D,0.14769964811051786,0.10653754398618526,0.7457628079032969
3825905,xgboost,isotonic,D,0.30455208164587716,0.28430260813218855,0.41114531022193423
3825825,xgboost,isotonic,D,0.30455208164587716,0.28430260813218855,0.41114531022193423
3825826,xgboost,isotonic,D,0.3255290560459301,0.3038848368939401,0.3705861070601297
266664,xgboost,isotonic,H,0.6438356164375271,0.3561643835611852,1.287671232875054e-12
3825827,xgboost,isotonic,H,0.4731374142002971,0.2767359036523692,0.2501266821473337
3825828,xgboost,isotonic,A,0.4870466321243523,0.2694300518134715,0.24352331606217614
3825856,xgboost,isotonic,H,0.19999999999983997,7.999999999993599e-13,0.7999999999993599
3825829,xgboost,isotonic,H,0.2627598382764336,0.29071301256116067,0.4465271491624056
3825830,xgboost,isotonic,H,0.20671037762511488,0.20671037762511488,0.5865792447497702
3825831,xgboost,isotonic,H,0.36006703375628435,0.3361264065118506,0.30380655973186493
3825832,xgboost,isotonic,A,0.4870466321243523,0.2694300518134715,0.24352331606217614
3825863,xgboost,isotonic,A,0.2803387377746728,0.26169919403965464,0.4579620681856724
3825857,xgboost,isotonic,H,0.30455208164587716,0.28430260813218855,0.41114531022193423
3825833,xgboost,isotonic,A,0.5171939477294961,0.48280605226875833,1.7455295735870494e-12
3825852,xgboost,isotonic,D,0.3154929577464789,0.15211267605633802,0.5323943661971832
3825889,xgboost,isotonic,D,0.24352331606217614,0.2694300518134715,0.4870466321243523
3825897,xgboost,isotonic,H,0.36006703375628435,0.3361264065118506,0.30380655973186493
266557,xgboost,isotonic,A,9.99999999998e-13,9.99999999998e-13,0.999999999998
3825834,xgboost,isotonic,H,8.749999999992343e-13,0.12499999999989062,0.8749999999992344
3825835,xgboost,isotonic,A,0.30455208164587716,0.28430260813218855,0.41114531022193423
3825836,xgboost,isotonic,H,0.47945205479452063,0.13698630136986303,0.38356164383561653
3825906,xgboost,isotonic,D,0.21875,0.125,0.65625
3825837,xgboost,isotonic,H,0.36006703375628435,0.3361264065118506,0.30380655973186493
3825862,xgboost,isotonic,D,0.31332041246547654,0.2924879382323997,0.3941916493021237
266310,xgboost,isotonic,A,0.7305699481858168,0.269430051813209,9.740932642477557e-13
3825838,xgboost,isotonic,A,0.36006703375628435,0.3361264065118506,0.30380655973186493
3825839,xgboost,isotonic,H,0.36006703375628435,0.3361264065118506,0.30380655973186493
3825840,xgboost,isotonic,H,0.27616599338964376,0.25780389276533233,0.46603011384502385
3825843,xgboost,isotonic,D,0.30455208164587716,0.28430260813218855,0.41114531022193423
3825893,xgboost,isotonic,H,0.2,0.2,0.6
3825841,xgboost,isotonic,A,0.269804822043628,0.29850746268656714,0.4316877152698048
3825896,xgboost,isotonic,H,0.30455208164587716,0.28430260813218855,0.41114531022193423
3825871,xgboost,isotonic,H,0.30455208164587716,0.28430260813218855,0.41114531022193423
265944,xgboost,isotonic,H,9.99999999998e-13,9.99999999998e-13,0.999999999998
3825847,xgboost,isotonic,D,0.4870466321243523,0.2694300518134715,0.24352331606217614
3825886,xgboost,isotonic,A,0.4870466321243523,0.2694300518134715,0.24352331606217614
3825890,xgboost,isotonic,H,0.24352331606217614,0.2694300518134715,0.4870466321243523
3825842,xgboost,isotonic,D,0.4347826086956522,0.2173913043478261,0.3478260869565218
3825875,xgboost,isotonic,D,0.30455208164587716,0.28430260813218855,0.41114531022193423
3825884,xgboost,isotonic,H,9.99999999998e-13,9.99999999998e-13,0.999999999998
3825899,xgboost,isotonic,D,0.36006703375628435,0.3361264065118506,0.30380655973186493
3825868,xgboost,isotonic,H,1.0217576535450121e-12,0.28261381906564165,0.7173861809333365
3825854,xgboost,isotonic,H,0.27616599338964376,0.25780389276533233,0.46603011384502385
266986,xgboost,isotonic,A,0.7305699481858168,0.269430051813209,9.740932642477557e-13
3825859,xgboost,isotonic,H,0.24959083681183827,0.27614305349394874,0.47426610969421296
3825864,xgboost,isotonic,A,0.5171939477294961,0.48280605226875833,1.7455295735870494e-12
3825878,xgboost,isotonic,H,0.03490582552441183,0.3437321717310314,0.6213620027445568
3825845,xgboost,isotonic,H,0.30455208164587716,0.28430260813218855,0.41114531022193423
3825870,xgboost,isotonic,H,0.27616599338964376,0.25780389276533233,0.46603011384502385
3825873,xgboost,isotonic,A,0.5171939477294961,0.48280605226875833,1.7455295735870494e-12
3825894,xgboost,isotonic,A,0.30133041824585055,0.28129515107524883,0.4173744306789006
3825855,xgboost,isotonic,H,0.30455208164587716,0.28430260813218855,0.41114531022193423
265958,xgboost,isotonic,H,9.99999999998e-13,9.99999999998e-13,0.999999999998
3825850,xgboost,isotonic,H,0.24352331606217614,0.2694300518134715,0.4870466321243523
3825851,xgboost,isotonic,A,0.4870466321243523,0.2694300518134715,0.24352331606217614
3825853,xgboost,isotonic,A,0.24916573971078976,0.12013348164627363,0.6307007786429366
3825860,xgboost,isotonic,H,0.7499999999992499,0.24999999999974998,9.99999999999e-13
3825861,xgboost,isotonic,H,0.5171939477294961,0.48280605226875833,1.7455295735870494e-12
3825865,xgboost,isotonic,D,0.4870466321243523,0.2694300518134715,0.24352331606217614
3825866,xgboost,isotonic,D,0.4870466321243523,0.2694300518134715,0.24352331606217614
3825901,xgboost,isotonic,H,0.1736088885075301,0.20659777787311745,0.6197933336193524
3825904,xgboost,isotonic,D,0.30455208164587716,0.28430260813218855,0.41114531022193423
3825849,xgboost,isotonic,A,0.30455208164587716,0.28430260813218855,0.41114531022193423
267506,xgboost,isotonic,A,0.8749999999992344,0.12499999999989062,8.749999999992343e-13
3825846,xgboost,isotonic,A,0.5171939477294961,0.48280605226875833,1.7455295735870494e-12
3825869,xgboost,isotonic,H,0.24352331606217614,0.2694300518134715,0.4870466321243523
3825882,xgboost,isotonic,H,0.30380741693061863,0.284607030814527,0.4115855522548544
3825876,xgboost,isotonic,H,0.5171939477294961,0.48280605226875833,1.7455295735870494e-12
3825883,xgboost,isotonic,H,0.27616599338964376,0.25780389276533233,0.46603011384502385
3825900,xgboost,isotonic,H,0.32191780821917804,0.3561643835616438,0.32191780821917804
3825902,xgboost,isotonic,H,0.269804822043628,0.29850746268656714,0.4316877152698048
3825908,xgboost,isotonic,H,0.3082513646107342,0.2877559281339567,0.403992707255309
267533,market,raw,A,0.1746600741656366,0.21347342398022248,0.6118665018541408
3825822,market,raw,H,0.30709067810068286,0.2929172621883437,0.39999205971097346
3825872,market,raw,H,0.09567248508569805,0.2209526214450301,0.6833748934692718
3825898,market,raw,D,0.20143884892086333,0.2517985611510791,0.5467625899280576
3825823,market,raw,A,0.17330837122225196,0.23829901043059643,0.5883926183471516
3825824,market,raw,A,0.3741701870850936,0.3180446590223295,0.30778515389257693
3825877,market,raw,D,0.11900326747488318,0.2198674687757657,0.661129263749351
3825905,market,raw,D,0.2014250260187335,0.28140260987911303,0.5171723641021535
3825825,market,raw,D,0.25383542538354253,0.2928870292887029,0.4532775453277545
3825826,market,raw,D,0.2885143081144649,0.2975303802430419,0.41395531164249316
266664,market,raw,H,0.6264014466546112,0.21699819168173598,0.1566003616636528
3825827,market,raw,H,0.25105982100800756,0.2896844088553933,0.45925577013659924
3825828,market,raw,A,0.46002596920793926,0.30421072157299206,0.23576330921906882
3825856,market,raw,H,0.07223113964686999,0.12520064205457465,0.8025682182985554
3825829,market,raw,H,0.15572519083969466,0.233587786259542,0.6106870229007634
3825830,market,raw,H,0.1254125412541254,0.24752475247524752,0.627062706270627
3825831,market,raw,H,0.29448818897637796,0.2771653543307087,0.42834645669291344
3825832,market,raw,A,0.40822528363047,0.28889789303079416,0.3028768233387358
3825863,market,raw,A,0.25994236311239194,0.28357348703170027,0.4564841498559078
3825857,market,raw,H,0.31912374185908826,0.29011249259917116,0.3907637655417407
3825833,market,raw,A,0.7403078121955972,0.1591661796220534,0.10052600818234952
3825852,market,raw,D,0.23842794759825325,0.2724890829694323,0.48908296943231444
3825889,market,raw,D,0.1740031071983428,0.22786121180735366,0.5981356809943034
3825897,market,raw,H,0.3532608695652174,0.29347826086956524,0.3532608695652174
266557,market,raw,A,0.05617608409986859,0.10611038107752954,0.8377135348226018
3825834,market,raw,H,0.06331084587441618,0.15827711468604044,0.7784120394395433
3825835,market,raw,A,0.2929936305732484,0.2929936305732484,0.41401273885350315
3825836,market,raw,H,0.34589800443458985,0.2882483370288249,0.3658536585365854
3825906,market,raw,D,0.15747684164093514,0.22496691662990734,0.6175562417291575
3825837,market,raw,H,0.27272727272727276,0.27272727272727276,0.4545454545454546
3825862,market,raw,D,0.31549771029163654,0.28681610026512416,0.39768618944323936
266310,market,raw,A,0.7913043478260869,0.13565217391304346,0.07304347826086957
3825838,market,raw,A,0.47482014388489213,0.2877697841726619,0.23741007194244607
3825839,market,raw,H,0.41349548842683403,0.27971753628874063,0.3067869752844252
3825840,market,raw,H,0.1821247892074199,0.22765598650927488,0.5902192242833053
3825843,market,raw,D,0.22777640975129276,0.2551095789214479,0.5171140113272592
3825893,market,raw,H,0.08629749393694423,0.13561034761519808,0.7780921584478578
3825841,market,raw,A,0.15747684164093514,0.22496691662990734,0.6175562417291575
3825896,market,raw,H,0.24786635191574358,0.26911203922280735,0.4830216088614491
3825871,market,raw,H,0.2884615384615385,0.2884615384615385,0.42307692307692313
265944,market,raw,H,0.02801724137931035,0.0560344827586207,0.9159482758620691
3825847,market,raw,D,0.27982899339292655,0.29731830547998445,0.42285270112708895
3825886,market,raw,A,0.7151598592626587,0.17293865687624294,0.11190148386109836
3825890,market,raw,H,0.08717881489250133,0.19179339276350293,0.7210277923439958
3825842,market,raw,D,0.42285270112708895,0.29731830547998445,0.27982899339292655
3825875,market,raw,D,0.1914422722242715,0.2552563629656953,0.5533013648100332
3825884,market,raw,H,0.14631673800405498,0.2196440639783735,0.6340391980175715
3825899,market,raw,D,0.4139553116424932,0.28851430811446493,0.29753038024304196
3825868,market,raw,H,0.15854770503220061,0.21969658895916944,0.6217557060086298
3825854,market,raw,H,0.16374899003501214,0.2477780770266631,0.5884729329383249
266986,market,raw,A,0.8479138627187081,0.10646029609690444,0.04562584118438762
3825859,market,raw,H,0.15800415800415799,0.24948024948024947,0.5925155925155925
3825864,market,raw,A,0.5709391949757351,0.2383671139023694,0.19069369112189552
3825878,market,raw,H,0.09506790564689065,0.1901358112937813,0.7147962830593281
3825845,market,raw,H,0.30420841683366734,0.28577154308617236,0.41002004008016035
3825870,market,raw,H,0.22010344200803078,0.2647355288596593,0.5151610291323099
3825873,market,raw,A,0.2796610169491525,0.288135593220339,0.43220338983050843
3825894,market,raw,A,0.2975303802430419,0.2885143081144649,0.41395531164249316
3825855,market,raw,H,0.27139552814186585,0.2968388589051658,0.4317656129529684
265958,market,raw,H,0.0233454814345323,0.05630380816563672,0.920350710399831
3825850,market,raw,H,0.13636363636363638,0.2272727272727273,0.6363636363636365
3825851,market,raw,A,0.30625,0.30625,0.3875
3825853,market,raw,A,0.4146032477254405,0.2542899919382701,0.3311067603362892
3825860,market,raw,H,0.7966834895457823,0.14708002883922133,0.05623648161499639
3825861,market,raw,H,0.46400294605045117,0.2642238998342847,0.2717731541152642
3825865,market,raw,D,0.2806236080178174,0.2650334075723831,0.45434298440979953
3825866,market,raw,D,0.49799419006778256,0.2642135841748513,0.23779222575736617
3825901,market,raw,H,0.08595988538681948,0.12607449856733524,0.7879656160458453
3825904,market,raw,D,0.2806236080178174,0.2650334075723831,0.45434298440979953
3825849,market,raw,A,0.2549019607843137,0.2549019607843137,0.4901960784313726
267506,market,raw,A,0.8774082709534912,0.08614553932997915,0.03644618971652964
3825846,market,raw,A,0.8075788165864264,0.11911787544649789,0.07330330796707563
3825869,market,raw,H,0.11895780672759089,0.16550651370795255,0.7155356795644564
3825882,market,raw,H,0.20958083832335334,0.251497005988024,0.5389221556886228
3825876,market,raw,H,0.5594817432273262,0.2502944640753828,0.19022379269729095
3825883,market,raw,H,0.21276595744680854,0.25531914893617025,0.5319148936170214
3825900,market,raw,H,0.12698412698412698,0.21164021164021163,0.6613756613756613
3825902,market,raw,H,0.10547184773988898,0.18080888183980967,0.7137192704203014
3825908,market,raw,H,0.2578796561604584,0.26504297994269344,0.47707736389684813
267533,market,platt,A,0.22027043576593575,0.19078255242768863,0.5889470118063757
3825822,market,platt,H,0.36380535194389974,0.31192796081058266,0.32426668724551766
3825872,market,platt,H,0.14035749440532044,0.11673481948996188,0.7429076861047178
3825898,market,platt,D,0.2601218529346914,0.2341571261972557,0.5057210208680528
3825823,market,platt,A,0.2290039277888726,0.20395516751740425,0.5670409046937231
3825824,market,platt,A,0.4298754976639225,0.33349167745436786,0.23663282488170967
3825877,market,platt,D,0.16671006428185242,0.14197833464045398,0.6913116010776936
3825905,market,platt,D,0.27213613592343255,0.24951105098633605,0.4783528130902314
3825825,market,platt,D,0.3214878464036446,0.28869146931895723,0.3898206842773982
3825826,market,platt,D,0.35129957428423253,0.306856848745546,0.34184357697022155
266664,market,platt,H,0.6088961221259946,0.26736818985003996,0.12373568802396549
3825827,market,platt,H,0.3178520535613491,0.2857489441193142,0.3963990023193367
3825828,market,platt,A,0.4975334168123393,0.32633207546673665,0.17613450772092396
3825856,market,platt,H,0.08324793477823797,0.05406168274899318,0.8626903824727689
3825829,market,platt,H,0.2101581707670775,0.18562523194589242,0.6042165972870301
3825830,market,platt,H,0.18374652508033507,0.1622634468422415,0.6539900280774236
3825831,market,platt,H,0.34693898421601027,0.30064532976752617,0.35241568601646356
3825832,market,platt,A,0.44207326427032395,0.32881702813252817,0.22910970759714794
3825863,market,platt,A,0.32244135131830226,0.2876855383341617,0.38987311034753597
3825857,market,platt,H,0.3718975992470029,0.31473650689918375,0.31336589385381347
3825833,market,platt,A,0.7092626711639062,0.19983133014204982,0.09090599869404406
3825852,market,platt,D,0.30021596704145864,0.27023986462038685,0.4295441683381545
3825889,market,platt,D,0.22548288845458517,0.19866171028239754,0.5758554012630173
3825897,market,platt,H,0.40017478088707836,0.3243353030049507,0.2754899161079709
266557,market,platt,A,0.06095173830055515,0.03532300500662872,0.9037252566928161
3825834,market,platt,H,0.08288289246315439,0.057782721557881486,0.859334385978964
3825835,market,platt,A,0.35279677743397747,0.30679969950079994,0.34040352306522254
3825836,market,platt,H,0.3918581957210461,0.3210849626563993,0.28705684162255457
3825906,market,platt,D,0.2085087678211777,0.18249170417981703,0.6089995279990054
3825837,market,platt,H,0.32797860758384595,0.28897981655062427,0.3830415758655298
3825862,market,platt,D,0.3675654986104041,0.31232057832216964,0.32011392306742625
266310,market,platt,A,0.7672464343444196,0.16035248200648963,0.0724010836490907
3825838,market,platt,A,0.5003438742782945,0.32266761290005735,0.17698851282164813
3825839,market,platt,H,0.4413941194871823,0.32674168239146495,0.23186419812135284
3825840,market,platt,H,0.2329285908571623,0.20530616060453563,0.5617652485383021
3825843,market,platt,D,0.28412554545632573,0.2544763317084367,0.4613981228352375
3825893,market,platt,H,0.10147249961406324,0.07001047486085638,0.8285170255250804
3825841,market,platt,A,0.2085087678211777,0.18249170417981703,0.6089995279990054
3825896,market,platt,H,0.30653914221418765,0.27411160927745976,0.4193492485083526
3825871,market,platt,H,0.34721726266485897,0.3031026237636184,0.3496801135715227
265944,market,platt,H,0.023091552325544374,0.00869502460071254,0.9682134230737431
3825847,market,platt,D,0.3443204583281293,0.30315102735062527,0.35252851432124543
3825886,market,platt,A,0.6861576944662076,0.21642236433514464,0.09741994119864782
3825890,market,platt,H,0.12091958997558368,0.09498314582731988,0.7840972641970965
3825842,market,platt,D,0.4592886540714512,0.3302686331133416,0.21044271281520727
3825875,market,platt,D,0.25257170681192553,0.22828069615852303,0.5191475970295515
3825884,market,platt,H,0.1953489584125412,0.16918719761403206,0.6354638439734267
3825899,market,platt,D,0.44663749311113593,0.3288010278478463,0.22456147904101773
3825868,market,platt,H,0.20747380295840756,0.18049495324747075,0.6120312437941218
3825854,market,platt,H,0.22357782501868834,0.20063611934837575,0.575786055632936
266986,market,platt,A,0.8366571760675103,0.11145659525450054,0.05188622867798913
3825859,market,platt,H,0.2185891755890199,0.19622323186492052,0.5851875925460596
3825864,market,platt,A,0.5620693719213303,0.29251289188778196,0.14541773619088771
3825878,market,platt,H,0.1295228213339369,0.10266957409568203,0.7678076045703811
3825845,market,platt,H,0.3583222810765914,0.30805099324716456,0.33362672567624413
3825870,market,platt,H,0.2816179945904182,0.2544791507249247,0.4639028546846571
3825873,market,platt,A,0.34013839997111367,0.29920509331432177,0.3606565067145647
3825894,market,platt,A,0.3543463200458849,0.30671163863321044,0.3389420413209047
3825855,market,platt,H,0.3373808168434032,0.29917010107144393,0.3634490820851528
265958,market,platt,H,0.01936362471338541,0.007033991771348063,0.9736023835152665
3825850,market,platt,H,0.18804688521741547,0.16358157269296217,0.6483715420896223
3825851,market,platt,A,0.3692920934066337,0.316608451984356,0.3140994546090103
3825853,market,platt,A,0.4289034434587161,0.3192277075321489,0.2518688490091351
3825860,market,platt,H,0.7991746864412311,0.14459612157954796,0.056229191979220945
3825861,market,platt,H,0.47539216585384575,0.3213817590260392,0.20322607512011504
3825865,market,platt,D,0.33086807682447933,0.28896904358775743,0.3801628795877631
3825866,market,platt,D,0.5064205746714762,0.31605037329786917,0.17752905203065472
3825901,market,platt,H,0.0977835441391476,0.06546148335587557,0.8367549725049769
3825904,market,platt,D,0.33086807682447933,0.28896904358775743,0.3801628795877631
3825849,market,platt,A,0.30623672964048687,0.2707171785522642,0.423046091807249
267506,market,platt,A,0.865812004309019,0.08847239433937641,0.04571560135160473
3825846,market,platt,A,0.7723904688237433,0.15185993250856675,0.07574959866768984
3825869,market,platt,H,0.14648121235994876,0.11373398060227861,0.7397848070377727
3825882,market,platt,H,0.26713035130977103,0.24000276824454242,0.49286688044568655
3825876,market,platt,H,0.5591508964013462,0.2966455651624077,0.14420353843624625
3825883,market,platt,H,0.27145335049435165,0.24436777447583774,0.48417887502981066
3825900,market,platt,H,0.1723190541061355,0.1460421105633485,0.6816388353305161
3825902,market,platt,H,0.1379176887975832,0.10892311452054938,0.7531591966818675
3825908,market,platt,H,0.31290319103164205,0.277620465843269,0.40947634312508896
267533,market,isotonic,A,0.32296890672016043,0.15571715145436307,0.5213139418254764
3825822,market,isotonic,H,0.39024390243902446,0.3658536585365854,0.24390243902439027
3825872,market,isotonic,H,8.749999999992343e-13,0.12499999999989062,0.8749999999992344
3825898,market,isotonic,D,0.28919449901768174,0.244007858546169,0.46679764243614935
3825823,market,isotonic,A,0.32296890672016043,0.15571715145436307,0.5213139418254764
3825824,market,isotonic,A,0.4,0.4,0.2
3825877,market,isotonic,D,8.749999999992343e-13,0.12499999999989062,0.8749999999992344
3825905,market,isotonic,D,0.28919449901768174,0.244007858546169,0.46679764243614935
3825825,market,isotonic,D,0.25774820521800035,0.3262125722290317,0.416039222552968
3825826,market,isotonic,D,0.39024390243902446,0.3658536585365854,0.24390243902439027
266664,market,isotonic,H,0.6511627906976745,0.18604651162790697,0.16279069767441862
3825827,market,isotonic,H,0.25774820521800035,0.3262125722290317,0.416039222552968
3825828,market,isotonic,A,0.4525740331277824,0.43428245859027204,0.1131435082819456
3825856,market,isotonic,H,9.99999999998e-13,9.99999999998e-13,0.999999999998
3825829,market,isotonic,H,0.2937118815332271,0.16244626724735775,0.5438418512194152
3825830,market,isotonic,H,8.16655845643775e-13,0.1833441543554083,0.8166558456437749
3825831,market,isotonic,H,0.4444444444444445,0.2777777777777778,0.2777777777777778
3825832,market,isotonic,A,0.5,0.375,0.125
3825863,market,isotonic,A,0.28919449901768174,0.244007858546169,0.46679764243614935
3825857,market,isotonic,H,0.4444444444444444,0.3333333333333333,0.2222222222222222
3825833,market,isotonic,A,0.9999999999979998,9.999999999979999e-13,9.999999999979999e-13
3825852,market,isotonic,D,0.28919449901768174,0.244007858546169,0.46679764243614935
3825889,market,isotonic,D,0.32296890672016043,0.15571715145436307,0.5213139418254764
3825897,market,isotonic,H,0.4444444444444444,0.3333333333333333,0.2222222222222222
266557,market,isotonic,A,9.99999999998e-13,9.99999999998e-13,0.999999999998
3825834,market,isotonic,H,9.99999999998e-13,9.99999999998e-13,0.999999999998
3825835,market,isotonic,A,0.39024390243902446,0.3658536585365854,0.24390243902439027
3825836,market,isotonic,H,0.4444444444444444,0.3333333333333333,0.2222222222222222
3825906,market,isotonic,D,0.31213474594819013,0.15820900843191624,0.5296562456198936
3825837,market,isotonic,H,0.28919449901768174,0.244007858546169,0.46679764243614935
3825862,market,isotonic,D,0.4444444444444445,0.2777777777777778,0.2777777777777778
266310,market,isotonic,A,0.9999999999979998,9.999999999979999e-13,9.999999999979999e-13
3825838,market,isotonic,A,0.5,0.375,0.125
3825839,market,isotonic,H,0.5,0.25,0.25
3825840,market,isotonic,H,0.32296890672016043,0.15571715145436307,0.5213139418254764
3825843,market,isotonic,D,0.28919449901768174,0.244007858546169,0.46679764243614935
3825893,market,isotonic,H,9.99999999998e-13,9.99999999998e-13,0.999999999998
3825841,market,isotonic,A,0.31213474594819013,0.15820900843191624,0.5296562456198936
3825896,market,isotonic,H,0.28919449901768174,0.244007858546169,0.46679764243614935
3825871,market,isotonic,H,0.38987597004838725,0.3660744179709677,0.24404961198064515
265944,market,isotonic,H,9.99999999998e-13,9.99999999998e-13,0.999999999998
3825847,market,isotonic,D,0.32305378866319695,0.4061677268020818,0.2707784845347212
3825886,market,isotonic,A,0.8961409513257147,1.0563610753433508e-12,0.10385904867322898
3825890,market,isotonic,H,8.749999999992343e-13,0.12499999999989062,0.8749999999992344
3825842,market,isotonic,D,0.5,0.375,0.125
3825875,market,isotonic,D,0.28919449901768174,0.244007858546169,0.46679764243614935
3825884,market,isotonic,H,0.10339053117129862,0.11207618360358768,0.7845332852251138
3825899,market,isotonic,D,0.5,0.375,0.125
3825868,market,isotonic,H,0.3229315292696843,0.15572574826797259,0.521342722462343
3825854,market,isotonic,H,0.29586372494685814,0.2265736320682674,0.47756264298487433
266986,market,isotonic,A,0.9999999999979998,9.999999999979999e-13,9.999999999979999e-13
3825859,market,isotonic,H,0.28601349861049613,0.24056478036572695,0.47342172102377705
3825864,market,isotonic,A,0.6511627906976745,0.18604651162790697,0.16279069767441862
3825878,market,isotonic,H,8.749999999992343e-13,0.12499999999989062,0.8749999999992344
3825845,market,isotonic,H,0.4444444444444445,0.2777777777777778,0.2777777777777778
3825870,market,isotonic,H,0.28919449901768174,0.244007858546169,0.46679764243614935
3825873,market,isotonic,A,0.32160804020100503,0.40703517587939697,0.271356783919598
3825894,market,isotonic,A,0.39024390243902446,0.3658536585365854,0.24390243902439027
3825855,market,isotonic,H,0.32160804020100503,0.40703517587939697,0.271356783919598
265958,market,isotonic,H,9.99999999998e-13,9.99999999998e-13,0.999999999998
3825850,market,isotonic,H,8.749999999992343e-13,0.12499999999989062,0.8749999999992344
3825851,market,isotonic,A,0.3478260869565218,0.4347826086956522,0.2173913043478261
3825853,market,isotonic,A,0.5,0.25,0.25
3825860,market,isotonic,H,0.9999999999979998,9.999999999979999e-13,9.999999999979999e-13
3825861,market,isotonic,H,0.5714285714285714,0.2857142857142857,0.14285714285714285
3825865,market,isotonic,D,0.2969318549124373,0.24135175129871558,0.4617163937888472
3825866,market,isotonic,D,0.5714285714285714,0.2857142857142857,0.14285714285714285
3825901,market,isotonic,H,9.99999999998e-13,9.99999999998e-13,0.999999999998
3825904,market,isotonic,D,0.2969318549124373,0.24135175129871558,0.4617163937888472
3825849,market,isotonic,A,0.28919449901768174,0.244007858546169,0.46679764243614935
267506,market,isotonic,A,0.9999999999979998,9.999999999979999e-13,9.999999999979999e-13
3825846,market,isotonic,A,0.9999999999979998,9.999999999979999e-13,9.999999999979999e-13
3825869,market,isotonic,H,9.99999999998e-13,9.99999999998e-13,0.999999999998
3825882,market,isotonic,H,0.28919449901768174,0.244007858546169,0.46679764243614935
3825876,market,isotonic,H,0.5714285714285714,0.2857142857142857,0.14285714285714285
3825883,market,isotonic,H,0.28919449901768174,0.244007858546169,0.46679764243614935
3825900,market,isotonic,H,8.749999999992343e-13,0.12499999999989062,0.8749999999992344
3825902,market,isotonic,H,8.749999999992343e-13,0.12499999999989062,0.8749999999992344
3825908,market,isotonic,H,0.28919449901768174,0.244007858546169,0.46679764243614935
