series,bin,lower,upper,count,mean_confidence,observed_frequency,model,method,partition
top_label,0,0.0,0.1,0,,,dummy,raw,calibration
top_label,1,0.1,0.2,0,,,dummy,raw,calibration
top_label,2,0.2,0.30000000000000004,0,,,dummy,raw,calibration
top_label,3,0.30000000000000004,0.4,0,,,dummy,raw,calibration
top_label,4,0.4,0.5,62,0.4937238493723848,0.4032258064516129,dummy,raw,calibration
top_label,5,0.5,0.6000000000000001,0,,,dummy,raw,calibration
top_label,6,0.6000000000000001,0.7000000000000001,0,,,dummy,raw,calibration
top_label,7,0.7000000000000001,0.8,0,,,dummy,raw,calibration
top_label,8,0.8,0.9,0,,,dummy,raw,calibration
top_label,9,0.9,1.0,0,,,dummy,raw,calibration
A,0,0.0,0.1,0,,,dummy,raw,calibration
A,1,0.1,0.2,0,,,dummy,raw,calibration
A,2,0.2,0.30000000000000004,62,0.2552301255230126,0.3548387096774194,dummy,raw,calibration
A,3,0.30000000000000004,0.4,0,,,dummy,raw,calibration
A,4,0.4,0.5,0,,,dummy,raw,calibration
A,5,0.5,0.6000000000000001,0,,,dummy,raw,calibration
A,6,0.6000000000000001,0.7000000000000001,0,,,dummy,raw,calibration
A,7,0.7000000000000001,0.8,0,,,dummy,raw,calibration
A,8,0.8,0.9,0,,,dummy,raw,calibration
A,9,0.9,1.0,0,,,dummy,raw,calibration
D,0,0.0,0.1,0,,,dummy,raw,calibration
D,1,0.1,0.2,0,,,dummy,raw,calibration
D,2,0.2,0.30000000000000004,62,0.2510460251046026,0.24193548387096775,dummy,raw,calibration
D,3,0.30000000000000004,0.4,0,,,dummy,raw,calibration
D,4,0.4,0.5,0,,,dummy,raw,calibration
D,5,0.5,0.6000000000000001,0,,,dummy,raw,calibration
D,6,0.6000000000000001,0.7000000000000001,0,,,dummy,raw,calibration
D,7,0.7000000000000001,0.8,0,,,dummy,raw,calibration
D,8,0.8,0.9,0,,,dummy,raw,calibration
D,9,0.9,1.0,0,,,dummy,raw,calibration
H,0,0.0,0.1,0,,,dummy,raw,calibration
H,1,0.1,0.2,0,,,dummy,raw,calibration
H,2,0.2,0.30000000000000004,0,,,dummy,raw,calibration
H,3,0.30000000000000004,0.4,0,,,dummy,raw,calibration
H,4,0.4,0.5,62,0.4937238493723848,0.4032258064516129,dummy,raw,calibration
H,5,0.5,0.6000000000000001,0,,,dummy,raw,calibration
H,6,0.6000000000000001,0.7000000000000001,0,,,dummy,raw,calibration
H,7,0.7000000000000001,0.8,0,,,dummy,raw,calibration
H,8,0.8,0.9,0,,,dummy,raw,calibration
H,9,0.9,1.0,0,,,dummy,raw,calibration
top_label,0,0.0,0.1,0,,,dummy,raw,pilot_holdout
top_label,1,0.1,0.2,0,,,dummy,raw,pilot_holdout
top_label,2,0.2,0.30000000000000004,0,,,dummy,raw,pilot_holdout
top_label,3,0.30000000000000004,0.4,0,,,dummy,raw,pilot_holdout
top_label,4,0.4,0.5,79,0.49372384937238506,0.5063291139240507,dummy,raw,pilot_holdout
top_label,5,0.5,0.6000000000000001,0,,,dummy,raw,pilot_holdout
top_label,6,0.6000000000000001,0.7000000000000001,0,,,dummy,raw,pilot_holdout
top_label,7,0.7000000000000001,0.8,0,,,dummy,raw,pilot_holdout
top_label,8,0.8,0.9,0,,,dummy,raw,pilot_holdout
top_label,9,0.9,1.0,0,,,dummy,raw,pilot_holdout
A,0,0.0,0.1,0,,,dummy,raw,pilot_holdout
A,1,0.1,0.2,0,,,dummy,raw,pilot_holdout
A,2,0.2,0.30000000000000004,79,0.2552301255230126,0.27848101265822783,dummy,raw,pilot_holdout
A,3,0.30000000000000004,0.4,0,,,dummy,raw,pilot_holdout
A,4,0.4,0.5,0,,,dummy,raw,pilot_holdout
A,5,0.5,0.6000000000000001,0,,,dummy,raw,pilot_holdout
A,6,0.6000000000000001,0.7000000000000001,0,,,dummy,raw,pilot_holdout
A,7,0.7000000000000001,0.8,0,,,dummy,raw,pilot_holdout
A,8,0.8,0.9,0,,,dummy,raw,pilot_holdout
A,9,0.9,1.0,0,,,dummy,raw,pilot_holdout
D,0,0.0,0.1,0,,,dummy,raw,pilot_holdout
D,1,0.1,0.2,0,,,dummy,raw,pilot_holdout
D,2,0.2,0.30000000000000004,79,0.25104602510460255,0.21518987341772153,dummy,raw,pilot_holdout
D,3,0.30000000000000004,0.4,0,,,dummy,raw,pilot_holdout
D,4,0.4,0.5,0,,,dummy,raw,pilot_holdout
D,5,0.5,0.6000000000000001,0,,,dummy,raw,pilot_holdout
D,6,0.6000000000000001,0.7000000000000001,0,,,dummy,raw,pilot_holdout
D,7,0.7000000000000001,0.8,0,,,dummy,raw,pilot_holdout
D,8,0.8,0.9,0,,,dummy,raw,pilot_holdout
D,9,0.9,1.0,0,,,dummy,raw,pilot_holdout
H,0,0.0,0.1,0,,,dummy,raw,pilot_holdout
H,1,0.1,0.2,0,,,dummy,raw,pilot_holdout
H,2,0.2,0.30000000000000004,0,,,dummy,raw,pilot_holdout
H,3,0.30000000000000004,0.4,0,,,dummy,raw,pilot_holdout
H,4,0.4,0.5,79,0.49372384937238506,0.5063291139240507,dummy,raw,pilot_holdout
H,5,0.5,0.6000000000000001,0,,,dummy,raw,pilot_holdout
H,6,0.6000000000000001,0.7000000000000001,0,,,dummy,raw,pilot_holdout
H,7,0.7000000000000001,0.8,0,,,dummy,raw,pilot_holdout
H,8,0.8,0.9,0,,,dummy,raw,pilot_holdout
H,9,0.9,1.0,0,,,dummy,raw,pilot_holdout
top_label,0,0.0,0.1,0,,,dummy,platt,calibration
top_label,1,0.1,0.2,0,,,dummy,platt,calibration
top_label,2,0.2,0.30000000000000004,0,,,dummy,platt,calibration
top_label,3,0.30000000000000004,0.4,0,,,dummy,platt,calibration
top_label,4,0.4,0.5,62,0.40322333165328933,0.4032258064516129,dummy,platt,calibration
top_label,5,0.5,0.6000000000000001,0,,,dummy,platt,calibration
top_label,6,0.6000000000000001,0.7000000000000001,0,,,dummy,platt,calibration
top_label,7,0.7000000000000001,0.8,0,,,dummy,platt,calibration
top_label,8,0.8,0.9,0,,,dummy,platt,calibration
top_label,9,0.9,1.0,0,,,dummy,platt,calibration
A,0,0.0,0.1,0,,,dummy,platt,calibration
A,1,0.1,0.2,0,,,dummy,platt,calibration
A,2,0.2,0.30000000000000004,0,,,dummy,platt,calibration
A,3,0.30000000000000004,0.4,62,0.3548430985894204,0.3548387096774194,dummy,platt,calibration
A,4,0.4,0.5,0,,,dummy,platt,calibration
A,5,0.5,0.6000000000000001,0,,,dummy,platt,calibration
A,6,0.6000000000000001,0.7000000000000001,0,,,dummy,platt,calibration
A,7,0.7000000000000001,0.8,0,,,dummy,platt,calibration
A,8,0.8,0.9,0,,,dummy,platt,calibration
A,9,0.9,1.0,0,,,dummy,platt,calibration
D,0,0.0,0.1,0,,,dummy,platt,calibration
D,1,0.1,0.2,0,,,dummy,platt,calibration
D,2,0.2,0.30000000000000004,62,0.2419335697572903,0.24193548387096775,dummy,platt,calibration
D,3,0.30000000000000004,0.4,0,,,dummy,platt,calibration
D,4,0.4,0.5,0,,,dummy,platt,calibration
D,5,0.5,0.6000000000000001,0,,,dummy,platt,calibration
D,6,0.6000000000000001,0.7000000000000001,0,,,dummy,platt,calibration
D,7,0.7000000000000001,0.8,0,,,dummy,platt,calibration
D,8,0.8,0.9,0,,,dummy,platt,calibration
D,9,0.9,1.0,0,,,dummy,platt,calibration
H,0,0.0,0.1,0,,,dummy,platt,calibration
H,1,0.1,0.2,0,,,dummy,platt,calibration
H,2,0.2,0.30000000000000004,0,,,dummy,platt,calibration
H,3,0.30000000000000004,0.4,0,,,dummy,platt,calibration
H,4,0.4,0.5,62,0.40322333165328933,0.4032258064516129,dummy,platt,calibration
H,5,0.5,0.6000000000000001,0,,,dummy,platt,calibration
H,6,0.6000000000000001,0.7000000000000001,0,,,dummy,platt,calibration
H,7,0.7000000000000001,0.8,0,,,dummy,platt,calibration
H,8,0.8,0.9,0,,,dummy,platt,calibration
H,9,0.9,1.0,0,,,dummy,platt,calibration
top_label,0,0.0,0.1,0,,,dummy,platt,pilot_holdout
top_label,1,0.1,0.2,0,,,dummy,platt,pilot_holdout
top_label,2,0.2,0.30000000000000004,0,,,dummy,platt,pilot_holdout
top_label,3,0.30000000000000004,0.4,0,,,dummy,platt,pilot_holdout
top_label,4,0.4,0.5,79,0.4032233316532894,0.5063291139240507,dummy,platt,pilot_holdout
top_label,5,0.5,0.6000000000000001,0,,,dummy,platt,pilot_holdout
top_label,6,0.6000000000000001,0.7000000000000001,0,,,dummy,platt,pilot_holdout
top_label,7,0.7000000000000001,0.8,0,,,dummy,platt,pilot_holdout
top_label,8,0.8,0.9,0,,,dummy,platt,pilot_holdout
top_label,9,0.9,1.0,0,,,dummy,platt,pilot_holdout
A,0,0.0,0.1,0,,,dummy,platt,pilot_holdout
A,1,0.1,0.2,0,,,dummy,platt,pilot_holdout
A,2,0.2,0.30000000000000004,0,,,dummy,platt,pilot_holdout
A,3,0.30000000000000004,0.4,79,0.3548430985894204,0.27848101265822783,dummy,platt,pilot_holdout
A,4,0.4,0.5,0,,,dummy,platt,pilot_holdout
A,5,0.5,0.6000000000000001,0,,,dummy,platt,pilot_holdout
A,6,0.6000000000000001,0.7000000000000001,0,,,dummy,platt,pilot_holdout
A,7,0.7000000000000001,0.8,0,,,dummy,platt,pilot_holdout
A,8,0.8,0.9,0,,,dummy,platt,pilot_holdout
A,9,0.9,1.0,0,,,dummy,platt,pilot_holdout
D,0,0.0,0.1,0,,,dummy,platt,pilot_holdout
D,1,0.1,0.2,0,,,dummy,platt,pilot_holdout
D,2,0.2,0.30000000000000004,79,0.24193356975729027,0.21518987341772153,dummy,platt,pilot_holdout
D,3,0.30000000000000004,0.4,0,,,dummy,platt,pilot_holdout
D,4,0.4,0.5,0,,,dummy,platt,pilot_holdout
D,5,0.5,0.6000000000000001,0,,,dummy,platt,pilot_holdout
D,6,0.6000000000000001,0.7000000000000001,0,,,dummy,platt,pilot_holdout
D,7,0.7000000000000001,0.8,0,,,dummy,platt,pilot_holdout
D,8,0.8,0.9,0,,,dummy,platt,pilot_holdout
D,9,0.9,1.0,0,,,dummy,platt,pilot_holdout
H,0,0.0,0.1,0,,,dummy,platt,pilot_holdout
H,1,0.1,0.2,0,,,dummy,platt,pilot_holdout
H,2,0.2,0.30000000000000004,0,,,dummy,platt,pilot_holdout
H,3,0.30000000000000004,0.4,0,,,dummy,platt,pilot_holdout
H,4,0.4,0.5,79,0.4032233316532894,0.5063291139240507,dummy,platt,pilot_holdout
H,5,0.5,0.6000000000000001,0,,,dummy,platt,pilot_holdout
H,6,0.6000000000000001,0.7000000000000001,0,,,dummy,platt,pilot_holdout
H,7,0.7000000000000001,0.8,0,,,dummy,platt,pilot_holdout
H,8,0.8,0.9,0,,,dummy,platt,pilot_holdout
H,9,0.9,1.0,0,,,dummy,platt,pilot_holdout
top_label,0,0.0,0.1,0,,,dummy,isotonic,calibration
top_label,1,0.1,0.2,0,,,dummy,isotonic,calibration
top_label,2,0.2,0.30000000000000004,0,,,dummy,isotonic,calibration
top_label,3,0.30000000000000004,0.4,0,,,dummy,isotonic,calibration
top_label,4,0.4,0.5,62,0.4032258064516128,0.4032258064516129,dummy,isotonic,calibration
top_label,5,0.5,0.6000000000000001,0,,,dummy,isotonic,calibration
top_label,6,0.6000000000000001,0.7000000000000001,0,,,dummy,isotonic,calibration
top_label,7,0.7000000000000001,0.8,0,,,dummy,isotonic,calibration
top_label,8,0.8,0.9,0,,,dummy,isotonic,calibration
top_label,9,0.9,1.0,0,,,dummy,isotonic,calibration
A,0,0.0,0.1,0,,,dummy,isotonic,calibration
A,1,0.1,0.2,0,,,dummy,isotonic,calibration
A,2,0.2,0.30000000000000004,0,,,dummy,isotonic,calibration
A,3,0.30000000000000004,0.4,62,0.3548387096774195,0.3548387096774194,dummy,isotonic,calibration
A,4,0.4,0.5,0,,,dummy,isotonic,calibration
A,5,0.5,0.6000000000000001,0,,,dummy,isotonic,calibration
A,6,0.6000000000000001,0.7000000000000001,0,,,dummy,isotonic,calibration
A,7,0.7000000000000001,0.8,0,,,dummy,isotonic,calibration
A,8,0.8,0.9,0,,,dummy,isotonic,calibration
A,9,0.9,1.0,0,,,dummy,isotonic,calibration
D,0,0.0,0.1,0,,,dummy,isotonic,calibration
D,1,0.1,0.2,0,,,dummy,isotonic,calibration
D,2,0.2,0.30000000000000004,62,0.24193548387096778,0.24193548387096775,dummy,isotonic,calibration
D,3,0.30000000000000004,0.4,0,,,dummy,isotonic,calibration
D,4,0.4,0.5,0,,,dummy,isotonic,calibration
D,5,0.5,0.6000000000000001,0,,,dummy,isotonic,calibration
D,6,0.6000000000000001,0.7000000000000001,0,,,dummy,isotonic,calibration
D,7,0.7000000000000001,0.8,0,,,dummy,isotonic,calibration
D,8,0.8,0.9,0,,,dummy,isotonic,calibration
D,9,0.9,1.0,0,,,dummy,isotonic,calibration
H,0,0.0,0.1,0,,,dummy,isotonic,calibration
H,1,0.1,0.2,0,,,dummy,isotonic,calibration
H,2,0.2,0.30000000000000004,0,,,dummy,isotonic,calibration
H,3,0.30000000000000004,0.4,0,,,dummy,isotonic,calibration
H,4,0.4,0.5,62,0.4032258064516128,0.4032258064516129,dummy,isotonic,calibration
H,5,0.5,0.6000000000000001,0,,,dummy,isotonic,calibration
H,6,0.6000000000000001,0.7000000000000001,0,,,dummy,isotonic,calibration
H,7,0.7000000000000001,0.8,0,,,dummy,isotonic,calibration
H,8,0.8,0.9,0,,,dummy,isotonic,calibration
H,9,0.9,1.0,0,,,dummy,isotonic,calibration
top_label,0,0.0,0.1,0,,,dummy,isotonic,pilot_holdout
top_label,1,0.1,0.2,0,,,dummy,isotonic,pilot_holdout
top_label,2,0.2,0.30000000000000004,0,,,dummy,isotonic,pilot_holdout
top_label,3,0.30000000000000004,0.4,0,,,dummy,isotonic,pilot_holdout
top_label,4,0.4,0.5,79,0.4032258064516129,0.5063291139240507,dummy,isotonic,pilot_holdout
top_label,5,0.5,0.6000000000000001,0,,,dummy,isotonic,pilot_holdout
top_label,6,0.6000000000000001,0.7000000000000001,0,,,dummy,isotonic,pilot_holdout
top_label,7,0.7000000000000001,0.8,0,,,dummy,isotonic,pilot_holdout
top_label,8,0.8,0.9,0,,,dummy,isotonic,pilot_holdout
top_label,9,0.9,1.0,0,,,dummy,isotonic,pilot_holdout
A,0,0.0,0.1,0,,,dummy,isotonic,pilot_holdout
A,1,0.1,0.2,0,,,dummy,isotonic,pilot_holdout
A,2,0.2,0.30000000000000004,0,,,dummy,isotonic,pilot_holdout
A,3,0.30000000000000004,0.4,79,0.3548387096774195,0.27848101265822783,dummy,isotonic,pilot_holdout
A,4,0.4,0.5,0,,,dummy,isotonic,pilot_holdout
A,5,0.5,0.6000000000000001,0,,,dummy,isotonic,pilot_holdout
A,6,0.6000000000000001,0.7000000000000001,0,,,dummy,isotonic,pilot_holdout
A,7,0.7000000000000001,0.8,0,,,dummy,isotonic,pilot_holdout
A,8,0.8,0.9,0,,,dummy,isotonic,pilot_holdout
A,9,0.9,1.0,0,,,dummy,isotonic,pilot_holdout
D,0,0.0,0.1,0,,,dummy,isotonic,pilot_holdout
D,1,0.1,0.2,0,,,dummy,isotonic,pilot_holdout
D,2,0.2,0.30000000000000004,79,0.2419354838709678,0.21518987341772153,dummy,isotonic,pilot_holdout
D,3,0.30000000000000004,0.4,0,,,dummy,isotonic,pilot_holdout
D,4,0.4,0.5,0,,,dummy,isotonic,pilot_holdout
D,5,0.5,0.6000000000000001,0,,,dummy,isotonic,pilot_holdout
D,6,0.6000000000000001,0.7000000000000001,0,,,dummy,isotonic,pilot_holdout
D,7,0.7000000000000001,0.8,0,,,dummy,isotonic,pilot_holdout
D,8,0.8,0.9,0,,,dummy,isotonic,pilot_holdout
D,9,0.9,1.0,0,,,dummy,isotonic,pilot_holdout
H,0,0.0,0.1,0,,,dummy,isotonic,pilot_holdout
H,1,0.1,0.2,0,,,dummy,isotonic,pilot_holdout
H,2,0.2,0.30000000000000004,0,,,dummy,isotonic,pilot_holdout
H,3,0.30000000000000004,0.4,0,,,dummy,isotonic,pilot_holdout
H,4,0.4,0.5,79,0.4032258064516129,0.5063291139240507,dummy,isotonic,pilot_holdout
H,5,0.5,0.6000000000000001,0,,,dummy,isotonic,pilot_holdout
H,6,0.6000000000000001,0.7000000000000001,0,,,dummy,isotonic,pilot_holdout
H,7,0.7000000000000001,0.8,0,,,dummy,isotonic,pilot_holdout
H,8,0.8,0.9,0,,,dummy,isotonic,pilot_holdout
H,9,0.9,1.0,0,,,dummy,isotonic,pilot_holdout
top_label,0,0.0,0.1,0,,,gradient_boosting,raw,calibration
top_label,1,0.1,0.2,0,,,gradient_boosting,raw,calibration
top_label,2,0.2,0.30000000000000004,0,,,gradient_boosting,raw,calibration
top_label,3,0.30000000000000004,0.4,9,0.3739327187094737,0.3333333333333333,gradient_boosting,raw,calibration
top_label,4,0.4,0.5,18,0.4472254660490532,0.3888888888888889,gradient_boosting,raw,calibration
top_label,5,0.5,0.6000000000000001,14,0.5501063527476207,0.42857142857142855,gradient_boosting,raw,calibration
top_label,6,0.6000000000000001,0.7000000000000001,11,0.6399064273262656,0.5454545454545454,gradient_boosting,raw,calibration
top_label,7,0.7000000000000001,0.8,8,0.7396029444910575,0.75,gradient_boosting,raw,calibration
top_label,8,0.8,0.9,2,0.8693243238781195,1.0,gradient_boosting,raw,calibration
top_label,9,0.9,1.0,0,,,gradient_boosting,raw,calibration
A,0,0.0,0.1,10,0.07673784456096744,0.3,gradient_boosting,raw,calibration
A,1,0.1,0.2,12,0.1459479469210858,0.25,gradient_boosting,raw,calibration
A,2,0.2,0.30000000000000004,18,0.25796946679251487,0.2777777777777778,gradient_boosting,raw,calibration
A,3,0.30000000000000004,0.4,14,0.3430623179081829,0.42857142857142855,gradient_boosting,raw,calibration
A,4,0.4,0.5,1,0.48909009020958394,0.0,gradient_boosting,raw,calibration
A,5,0.5,0.6000000000000001,3,0.5670213280565319,0.6666666666666666,gradient_boosting,raw,calibration
A,6,0.6000000000000001,0.7000000000000001,3,0.6295594145124714,0.6666666666666666,gradient_boosting,raw,calibration
A,7,0.7000000000000001,0.8,1,0.7337890579748528,1.0,gradient_boosting,raw,calibration
A,8,0.8,0.9,0,,,gradient_boosting,raw,calibration
A,9,0.9,1.0,0,,,gradient_boosting,raw,calibration
D,0,0.0,0.1,2,0.08571321739257245,0.0,gradient_boosting,raw,calibration
D,1,0.1,0.2,15,0.16114684766459167,0.13333333333333333,gradient_boosting,raw,calibration
D,2,0.2,0.30000000000000004,36,0.2476046318772641,0.3333333333333333,gradient_boosting,raw,calibration
D,3,0.30000000000000004,0.4,7,0.36358069919269065,0.14285714285714285,gradient_boosting,raw,calibration
D,4,0.4,0.5,2,0.419018595356494,0.0,gradient_boosting,raw,calibration
D,5,0.5,0.6000000000000001,0,,,gradient_boosting,raw,calibration
D,6,0.6000000000000001,0.7000000000000001,0,,,gradient_boosting,raw,calibration
D,7,0.7000000000000001,0.8,0,,,gradient_boosting,raw,calibration
D,8,0.8,0.9,0,,,gradient_boosting,raw,calibration
D,9,0.9,1.0,0,,,gradient_boosting,raw,calibration
H,0,0.0,0.1,0,,,gradient_boosting,raw,calibration
H,1,0.1,0.2,4,0.16271093867227135,0.0,gradient_boosting,raw,calibration
H,2,0.2,0.30000000000000004,6,0.2540031148340998,0.16666666666666666,gradient_boosting,raw,calibration
H,3,0.30000000000000004,0.4,8,0.3678222149015471,0.25,gradient_boosting,raw,calibration
H,4,0.4,0.5,16,0.44668520375651044,0.4375,gradient_boosting,raw,calibration
H,5,0.5,0.6000000000000001,11,0.5454931776633721,0.36363636363636365,gradient_boosting,raw,calibration
H,6,0.6000000000000001,0.7000000000000001,8,0.6437865571314383,0.5,gradient_boosting,raw,calibration
H,7,0.7000000000000001,0.8,7,0.740433499707658,0.7142857142857143,gradient_boosting,raw,calibration
H,8,0.8,0.9,2,0.8693243238781195,1.0,gradient_boosting,raw,calibration
H,9,0.9,1.0,0,,,gradient_boosting,raw,calibration
top_label,0,0.0,0.1,0,,,gradient_boosting,raw,pilot_holdout
top_label,1,0.1,0.2,0,,,gradient_boosting,raw,pilot_holdout
top_label,2,0.2,0.30000000000000004,0,,,gradient_boosting,raw,pilot_holdout
top_label,3,0.30000000000000004,0.4,16,0.37285648059828413,0.3125,gradient_boosting,raw,pilot_holdout
top_label,4,0.4,0.5,24,0.4450849297467631,0.5833333333333334,gradient_boosting,raw,pilot_holdout
top_label,5,0.5,0.6000000000000001,14,0.5329132895896044,0.5,gradient_boosting,raw,pilot_holdout
top_label,6,0.6000000000000001,0.7000000000000001,10,0.6493912962904537,0.8,gradient_boosting,raw,pilot_holdout
top_label,7,0.7000000000000001,0.8,12,0.7481160544640866,0.6666666666666666,gradient_boosting,raw,pilot_holdout
top_label,8,0.8,0.9,3,0.8804415931097912,0.6666666666666666,gradient_boosting,raw,pilot_holdout
top_label,9,0.9,1.0,0,,,gradient_boosting,raw,pilot_holdout
A,0,0.0,0.1,14,0.07265819820073463,0.07142857142857142,gradient_boosting,raw,pilot_holdout
A,1,0.1,0.2,18,0.14621855613715598,0.2222222222222222,gradient_boosting,raw,pilot_holdout
A,2,0.2,0.30000000000000004,19,0.25827150030933305,0.2631578947368421,gradient_boosting,raw,pilot_holdout
A,3,0.30000000000000004,0.4,18,0.33738233564917613,0.2222222222222222,gradient_boosting,raw,pilot_holdout
A,4,0.4,0.5,6,0.4431861870181992,0.8333333333333334,gradient_boosting,raw,pilot_holdout
A,5,0.5,0.6000000000000001,1,0.5104864020772814,0.0,gradient_boosting,raw,pilot_holdout
A,6,0.6000000000000001,0.7000000000000001,2,0.645203915503626,1.0,gradient_boosting,raw,pilot_holdout
A,7,0.7000000000000001,0.8,1,0.7591802121378063,1.0,gradient_boosting,raw,pilot_holdout
A,8,0.8,0.9,0,,,gradient_boosting,raw,pilot_holdout
A,9,0.9,1.0,0,,,gradient_boosting,raw,pilot_holdout
D,0,0.0,0.1,4,0.07777770813621077,0.0,gradient_boosting,raw,pilot_holdout
D,1,0.1,0.2,15,0.16532220897426916,0.13333333333333333,gradient_boosting,raw,pilot_holdout
D,2,0.2,0.30000000000000004,34,0.25087318356220034,0.29411764705882354,gradient_boosting,raw,pilot_holdout
D,3,0.30000000000000004,0.4,25,0.33284612883219217,0.2,gradient_boosting,raw,pilot_holdout
D,4,0.4,0.5,1,0.46488292250382224,0.0,gradient_boosting,raw,pilot_holdout
D,5,0.5,0.6000000000000001,0,,,gradient_boosting,raw,pilot_holdout
D,6,0.6000000000000001,0.7000000000000001,0,,,gradient_boosting,raw,pilot_holdout
D,7,0.7000000000000001,0.8,0,,,gradient_boosting,raw,pilot_holdout
D,8,0.8,0.9,0,,,gradient_boosting,raw,pilot_holdout
D,9,0.9,1.0,0,,,gradient_boosting,raw,pilot_holdout
H,0,0.0,0.1,0,,,gradient_boosting,raw,pilot_holdout
H,1,0.1,0.2,3,0.15054411006985044,0.0,gradient_boosting,raw,pilot_holdout
H,2,0.2,0.30000000000000004,7,0.26457130397388257,0.2857142857142857,gradient_boosting,raw,pilot_holdout
H,3,0.30000000000000004,0.4,17,0.36293758918079183,0.4117647058823529,gradient_boosting,raw,pilot_holdout
H,4,0.4,0.5,17,0.44459048642995863,0.5294117647058824,gradient_boosting,raw,pilot_holdout
H,5,0.5,0.6000000000000001,13,0.5346384347828601,0.5384615384615384,gradient_boosting,raw,pilot_holdout
H,6,0.6000000000000001,0.7000000000000001,8,0.6504381414871605,0.75,gradient_boosting,raw,pilot_holdout
H,7,0.7000000000000001,0.8,11,0.7471102219482938,0.6363636363636364,gradient_boosting,raw,pilot_holdout
H,8,0.8,0.9,3,0.8804415931097912,0.6666666666666666,gradient_boosting,raw,pilot_holdout
H,9,0.9,1.0,0,,,gradient_boosting,raw,pilot_holdout
top_label,0,0.0,0.1,0,,,gradient_boosting,platt,calibration
top_label,1,0.1,0.2,0,,,gradient_boosting,platt,calibration
top_label,2,0.2,0.30000000000000004,0,,,gradient_boosting,platt,calibration
top_label,3,0.30000000000000004,0.4,12,0.3768228405069281,0.3333333333333333,gradient_boosting,platt,calibration
top_label,4,0.4,0.5,24,0.441762671051839,0.5,gradient_boosting,platt,calibration
top_label,5,0.5,0.6000000000000001,14,0.5541021321587593,0.5,gradient_boosting,platt,calibration
top_label,6,0.6000000000000001,0.7000000000000001,8,0.6602692303435538,0.75,gradient_boosting,platt,calibration
top_label,7,0.7000000000000001,0.8,2,0.739038388403601,0.5,gradient_boosting,platt,calibration
top_label,8,0.8,0.9,2,0.8238101146029766,1.0,gradient_boosting,platt,calibration
top_label,9,0.9,1.0,0,,,gradient_boosting,platt,calibration
A,0,0.0,0.1,2,0.08652973435155675,0.0,gradient_boosting,platt,calibration
A,1,0.1,0.2,8,0.17363859097911108,0.25,gradient_boosting,platt,calibration
A,2,0.2,0.30000000000000004,14,0.26008171521635587,0.14285714285714285,gradient_boosting,platt,calibration
A,3,0.30000000000000004,0.4,15,0.35000464658241554,0.3333333333333333,gradient_boosting,platt,calibration
A,4,0.4,0.5,14,0.4426519897290949,0.5714285714285714,gradient_boosting,platt,calibration
A,5,0.5,0.6000000000000001,7,0.5621296513695451,0.42857142857142855,gradient_boosting,platt,calibration
A,6,0.6000000000000001,0.7000000000000001,1,0.6634620741151624,1.0,gradient_boosting,platt,calibration
A,7,0.7000000000000001,0.8,1,0.7521612548647907,1.0,gradient_boosting,platt,calibration
A,8,0.8,0.9,0,,,gradient_boosting,platt,calibration
A,9,0.9,1.0,0,,,gradient_boosting,platt,calibration
D,0,0.0,0.1,2,0.0896601510454667,0.0,gradient_boosting,platt,calibration
D,1,0.1,0.2,17,0.16596248053448254,0.11764705882352941,gradient_boosting,platt,calibration
D,2,0.2,0.30000000000000004,30,0.2645335378163243,0.3,gradient_boosting,platt,calibration
D,3,0.30000000000000004,0.4,13,0.3125803948644166,0.3076923076923077,gradient_boosting,platt,calibration
D,4,0.4,0.5,0,,,gradient_boosting,platt,calibration
D,5,0.5,0.6000000000000001,0,,,gradient_boosting,platt,calibration
D,6,0.6000000000000001,0.7000000000000001,0,,,gradient_boosting,platt,calibration
D,7,0.7000000000000001,0.8,0,,,gradient_boosting,platt,calibration
D,8,0.8,0.9,0,,,gradient_boosting,platt,calibration
D,9,0.9,1.0,0,,,gradient_boosting,platt,calibration
H,0,0.0,0.1,1,0.08279762577603052,0.0,gradient_boosting,platt,calibration
H,1,0.1,0.2,8,0.1653318447337832,0.125,gradient_boosting,platt,calibration
H,2,0.2,0.30000000000000004,9,0.267025146385663,0.2222222222222222,gradient_boosting,platt,calibration
H,3,0.30000000000000004,0.4,17,0.35118357926169924,0.4117647058823529,gradient_boosting,platt,calibration
H,4,0.4,0.5,10,0.44051762490368046,0.4,gradient_boosting,platt,calibration
H,5,0.5,0.6000000000000001,7,0.5460746129479733,0.5714285714285714,gradient_boosting,platt,calibration
H,6,0.6000000000000001,0.7000000000000001,7,0.6598131098047526,0.7142857142857143,gradient_boosting,platt,calibration
H,7,0.7000000000000001,0.8,1,0.7259155219424114,0.0,gradient_boosting,platt,calibration
H,8,0.8,0.9,2,0.8238101146029766,1.0,gradient_boosting,platt,calibration
H,9,0.9,1.0,0,,,gradient_boosting,platt,calibration
top_label,0,0.0,0.1,0,,,gradient_boosting,platt,pilot_holdout
top_label,1,0.1,0.2,0,,,gradient_boosting,platt,pilot_holdout
top_label,2,0.2,0.30000000000000004,0,,,gradient_boosting,platt,pilot_holdout
top_label,3,0.30000000000000004,0.4,13,0.37289498930848797,0.3076923076923077,gradient_boosting,platt,pilot_holdout
top_label,4,0.4,0.5,30,0.43818985789660997,0.3,gradient_boosting,platt,pilot_holdout
top_label,5,0.5,0.6000000000000001,17,0.5477788556859611,0.7647058823529411,gradient_boosting,platt,pilot_holdout
top_label,6,0.6000000000000001,0.7000000000000001,13,0.6611455623064176,0.46153846153846156,gradient_boosting,platt,pilot_holdout
top_label,7,0.7000000000000001,0.8,3,0.7156552336734353,1.0,gradient_boosting,platt,pilot_holdout
top_label,8,0.8,0.9,3,0.828645643045879,0.6666666666666666,gradient_boosting,platt,pilot_holdout
top_label,9,0.9,1.0,0,,,gradient_boosting,platt,pilot_holdout
A,0,0.0,0.1,3,0.07815744316678881,0.3333333333333333,gradient_boosting,platt,pilot_holdout
A,1,0.1,0.2,11,0.16816503413778877,0.18181818181818182,gradient_boosting,platt,pilot_holdout
A,2,0.2,0.30000000000000004,12,0.25234118079070017,0.16666666666666666,gradient_boosting,platt,pilot_holdout
A,3,0.30000000000000004,0.4,21,0.3513707393843014,0.23809523809523808,gradient_boosting,platt,pilot_holdout
A,4,0.4,0.5,19,0.43984702064173,0.21052631578947367,gradient_boosting,platt,pilot_holdout
A,5,0.5,0.6000000000000001,10,0.5434004082260514,0.7,gradient_boosting,platt,pilot_holdout
A,6,0.6000000000000001,0.7000000000000001,2,0.6443098807604839,0.0,gradient_boosting,platt,pilot_holdout
A,7,0.7000000000000001,0.8,1,0.7335518558999926,1.0,gradient_boosting,platt,pilot_holdout
A,8,0.8,0.9,0,,,gradient_boosting,platt,pilot_holdout
A,9,0.9,1.0,0,,,gradient_boosting,platt,pilot_holdout
D,0,0.0,0.1,2,0.08978815135285499,0.0,gradient_boosting,platt,pilot_holdout
D,1,0.1,0.2,21,0.15622988502974458,0.09523809523809523,gradient_boosting,platt,pilot_holdout
D,2,0.2,0.30000000000000004,48,0.2535343528650318,0.25,gradient_boosting,platt,pilot_holdout
D,3,0.30000000000000004,0.4,8,0.33034696835102006,0.375,gradient_boosting,platt,pilot_holdout
D,4,0.4,0.5,0,,,gradient_boosting,platt,pilot_holdout
D,5,0.5,0.6000000000000001,0,,,gradient_boosting,platt,pilot_holdout
D,6,0.6000000000000001,0.7000000000000001,0,,,gradient_boosting,platt,pilot_holdout
D,7,0.7000000000000001,0.8,0,,,gradient_boosting,platt,pilot_holdout
D,8,0.8,0.9,0,,,gradient_boosting,platt,pilot_holdout
D,9,0.9,1.0,0,,,gradient_boosting,platt,pilot_holdout
H,0,0.0,0.1,1,0.08563587237312442,0.0,gradient_boosting,platt,pilot_holdout
H,1,0.1,0.2,7,0.16694951006037864,0.2857142857142857,gradient_boosting,platt,pilot_holdout
H,2,0.2,0.30000000000000004,18,0.26242711367283583,0.3888888888888889,gradient_boosting,platt,pilot_holdout
H,3,0.30000000000000004,0.4,18,0.3424709489166824,0.5,gradient_boosting,platt,pilot_holdout
H,4,0.4,0.5,12,0.4330356314468762,0.5,gradient_boosting,platt,pilot_holdout
H,5,0.5,0.6000000000000001,7,0.5540337806286891,0.8571428571428571,gradient_boosting,platt,pilot_holdout
H,6,0.6000000000000001,0.7000000000000001,11,0.664206595314769,0.5454545454545454,gradient_boosting,platt,pilot_holdout
H,7,0.7000000000000001,0.8,2,0.7067069225601568,1.0,gradient_boosting,platt,pilot_holdout
H,8,0.8,0.9,3,0.828645643045879,0.6666666666666666,gradient_boosting,platt,pilot_holdout
H,9,0.9,1.0,0,,,gradient_boosting,platt,pilot_holdout
top_label,0,0.0,0.1,0,,,gradient_boosting,isotonic,calibration
top_label,1,0.1,0.2,0,,,gradient_boosting,isotonic,calibration
top_label,2,0.2,0.30000000000000004,0,,,gradient_boosting,isotonic,calibration
top_label,3,0.30000000000000004,0.4,17,0.373613755073738,0.47058823529411764,gradient_boosting,isotonic,calibration
top_label,4,0.4,0.5,13,0.41939817607292096,0.3076923076923077,gradient_boosting,isotonic,calibration
top_label,5,0.5,0.6000000000000001,16,0.5275325704924103,0.5625,gradient_boosting,isotonic,calibration
top_label,6,0.6000000000000001,0.7000000000000001,11,0.6660381152247475,0.7272727272727273,gradient_boosting,isotonic,calibration
top_label,7,0.7000000000000001,0.8,0,,,gradient_boosting,isotonic,calibration
top_label,8,0.8,0.9,0,,,gradient_boosting,isotonic,calibration
top_label,9,0.9,1.0,5,0.999999999998,1.0,gradient_boosting,isotonic,calibration
A,0,0.0,0.1,2,9.99999999998e-13,0.0,gradient_boosting,isotonic,calibration
A,1,0.1,0.2,6,0.19444444444444445,0.16666666666666666,gradient_boosting,isotonic,calibration
A,2,0.2,0.30000000000000004,24,0.2551985876201883,0.2916666666666667,gradient_boosting,isotonic,calibration
A,3,0.30000000000000004,0.4,15,0.33834697941855185,0.26666666666666666,gradient_boosting,isotonic,calibration
A,4,0.4,0.5,2,0.4760702054794521,0.5,gradient_boosting,isotonic,calibration
A,5,0.5,0.6000000000000001,6,0.5327463992157454,0.6666666666666666,gradient_boosting,isotonic,calibration
A,6,0.6000000000000001,0.7000000000000001,4,0.6513535995154649,0.5,gradient_boosting,isotonic,calibration
A,7,0.7000000000000001,0.8,0,,,gradient_boosting,isotonic,calibration
A,8,0.8,0.9,0,,,gradient_boosting,isotonic,calibration
A,9,0.9,1.0,3,0.9999999999980002,1.0,gradient_boosting,isotonic,calibration
D,0,0.0,0.1,6,1.0451527224416233e-12,0.0,gradient_boosting,isotonic,calibration
D,1,0.1,0.2,11,0.15447056030027476,0.18181818181818182,gradient_boosting,isotonic,calibration
D,2,0.2,0.30000000000000004,25,0.27673706071311466,0.24,gradient_boosting,isotonic,calibration
D,3,0.30000000000000004,0.4,20,0.33185734123702126,0.35,gradient_boosting,isotonic,calibration
D,4,0.4,0.5,0,,,gradient_boosting,isotonic,calibration
D,5,0.5,0.6000000000000001,0,,,gradient_boosting,isotonic,calibration
D,6,0.6000000000000001,0.7000000000000001,0,,,gradient_boosting,isotonic,calibration
D,7,0.7000000000000001,0.8,0,,,gradient_boosting,isotonic,calibration
D,8,0.8,0.9,0,,,gradient_boosting,isotonic,calibration
D,9,0.9,1.0,0,,,gradient_boosting,isotonic,calibration
H,0,0.0,0.1,6,1.0689655172397317e-12,0.0,gradient_boosting,isotonic,calibration
H,1,0.1,0.2,4,0.1853932584269663,0.25,gradient_boosting,isotonic,calibration
H,2,0.2,0.30000000000000004,6,0.25059479136079066,0.3333333333333333,gradient_boosting,isotonic,calibration
H,3,0.30000000000000004,0.4,16,0.3696471604451982,0.375,gradient_boosting,isotonic,calibration
H,4,0.4,0.5,11,0.4090941707262789,0.2727272727272727,gradient_boosting,isotonic,calibration
H,5,0.5,0.6000000000000001,10,0.5244042732584091,0.5,gradient_boosting,isotonic,calibration
H,6,0.6000000000000001,0.7000000000000001,7,0.6744292670586233,0.8571428571428571,gradient_boosting,isotonic,calibration
H,7,0.7000000000000001,0.8,0,,,gradient_boosting,isotonic,calibration
H,8,0.8,0.9,0,,,gradient_boosting,isotonic,calibration
H,9,0.9,1.0,2,0.999999999998,1.0,gradient_boosting,isotonic,calibration
top_label,0,0.0,0.1,0,,,gradient_boosting,isotonic,pilot_holdout
top_label,1,0.1,0.2,0,,,gradient_boosting,isotonic,pilot_holdout
top_label,2,0.2,0.30000000000000004,0,,,gradient_boosting,isotonic,pilot_holdout
top_label,3,0.30000000000000004,0.4,19,0.3718109425651932,0.2631578947368421,gradient_boosting,isotonic,pilot_holdout
top_label,4,0.4,0.5,23,0.4072468381780947,0.5217391304347826,gradient_boosting,isotonic,pilot_holdout
top_label,5,0.5,0.6000000000000001,19,0.5247481982775557,0.7368421052631579,gradient_boosting,isotonic,pilot_holdout
top_label,6,0.6000000000000001,0.7000000000000001,10,0.6669850118579417,0.6,gradient_boosting,isotonic,pilot_holdout
top_label,7,0.7000000000000001,0.8,3,0.7589814243165004,0.3333333333333333,gradient_boosting,isotonic,pilot_holdout
top_label,8,0.8,0.9,1,0.8571428571421226,1.0,gradient_boosting,isotonic,pilot_holdout
top_label,9,0.9,1.0,4,0.9718028408131261,0.75,gradient_boosting,isotonic,pilot_holdout
A,0,0.0,0.1,3,0.03759621224753629,0.3333333333333333,gradient_boosting,isotonic,pilot_holdout
A,1,0.1,0.2,7,0.19444444444444445,0.0,gradient_boosting,isotonic,pilot_holdout
A,2,0.2,0.30000000000000004,33,0.25173051153875203,0.24242424242424243,gradient_boosting,isotonic,pilot_holdout
A,3,0.30000000000000004,0.4,18,0.3504736626808716,0.16666666666666666,gradient_boosting,isotonic,pilot_holdout
A,4,0.4,0.5,4,0.44244075230861196,0.25,gradient_boosting,isotonic,pilot_holdout
A,5,0.5,0.6000000000000001,9,0.5385632481346243,0.6666666666666666,gradient_boosting,isotonic,pilot_holdout
A,6,0.6000000000000001,0.7000000000000001,2,0.6389140955834094,0.0,gradient_boosting,isotonic,pilot_holdout
A,7,0.7000000000000001,0.8,1,0.7719298245608076,1.0,gradient_boosting,isotonic,pilot_holdout
A,8,0.8,0.9,1,0.8571428571421226,1.0,gradient_boosting,isotonic,pilot_holdout
A,9,0.9,1.0,1,0.999999999998,1.0,gradient_boosting,isotonic,pilot_holdout
D,0,0.0,0.1,7,0.008435761726194185,0.0,gradient_boosting,isotonic,pilot_holdout
D,1,0.1,0.2,12,0.1421893896763959,0.16666666666666666,gradient_boosting,isotonic,pilot_holdout
D,2,0.2,0.30000000000000004,25,0.277644153155344,0.24,gradient_boosting,isotonic,pilot_holdout
D,3,0.30000000000000004,0.4,34,0.33243955654827423,0.2647058823529412,gradient_boosting,isotonic,pilot_holdout
D,4,0.4,0.5,1,0.46987951807154194,0.0,gradient_boosting,isotonic,pilot_holdout
D,5,0.5,0.6000000000000001,0,,,gradient_boosting,isotonic,pilot_holdout
D,6,0.6000000000000001,0.7000000000000001,0,,,gradient_boosting,isotonic,pilot_holdout
D,7,0.7000000000000001,0.8,0,,,gradient_boosting,isotonic,pilot_holdout
D,8,0.8,0.9,0,,,gradient_boosting,isotonic,pilot_holdout
D,9,0.9,1.0,0,,,gradient_boosting,isotonic,pilot_holdout
H,0,0.0,0.1,5,1.0714730323925994e-12,0.4,gradient_boosting,isotonic,pilot_holdout
H,1,0.1,0.2,5,0.1853932584269663,0.0,gradient_boosting,isotonic,pilot_holdout
H,2,0.2,0.30000000000000004,13,0.26154057050895807,0.3076923076923077,gradient_boosting,isotonic,pilot_holdout
H,3,0.30000000000000004,0.4,13,0.35349319757667197,0.5384615384615384,gradient_boosting,isotonic,pilot_holdout
H,4,0.4,0.5,20,0.4038841749815135,0.55,gradient_boosting,isotonic,pilot_holdout
H,5,0.5,0.6000000000000001,10,0.5123146534061938,0.8,gradient_boosting,isotonic,pilot_holdout
H,6,0.6000000000000001,0.7000000000000001,8,0.6740027409265748,0.75,gradient_boosting,isotonic,pilot_holdout
H,7,0.7000000000000001,0.8,2,0.7525072241943467,0.0,gradient_boosting,isotonic,pilot_holdout
H,8,0.8,0.9,0,,,gradient_boosting,isotonic,pilot_holdout
H,9,0.9,1.0,3,0.9624037877515014,0.6666666666666666,gradient_boosting,isotonic,pilot_holdout
top_label,0,0.0,0.1,0,,,lightgbm,raw,calibration
top_label,1,0.1,0.2,0,,,lightgbm,raw,calibration
top_label,2,0.2,0.30000000000000004,0,,,lightgbm,raw,calibration
top_label,3,0.30000000000000004,0.4,1,0.3910052475080842,1.0,lightgbm,raw,calibration
top_label,4,0.4,0.5,8,0.44924295588528573,0.25,lightgbm,raw,calibration
top_label,5,0.5,0.6000000000000001,13,0.547926904254562,0.46153846153846156,lightgbm,raw,calibration
top_label,6,0.6000000000000001,0.7000000000000001,10,0.6436746695045955,0.3,lightgbm,raw,calibration
top_label,7,0.7000000000000001,0.8,11,0.7518799548031191,0.5454545454545454,lightgbm,raw,calibration
top_label,8,0.8,0.9,12,0.8448448392051758,0.5,lightgbm,raw,calibration
top_label,9,0.9,1.0,7,0.9624654184849545,1.0,lightgbm,raw,calibration
A,0,0.0,0.1,23,0.030283276445527915,0.34782608695652173,lightgbm,raw,calibration
A,1,0.1,0.2,10,0.14328721889196622,0.2,lightgbm,raw,calibration
A,2,0.2,0.30000000000000004,7,0.2381430373537887,0.14285714285714285,lightgbm,raw,calibration
A,3,0.30000000000000004,0.4,4,0.35885012113867176,0.5,lightgbm,raw,calibration
A,4,0.4,0.5,2,0.45503728913049407,0.5,lightgbm,raw,calibration
A,5,0.5,0.6000000000000001,5,0.5478085610336397,0.2,lightgbm,raw,calibration
A,6,0.6000000000000001,0.7000000000000001,4,0.6400945506327826,0.25,lightgbm,raw,calibration
A,7,0.7000000000000001,0.8,3,0.7794028571404068,0.6666666666666666,lightgbm,raw,calibration
A,8,0.8,0.9,3,0.8549242909891973,1.0,lightgbm,raw,calibration
A,9,0.9,1.0,1,0.9561299718615638,1.0,lightgbm,raw,calibration
D,0,0.0,0.1,21,0.05150387600682381,0.23809523809523808,lightgbm,raw,calibration
D,1,0.1,0.2,23,0.14973547156497222,0.2608695652173913,lightgbm,raw,calibration
D,2,0.2,0.30000000000000004,8,0.24678110510590656,0.375,lightgbm,raw,calibration
D,3,0.30000000000000004,0.4,4,0.358295868194495,0.0,lightgbm,raw,calibration
D,4,0.4,0.5,4,0.4457586158004706,0.25,lightgbm,raw,calibration
D,5,0.5,0.6000000000000001,2,0.5774633186925162,0.0,lightgbm,raw,calibration
D,6,0.6000000000000001,0.7000000000000001,0,,,lightgbm,raw,calibration
D,7,0.7000000000000001,0.8,0,,,lightgbm,raw,calibration
D,8,0.8,0.9,0,,,lightgbm,raw,calibration
D,9,0.9,1.0,0,,,lightgbm,raw,calibration
H,0,0.0,0.1,6,0.055073459903157096,0.0,lightgbm,raw,calibration
H,1,0.1,0.2,2,0.1276613604450932,0.0,lightgbm,raw,calibration
H,2,0.2,0.30000000000000004,3,0.27077592226704467,0.6666666666666666,lightgbm,raw,calibration
H,3,0.30000000000000004,0.4,12,0.3548467909062523,0.16666666666666666,lightgbm,raw,calibration
H,4,0.4,0.5,4,0.4450118546361422,0.25,lightgbm,raw,calibration
H,5,0.5,0.6000000000000001,6,0.5381800521260125,0.8333333333333334,lightgbm,raw,calibration
H,6,0.6000000000000001,0.7000000000000001,6,0.6460614154191374,0.3333333333333333,lightgbm,raw,calibration
H,7,0.7000000000000001,0.8,8,0.7415588664266362,0.5,lightgbm,raw,calibration
H,8,0.8,0.9,9,0.8414850219438355,0.3333333333333333,lightgbm,raw,calibration
H,9,0.9,1.0,6,0.9635213262555196,1.0,lightgbm,raw,calibration
top_label,0,0.0,0.1,0,,,lightgbm,raw,pilot_holdout
top_label,1,0.1,0.2,0,,,lightgbm,raw,pilot_holdout
top_label,2,0.2,0.30000000000000004,0,,,lightgbm,raw,pilot_holdout
top_label,3,0.30000000000000004,0.4,2,0.35985199558862857,0.5,lightgbm,raw,pilot_holdout
top_label,4,0.4,0.5,16,0.46690239528809413,0.1875,lightgbm,raw,pilot_holdout
top_label,5,0.5,0.6000000000000001,15,0.5480427562453856,0.26666666666666666,lightgbm,raw,pilot_holdout
top_label,6,0.6000000000000001,0.7000000000000001,11,0.6621443469368281,0.45454545454545453,lightgbm,raw,pilot_holdout
top_label,7,0.7000000000000001,0.8,10,0.7427629374671311,0.5,lightgbm,raw,pilot_holdout
top_label,8,0.8,0.9,9,0.8503454944468979,0.4444444444444444,lightgbm,raw,pilot_holdout
top_label,9,0.9,1.0,16,0.9488729356973933,0.75,lightgbm,raw,pilot_holdout
A,0,0.0,0.1,36,0.029024059649039466,0.16666666666666666,lightgbm,raw,pilot_holdout
A,1,0.1,0.2,9,0.13456739869461776,0.3333333333333333,lightgbm,raw,pilot_holdout
A,2,0.2,0.30000000000000004,9,0.2559539604914973,0.4444444444444444,lightgbm,raw,pilot_holdout
A,3,0.30000000000000004,0.4,11,0.34825100877465237,0.2727272727272727,lightgbm,raw,pilot_holdout
A,4,0.4,0.5,5,0.47569619348875875,0.2,lightgbm,raw,pilot_holdout
A,5,0.5,0.6000000000000001,1,0.5831206296889108,0.0,lightgbm,raw,pilot_holdout
A,6,0.6000000000000001,0.7000000000000001,2,0.6613228287071571,0.5,lightgbm,raw,pilot_holdout
A,7,0.7000000000000001,0.8,2,0.7439037559663677,0.5,lightgbm,raw,pilot_holdout
A,8,0.8,0.9,1,0.888876299901161,0.0,lightgbm,raw,pilot_holdout
A,9,0.9,1.0,3,0.9209391008010838,1.0,lightgbm,raw,pilot_holdout
D,0,0.0,0.1,23,0.04817255642533687,0.21739130434782608,lightgbm,raw,pilot_holdout
D,1,0.1,0.2,22,0.15317971757647506,0.3181818181818182,lightgbm,raw,pilot_holdout
D,2,0.2,0.30000000000000004,11,0.24897861493693932,0.18181818181818182,lightgbm,raw,pilot_holdout
D,3,0.30000000000000004,0.4,6,0.34951094008720746,0.3333333333333333,lightgbm,raw,pilot_holdout
D,4,0.4,0.5,7,0.44519348324125435,0.14285714285714285,lightgbm,raw,pilot_holdout
D,5,0.5,0.6000000000000001,6,0.5561221494617307,0.0,lightgbm,raw,pilot_holdout
D,6,0.6000000000000001,0.7000000000000001,1,0.6945919097694326,0.0,lightgbm,raw,pilot_holdout
D,7,0.7000000000000001,0.8,2,0.7425527613260084,0.0,lightgbm,raw,pilot_holdout
D,8,0.8,0.9,1,0.8110647347052952,0.0,lightgbm,raw,pilot_holdout
D,9,0.9,1.0,0,,,lightgbm,raw,pilot_holdout
H,0,0.0,0.1,8,0.056025380860038915,0.125,lightgbm,raw,pilot_holdout
H,1,0.1,0.2,5,0.154020716923375,0.6,lightgbm,raw,pilot_holdout
H,2,0.2,0.30000000000000004,5,0.24268364034859918,0.6,lightgbm,raw,pilot_holdout
H,3,0.30000000000000004,0.4,10,0.3468680214535199,0.6,lightgbm,raw,pilot_holdout
H,4,0.4,0.5,9,0.459305797822007,0.2222222222222222,lightgbm,raw,pilot_holdout
H,5,0.5,0.6000000000000001,8,0.537598477152686,0.5,lightgbm,raw,pilot_holdout
H,6,0.6000000000000001,0.7000000000000001,8,0.6582937811401703,0.5,lightgbm,raw,pilot_holdout
H,7,0.7000000000000001,0.8,6,0.7424527233477596,0.6666666666666666,lightgbm,raw,pilot_holdout
H,8,0.8,0.9,7,0.8504526307736606,0.5714285714285714,lightgbm,raw,pilot_holdout
H,9,0.9,1.0,13,0.9553192052888495,0.6923076923076923,lightgbm,raw,pilot_holdout
top_label,0,0.0,0.1,0,,,lightgbm,platt,calibration
top_label,1,0.1,0.2,0,,,lightgbm,platt,calibration
top_label,2,0.2,0.30000000000000004,0,,,lightgbm,platt,calibration
top_label,3,0.30000000000000004,0.4,5,0.371617833037187,0.4,lightgbm,platt,calibration
top_label,4,0.4,0.5,21,0.4417119820786543,0.42857142857142855,lightgbm,platt,calibration
top_label,5,0.5,0.6000000000000001,15,0.5514104627718085,0.4666666666666667,lightgbm,platt,calibration
top_label,6,0.6000000000000001,0.7000000000000001,6,0.628982419212194,0.5,lightgbm,platt,calibration
top_label,7,0.7000000000000001,0.8,6,0.7552042765817824,0.8333333333333334,lightgbm,platt,calibration
top_label,8,0.8,0.9,6,0.8481099320816319,1.0,lightgbm,platt,calibration
top_label,9,0.9,1.0,3,0.9452172719152067,1.0,lightgbm,platt,calibration
A,0,0.0,0.1,6,0.05443258118803651,0.0,lightgbm,platt,calibration
A,1,0.1,0.2,13,0.14454769505476855,0.15384615384615385,lightgbm,platt,calibration
A,2,0.2,0.30000000000000004,15,0.25712314300114475,0.26666666666666666,lightgbm,platt,calibration
A,3,0.30000000000000004,0.4,8,0.3471753232412818,0.25,lightgbm,platt,calibration
A,4,0.4,0.5,3,0.45717190336900293,0.3333333333333333,lightgbm,platt,calibration
A,5,0.5,0.6000000000000001,6,0.5444240806887564,0.6666666666666666,lightgbm,platt,calibration
A,6,0.6000000000000001,0.7000000000000001,3,0.6192271742983811,0.6666666666666666,lightgbm,platt,calibration
A,7,0.7000000000000001,0.8,4,0.7661878029303555,0.75,lightgbm,platt,calibration
A,8,0.8,0.9,3,0.87913993001718,1.0,lightgbm,platt,calibration
A,9,0.9,1.0,1,0.9644495287688669,1.0,lightgbm,platt,calibration
D,0,0.0,0.1,9,0.04945054865320156,0.0,lightgbm,platt,calibration
D,1,0.1,0.2,15,0.13048984194541516,0.2,lightgbm,platt,calibration
D,2,0.2,0.30000000000000004,15,0.2466671919921327,0.06666666666666667,lightgbm,platt,calibration
D,3,0.30000000000000004,0.4,10,0.34539700102187715,0.5,lightgbm,platt,calibration
D,4,0.4,0.5,13,0.4186372323701248,0.46153846153846156,lightgbm,platt,calibration
D,5,0.5,0.6000000000000001,0,,,lightgbm,platt,calibration
D,6,0.6000000000000001,0.7000000000000001,0,,,lightgbm,platt,calibration
D,7,0.7000000000000001,0.8,0,,,lightgbm,platt,calibration
D,8,0.8,0.9,0,,,lightgbm,platt,calibration
D,9,0.9,1.0,0,,,lightgbm,platt,calibration
H,0,0.0,0.1,6,0.06124058285127768,0.0,lightgbm,platt,calibration
H,1,0.1,0.2,6,0.1760077798265425,0.16666666666666666,lightgbm,platt,calibration
H,2,0.2,0.30000000000000004,8,0.24624701424833081,0.25,lightgbm,platt,calibration
H,3,0.30000000000000004,0.4,14,0.34062609904078295,0.5,lightgbm,platt,calibration
H,4,0.4,0.5,9,0.4585593729924452,0.4444444444444444,lightgbm,platt,calibration
H,5,0.5,0.6000000000000001,9,0.5560680508271766,0.3333333333333333,lightgbm,platt,calibration
H,6,0.6000000000000001,0.7000000000000001,3,0.6387376641260069,0.3333333333333333,lightgbm,platt,calibration
H,7,0.7000000000000001,0.8,2,0.7332372238846359,1.0,lightgbm,platt,calibration
H,8,0.8,0.9,3,0.8170799341460836,1.0,lightgbm,platt,calibration
H,9,0.9,1.0,2,0.9356011434883766,1.0,lightgbm,platt,calibration
top_label,0,0.0,0.1,0,,,lightgbm,platt,pilot_holdout
top_label,1,0.1,0.2,0,,,lightgbm,platt,pilot_holdout
top_label,2,0.2,0.30000000000000004,0,,,lightgbm,platt,pilot_holdout
top_label,3,0.30000000000000004,0.4,6,0.3802585446874563,0.16666666666666666,lightgbm,platt,pilot_holdout
top_label,4,0.4,0.5,23,0.44382335999160955,0.5652173913043478,lightgbm,platt,pilot_holdout
top_label,5,0.5,0.6000000000000001,12,0.5510097223925283,0.25,lightgbm,platt,pilot_holdout
top_label,6,0.6000000000000001,0.7000000000000001,8,0.6518780934527418,0.5,lightgbm,platt,pilot_holdout
top_label,7,0.7000000000000001,0.8,16,0.7535958313253359,0.5,lightgbm,platt,pilot_holdout
top_label,8,0.8,0.9,5,0.851105157828856,0.8,lightgbm,platt,pilot_holdout
top_label,9,0.9,1.0,9,0.9527724996710799,0.6666666666666666,lightgbm,platt,pilot_holdout
A,0,0.0,0.1,7,0.04912660200919148,0.14285714285714285,lightgbm,platt,pilot_holdout
A,1,0.1,0.2,14,0.14592819431641812,0.2857142857142857,lightgbm,platt,pilot_holdout
A,2,0.2,0.30000000000000004,15,0.25044829071847347,0.13333333333333333,lightgbm,platt,pilot_holdout
A,3,0.30000000000000004,0.4,8,0.3353764736849649,0.125,lightgbm,platt,pilot_holdout
A,4,0.4,0.5,6,0.43912649616109906,0.3333333333333333,lightgbm,platt,pilot_holdout
A,5,0.5,0.6000000000000001,8,0.5438045219945701,0.25,lightgbm,platt,pilot_holdout
A,6,0.6000000000000001,0.7000000000000001,4,0.6527481840405123,0.25,lightgbm,platt,pilot_holdout
A,7,0.7000000000000001,0.8,9,0.7448696365706585,0.4444444444444444,lightgbm,platt,pilot_holdout
A,8,0.8,0.9,2,0.8377556368933206,0.5,lightgbm,platt,pilot_holdout
A,9,0.9,1.0,6,0.9553039242842566,0.6666666666666666,lightgbm,platt,pilot_holdout
D,0,0.0,0.1,21,0.05106962736948135,0.047619047619047616,lightgbm,platt,pilot_holdout
D,1,0.1,0.2,26,0.14787049171805985,0.11538461538461539,lightgbm,platt,pilot_holdout
D,2,0.2,0.30000000000000004,12,0.25545372184862863,0.4166666666666667,lightgbm,platt,pilot_holdout
D,3,0.30000000000000004,0.4,10,0.3495878096032305,0.3,lightgbm,platt,pilot_holdout
D,4,0.4,0.5,10,0.42285267492925077,0.5,lightgbm,platt,pilot_holdout
D,5,0.5,0.6000000000000001,0,,,lightgbm,platt,pilot_holdout
D,6,0.6000000000000001,0.7000000000000001,0,,,lightgbm,platt,pilot_holdout
D,7,0.7000000000000001,0.8,0,,,lightgbm,platt,pilot_holdout
D,8,0.8,0.9,0,,,lightgbm,platt,pilot_holdout
D,9,0.9,1.0,0,,,lightgbm,platt,pilot_holdout
H,0,0.0,0.1,8,0.03771578367218273,0.375,lightgbm,platt,pilot_holdout
H,1,0.1,0.2,15,0.1462929655002684,0.5333333333333333,lightgbm,platt,pilot_holdout
H,2,0.2,0.30000000000000004,10,0.26139191324996847,0.2,lightgbm,platt,pilot_holdout
H,3,0.30000000000000004,0.4,10,0.33248927146538937,0.5,lightgbm,platt,pilot_holdout
H,4,0.4,0.5,15,0.4454395912392437,0.6,lightgbm,platt,pilot_holdout
H,5,0.5,0.6000000000000001,4,0.5654201231884448,0.25,lightgbm,platt,pilot_holdout
H,6,0.6000000000000001,0.7000000000000001,4,0.6510080028649714,0.75,lightgbm,platt,pilot_holdout
H,7,0.7000000000000001,0.8,7,0.7648152245813497,0.5714285714285714,lightgbm,platt,pilot_holdout
H,8,0.8,0.9,3,0.8600048384525464,1.0,lightgbm,platt,pilot_holdout
H,9,0.9,1.0,3,0.9477096504447263,0.6666666666666666,lightgbm,platt,pilot_holdout
top_label,0,0.0,0.1,0,,,lightgbm,isotonic,calibration
top_label,1,0.1,0.2,0,,,lightgbm,isotonic,calibration
top_label,2,0.2,0.30000000000000004,0,,,lightgbm,isotonic,calibration
top_label,3,0.30000000000000004,0.4,16,0.3636891286802991,0.5,lightgbm,isotonic,calibration
top_label,4,0.4,0.5,24,0.43084839778212364,0.375,lightgbm,isotonic,calibration
top_label,5,0.5,0.6000000000000001,4,0.5272393829326583,0.75,lightgbm,isotonic,calibration
top_label,6,0.6000000000000001,0.7000000000000001,5,0.6143243454466454,0.6,lightgbm,isotonic,calibration
top_label,7,0.7000000000000001,0.8,5,0.7645173041888509,1.0,lightgbm,isotonic,calibration
top_label,8,0.8,0.9,0,,,lightgbm,isotonic,calibration
top_label,9,0.9,1.0,8,0.9431818181805518,1.0,lightgbm,isotonic,calibration
A,0,0.0,0.1,8,1.0868059256086805e-12,0.0,lightgbm,isotonic,calibration
A,1,0.1,0.2,0,,,lightgbm,isotonic,calibration
A,2,0.2,0.30000000000000004,24,0.2936466619245431,0.25,lightgbm,isotonic,calibration
A,3,0.30000000000000004,0.4,19,0.3633202893382299,0.42105263157894735,lightgbm,isotonic,calibration
A,4,0.4,0.5,2,0.46874999999999994,0.0,lightgbm,isotonic,calibration
A,5,0.5,0.6000000000000001,1,0.5280898876396128,1.0,lightgbm,isotonic,calibration
A,6,0.6000000000000001,0.7000000000000001,2,0.6266666666658812,0.5,lightgbm,isotonic,calibration
A,7,0.7000000000000001,0.8,3,0.7704918032780949,1.0,lightgbm,isotonic,calibration
A,8,0.8,0.9,0,,,lightgbm,isotonic,calibration
A,9,0.9,1.0,3,0.9393939393927218,1.0,lightgbm,isotonic,calibration
D,0,0.0,0.1,10,0.04545454545495525,0.0,lightgbm,isotonic,calibration
D,1,0.1,0.2,5,0.12326458347347961,0.2,lightgbm,isotonic,calibration
D,2,0.2,0.30000000000000004,25,0.26908128184367697,0.28,lightgbm,isotonic,calibration
D,3,0.30000000000000004,0.4,21,0.34269342446419276,0.3333333333333333,lightgbm,isotonic,calibration
D,4,0.4,0.5,1,0.471910112358803,0.0,lightgbm,isotonic,calibration
D,5,0.5,0.6000000000000001,0,,,lightgbm,isotonic,calibration
D,6,0.6000000000000001,0.7000000000000001,0,,,lightgbm,isotonic,calibration
D,7,0.7000000000000001,0.8,0,,,lightgbm,isotonic,calibration
D,8,0.8,0.9,0,,,lightgbm,isotonic,calibration
D,9,0.9,1.0,0,,,lightgbm,isotonic,calibration
H,0,0.0,0.1,9,1.0245103952883125e-12,0.0,lightgbm,isotonic,calibration
H,1,0.1,0.2,0,,,lightgbm,isotonic,calibration
H,2,0.2,0.30000000000000004,0,,,lightgbm,isotonic,calibration
H,3,0.30000000000000004,0.4,18,0.31633557222930364,0.2777777777777778,lightgbm,isotonic,calibration
H,4,0.4,0.5,22,0.42740279758049843,0.4090909090909091,lightgbm,isotonic,calibration
H,5,0.5,0.6000000000000001,3,0.5269558813636733,0.6666666666666666,lightgbm,isotonic,calibration
H,6,0.6000000000000001,0.7000000000000001,3,0.6060961313004881,0.6666666666666666,lightgbm,isotonic,calibration
H,7,0.7000000000000001,0.8,2,0.7555555555549847,1.0,lightgbm,isotonic,calibration
H,8,0.8,0.9,0,,,lightgbm,isotonic,calibration
H,9,0.9,1.0,5,0.9454545454532497,1.0,lightgbm,isotonic,calibration
top_label,0,0.0,0.1,0,,,lightgbm,isotonic,pilot_holdout
top_label,1,0.1,0.2,0,,,lightgbm,isotonic,pilot_holdout
top_label,2,0.2,0.30000000000000004,0,,,lightgbm,isotonic,pilot_holdout
top_label,3,0.30000000000000004,0.4,17,0.3629956452538314,0.17647058823529413,lightgbm,isotonic,pilot_holdout
top_label,4,0.4,0.5,29,0.4281488336352732,0.41379310344827586,lightgbm,isotonic,pilot_holdout
top_label,5,0.5,0.6000000000000001,9,0.5219289099905129,0.6666666666666666,lightgbm,isotonic,pilot_holdout
top_label,6,0.6000000000000001,0.7000000000000001,8,0.6203767082943245,0.625,lightgbm,isotonic,pilot_holdout
top_label,7,0.7000000000000001,0.8,4,0.736485571060535,0.5,lightgbm,isotonic,pilot_holdout
top_label,8,0.8,0.9,0,,,lightgbm,isotonic,pilot_holdout
top_label,9,0.9,1.0,12,0.9545454545440414,0.75,lightgbm,isotonic,pilot_holdout
A,0,0.0,0.1,12,9.985483610134378e-13,0.08333333333333333,lightgbm,isotonic,pilot_holdout
A,1,0.1,0.2,3,0.19953685835584714,0.3333333333333333,lightgbm,isotonic,pilot_holdout
A,2,0.2,0.30000000000000004,25,0.29295790099480334,0.28,lightgbm,isotonic,pilot_holdout
A,3,0.30000000000000004,0.4,21,0.3516400875276372,0.19047619047619047,lightgbm,isotonic,pilot_holdout
A,4,0.4,0.5,3,0.45891787892906916,0.0,lightgbm,isotonic,pilot_holdout
A,5,0.5,0.6000000000000001,8,0.5229176872907288,0.625,lightgbm,isotonic,pilot_holdout
A,6,0.6000000000000001,0.7000000000000001,3,0.6266666666658812,0.3333333333333333,lightgbm,isotonic,pilot_holdout
A,7,0.7000000000000001,0.8,1,0.7704918032780949,1.0,lightgbm,isotonic,pilot_holdout
A,8,0.8,0.9,0,,,lightgbm,isotonic,pilot_holdout
A,9,0.9,1.0,3,0.9393939393927218,0.6666666666666666,lightgbm,isotonic,pilot_holdout
D,0,0.0,0.1,14,0.04899645808776032,0.21428571428571427,lightgbm,isotonic,pilot_holdout
D,1,0.1,0.2,5,0.16078261785043124,0.2,lightgbm,isotonic,pilot_holdout
D,2,0.2,0.30000000000000004,29,0.2732122919284036,0.20689655172413793,lightgbm,isotonic,pilot_holdout
D,3,0.30000000000000004,0.4,22,0.3421448496402552,0.3181818181818182,lightgbm,isotonic,pilot_holdout
D,4,0.4,0.5,9,0.4738966772161935,0.0,lightgbm,isotonic,pilot_holdout
D,5,0.5,0.6000000000000001,0,,,lightgbm,isotonic,pilot_holdout
D,6,0.6000000000000001,0.7000000000000001,0,,,lightgbm,isotonic,pilot_holdout
D,7,0.7000000000000001,0.8,0,,,lightgbm,isotonic,pilot_holdout
D,8,0.8,0.9,0,,,lightgbm,isotonic,pilot_holdout
D,9,0.9,1.0,0,,,lightgbm,isotonic,pilot_holdout
H,0,0.0,0.1,16,0.004034570362159016,0.3125,lightgbm,isotonic,pilot_holdout
H,1,0.1,0.2,1,0.1914476260057002,1.0,lightgbm,isotonic,pilot_holdout
H,2,0.2,0.30000000000000004,0,,,lightgbm,isotonic,pilot_holdout
H,3,0.30000000000000004,0.4,18,0.3196969324595078,0.5,lightgbm,isotonic,pilot_holdout
H,4,0.4,0.5,26,0.4245985591782968,0.46153846153846156,lightgbm,isotonic,pilot_holdout
H,5,0.5,0.6000000000000001,1,0.5140186915887851,1.0,lightgbm,isotonic,pilot_holdout
H,6,0.6000000000000001,0.7000000000000001,5,0.6166027332713905,0.8,lightgbm,isotonic,pilot_holdout
H,7,0.7000000000000001,0.8,3,0.7251501603213484,0.3333333333333333,lightgbm,isotonic,pilot_holdout
H,8,0.8,0.9,0,,,lightgbm,isotonic,pilot_holdout
H,9,0.9,1.0,9,0.9595959595944811,0.7777777777777778,lightgbm,isotonic,pilot_holdout
top_label,0,0.0,0.1,0,,,p1_logistic,raw,calibration
top_label,1,0.1,0.2,0,,,p1_logistic,raw,calibration
top_label,2,0.2,0.30000000000000004,0,,,p1_logistic,raw,calibration
top_label,3,0.30000000000000004,0.4,2,0.38611498795514376,0.0,p1_logistic,raw,calibration
top_label,4,0.4,0.5,12,0.46504415295996715,0.25,p1_logistic,raw,calibration
top_label,5,0.5,0.6000000000000001,17,0.5336750457367159,0.47058823529411764,p1_logistic,raw,calibration
top_label,6,0.6000000000000001,0.7000000000000001,10,0.6524265538782272,0.4,p1_logistic,raw,calibration
top_label,7,0.7000000000000001,0.8,8,0.7625996514974902,0.625,p1_logistic,raw,calibration
top_label,8,0.8,0.9,8,0.8377177901564561,0.875,p1_logistic,raw,calibration
top_label,9,0.9,1.0,5,0.9366635918703758,0.8,p1_logistic,raw,calibration
A,0,0.0,0.1,34,0.04444794940049924,0.17647058823529413,p1_logistic,raw,calibration
A,1,0.1,0.2,9,0.14934368035312595,0.5555555555555556,p1_logistic,raw,calibration
A,2,0.2,0.30000000000000004,9,0.2652907116025112,0.4444444444444444,p1_logistic,raw,calibration
A,3,0.30000000000000004,0.4,3,0.36055053732363374,0.6666666666666666,p1_logistic,raw,calibration
A,4,0.4,0.5,1,0.47017873040427577,1.0,p1_logistic,raw,calibration
A,5,0.5,0.6000000000000001,5,0.5363965566555916,0.6,p1_logistic,raw,calibration
A,6,0.6000000000000001,0.7000000000000001,0,,,p1_logistic,raw,calibration
A,7,0.7000000000000001,0.8,0,,,p1_logistic,raw,calibration
A,8,0.8,0.9,1,0.8148931078682883,1.0,p1_logistic,raw,calibration
A,9,0.9,1.0,0,,,p1_logistic,raw,calibration
D,0,0.0,0.1,9,0.06049025277715914,0.1111111111111111,p1_logistic,raw,calibration
D,1,0.1,0.2,19,0.14879118112794756,0.15789473684210525,p1_logistic,raw,calibration
D,2,0.2,0.30000000000000004,14,0.24295214747210628,0.21428571428571427,p1_logistic,raw,calibration
D,3,0.30000000000000004,0.4,9,0.33383739031190984,0.3333333333333333,p1_logistic,raw,calibration
D,4,0.4,0.5,8,0.45938524954317317,0.375,p1_logistic,raw,calibration
D,5,0.5,0.6000000000000001,3,0.5271919569163207,0.6666666666666666,p1_logistic,raw,calibration
D,6,0.6000000000000001,0.7000000000000001,0,,,p1_logistic,raw,calibration
D,7,0.7000000000000001,0.8,0,,,p1_logistic,raw,calibration
D,8,0.8,0.9,0,,,p1_logistic,raw,calibration
D,9,0.9,1.0,0,,,p1_logistic,raw,calibration
H,0,0.0,0.1,0,,,p1_logistic,raw,calibration
H,1,0.1,0.2,2,0.1255790036615881,0.5,p1_logistic,raw,calibration
H,2,0.2,0.30000000000000004,2,0.2447050162504606,0.0,p1_logistic,raw,calibration
H,3,0.30000000000000004,0.4,9,0.37055825427549544,0.1111111111111111,p1_logistic,raw,calibration
H,4,0.4,0.5,10,0.45946454230261696,0.1,p1_logistic,raw,calibration
H,5,0.5,0.6000000000000001,9,0.5343241248330277,0.3333333333333333,p1_logistic,raw,calibration
H,6,0.6000000000000001,0.7000000000000001,10,0.6524265538782272,0.4,p1_logistic,raw,calibration
H,7,0.7000000000000001,0.8,8,0.7625996514974902,0.625,p1_logistic,raw,calibration
H,8,0.8,0.9,7,0.8409784590547658,0.8571428571428571,p1_logistic,raw,calibration
H,9,0.9,1.0,5,0.9366635918703758,0.8,p1_logistic,raw,calibration
top_label,0,0.0,0.1,0,,,p1_logistic,raw,pilot_holdout
top_label,1,0.1,0.2,0,,,p1_logistic,raw,pilot_holdout
top_label,2,0.2,0.30000000000000004,0,,,p1_logistic,raw,pilot_holdout
top_label,3,0.30000000000000004,0.4,0,,,p1_logistic,raw,pilot_holdout
top_label,4,0.4,0.5,5,0.4578046887430676,0.4,p1_logistic,raw,pilot_holdout
top_label,5,0.5,0.6000000000000001,14,0.5391256143430508,0.5714285714285714,p1_logistic,raw,pilot_holdout
top_label,6,0.6000000000000001,0.7000000000000001,13,0.667106635322239,0.5384615384615384,p1_logistic,raw,pilot_holdout
top_label,7,0.7000000000000001,0.8,17,0.747266710375197,0.23529411764705882,p1_logistic,raw,pilot_holdout
top_label,8,0.8,0.9,21,0.845334939701969,0.6666666666666666,p1_logistic,raw,pilot_holdout
top_label,9,0.9,1.0,9,0.9494029607892492,0.6666666666666666,p1_logistic,raw,pilot_holdout
A,0,0.0,0.1,56,0.046203183908370714,0.21428571428571427,p1_logistic,raw,pilot_holdout
A,1,0.1,0.2,10,0.12991066521358935,0.5,p1_logistic,raw,pilot_holdout
A,2,0.2,0.30000000000000004,9,0.24035988836991415,0.2222222222222222,p1_logistic,raw,pilot_holdout
A,3,0.30000000000000004,0.4,3,0.3450997208638609,0.6666666666666666,p1_logistic,raw,pilot_holdout
A,4,0.4,0.5,0,,,p1_logistic,raw,pilot_holdout
A,5,0.5,0.6000000000000001,0,,,p1_logistic,raw,pilot_holdout
A,6,0.6000000000000001,0.7000000000000001,1,0.6117133489598963,1.0,p1_logistic,raw,pilot_holdout
A,7,0.7000000000000001,0.8,0,,,p1_logistic,raw,pilot_holdout
A,8,0.8,0.9,0,,,p1_logistic,raw,pilot_holdout
A,9,0.9,1.0,0,,,p1_logistic,raw,pilot_holdout
D,0,0.0,0.1,21,0.055988468703123934,0.23809523809523808,p1_logistic,raw,pilot_holdout
D,1,0.1,0.2,28,0.13586852395629528,0.2857142857142857,p1_logistic,raw,pilot_holdout
D,2,0.2,0.30000000000000004,16,0.23097422456338226,0.1875,p1_logistic,raw,pilot_holdout
D,3,0.30000000000000004,0.4,8,0.35772053277346244,0.0,p1_logistic,raw,pilot_holdout
D,4,0.4,0.5,4,0.4469488122972276,0.0,p1_logistic,raw,pilot_holdout
D,5,0.5,0.6000000000000001,1,0.5030508310554339,0.0,p1_logistic,raw,pilot_holdout
D,6,0.6000000000000001,0.7000000000000001,1,0.6143088578598419,1.0,p1_logistic,raw,pilot_holdout
D,7,0.7000000000000001,0.8,0,,,p1_logistic,raw,pilot_holdout
D,8,0.8,0.9,0,,,p1_logistic,raw,pilot_holdout
D,9,0.9,1.0,0,,,p1_logistic,raw,pilot_holdout
H,0,0.0,0.1,0,,,p1_logistic,raw,pilot_holdout
H,1,0.1,0.2,0,,,p1_logistic,raw,pilot_holdout
H,2,0.2,0.30000000000000004,0,,,p1_logistic,raw,pilot_holdout
H,3,0.30000000000000004,0.4,2,0.34137485081497715,0.0,p1_logistic,raw,pilot_holdout
H,4,0.4,0.5,6,0.44777737571620463,0.5,p1_logistic,raw,pilot_holdout
H,5,0.5,0.6000000000000001,13,0.5419005976728675,0.6153846153846154,p1_logistic,raw,pilot_holdout
H,6,0.6000000000000001,0.7000000000000001,11,0.6769421865790336,0.45454545454545453,p1_logistic,raw,pilot_holdout
H,7,0.7000000000000001,0.8,17,0.747266710375197,0.23529411764705882,p1_logistic,raw,pilot_holdout
H,8,0.8,0.9,21,0.845334939701969,0.6666666666666666,p1_logistic,raw,pilot_holdout
H,9,0.9,1.0,9,0.9494029607892492,0.6666666666666666,p1_logistic,raw,pilot_holdout
top_label,0,0.0,0.1,0,,,p1_logistic,platt,calibration
top_label,1,0.1,0.2,0,,,p1_logistic,platt,calibration
top_label,2,0.2,0.30000000000000004,0,,,p1_logistic,platt,calibration
top_label,3,0.30000000000000004,0.4,6,0.3835800640602392,0.3333333333333333,p1_logistic,platt,calibration
top_label,4,0.4,0.5,17,0.44906580758441944,0.5294117647058824,p1_logistic,platt,calibration
top_label,5,0.5,0.6000000000000001,14,0.546840905442455,0.5,p1_logistic,platt,calibration
top_label,6,0.6000000000000001,0.7000000000000001,10,0.6465542209569894,0.6,p1_logistic,platt,calibration
top_label,7,0.7000000000000001,0.8,11,0.7690022293090603,0.9090909090909091,p1_logistic,platt,calibration
top_label,8,0.8,0.9,3,0.8884529693726878,0.6666666666666666,p1_logistic,platt,calibration
top_label,9,0.9,1.0,1,0.9144153007020664,1.0,p1_logistic,platt,calibration
A,0,0.0,0.1,6,0.06614034884437806,0.16666666666666666,p1_logistic,platt,calibration
A,1,0.1,0.2,12,0.15562889780522712,0.08333333333333333,p1_logistic,platt,calibration
A,2,0.2,0.30000000000000004,12,0.2502261660595072,0.16666666666666666,p1_logistic,platt,calibration
A,3,0.30000000000000004,0.4,8,0.35126444688358044,0.625,p1_logistic,platt,calibration
A,4,0.4,0.5,6,0.4528272158383478,0.3333333333333333,p1_logistic,platt,calibration
A,5,0.5,0.6000000000000001,8,0.5384643655381351,0.5,p1_logistic,platt,calibration
A,6,0.6000000000000001,0.7000000000000001,6,0.6410928805901311,0.5,p1_logistic,platt,calibration
A,7,0.7000000000000001,0.8,4,0.7630405447152673,1.0,p1_logistic,platt,calibration
A,8,0.8,0.9,0,,,p1_logistic,platt,calibration
A,9,0.9,1.0,0,,,p1_logistic,platt,calibration
D,0,0.0,0.1,7,0.05470147190230945,0.0,p1_logistic,platt,calibration
D,1,0.1,0.2,17,0.1531990896744189,0.11764705882352941,p1_logistic,platt,calibration
D,2,0.2,0.30000000000000004,18,0.24840862573800246,0.3333333333333333,p1_logistic,platt,calibration
D,3,0.30000000000000004,0.4,13,0.34649897089002574,0.3076923076923077,p1_logistic,platt,calibration
D,4,0.4,0.5,7,0.4339124437689517,0.42857142857142855,p1_logistic,platt,calibration
D,5,0.5,0.6000000000000001,0,,,p1_logistic,platt,calibration
D,6,0.6000000000000001,0.7000000000000001,0,,,p1_logistic,platt,calibration
D,7,0.7000000000000001,0.8,0,,,p1_logistic,platt,calibration
D,8,0.8,0.9,0,,,p1_logistic,platt,calibration
D,9,0.9,1.0,0,,,p1_logistic,platt,calibration
H,0,0.0,0.1,5,0.08462285820134323,0.2,p1_logistic,platt,calibration
H,1,0.1,0.2,13,0.1465223135764237,0.07692307692307693,p1_logistic,platt,calibration
H,2,0.2,0.30000000000000004,9,0.24733980321143123,0.1111111111111111,p1_logistic,platt,calibration
H,3,0.30000000000000004,0.4,8,0.34848391360528724,0.375,p1_logistic,platt,calibration
H,4,0.4,0.5,6,0.45055782153506724,0.6666666666666666,p1_logistic,platt,calibration
H,5,0.5,0.6000000000000001,6,0.5580096253148815,0.5,p1_logistic,platt,calibration
H,6,0.6000000000000001,0.7000000000000001,4,0.6547462315072765,0.75,p1_logistic,platt,calibration
H,7,0.7000000000000001,0.8,7,0.772408906219799,0.8571428571428571,p1_logistic,platt,calibration
H,8,0.8,0.9,3,0.8884529693726878,0.6666666666666666,p1_logistic,platt,calibration
H,9,0.9,1.0,1,0.9144153007020664,1.0,p1_logistic,platt,calibration
top_label,0,0.0,0.1,0,,,p1_logistic,platt,pilot_holdout
top_label,1,0.1,0.2,0,,,p1_logistic,platt,pilot_holdout
top_label,2,0.2,0.30000000000000004,0,,,p1_logistic,platt,pilot_holdout
top_label,3,0.30000000000000004,0.4,5,0.3822488506298164,0.6,p1_logistic,platt,pilot_holdout
top_label,4,0.4,0.5,25,0.4452934358249258,0.32,p1_logistic,platt,pilot_holdout
top_label,5,0.5,0.6000000000000001,13,0.5351995778351957,0.46153846153846156,p1_logistic,platt,pilot_holdout
top_label,6,0.6000000000000001,0.7000000000000001,20,0.652049936724188,0.6,p1_logistic,platt,pilot_holdout
top_label,7,0.7000000000000001,0.8,6,0.7463622857625035,0.6666666666666666,p1_logistic,platt,pilot_holdout
top_label,8,0.8,0.9,6,0.8441688331271027,0.6666666666666666,p1_logistic,platt,pilot_holdout
top_label,9,0.9,1.0,4,0.9482549615233585,1.0,p1_logistic,platt,pilot_holdout
A,0,0.0,0.1,9,0.06397407740073013,0.2222222222222222,p1_logistic,platt,pilot_holdout
A,1,0.1,0.2,16,0.15402894565595854,0.1875,p1_logistic,platt,pilot_holdout
A,2,0.2,0.30000000000000004,17,0.24749779689272156,0.29411764705882354,p1_logistic,platt,pilot_holdout
A,3,0.30000000000000004,0.4,13,0.3496969298731993,0.15384615384615385,p1_logistic,platt,pilot_holdout
A,4,0.4,0.5,11,0.45567462625102306,0.36363636363636365,p1_logistic,platt,pilot_holdout
A,5,0.5,0.6000000000000001,3,0.5342762866200085,0.0,p1_logistic,platt,pilot_holdout
A,6,0.6000000000000001,0.7000000000000001,9,0.6356751191730605,0.5555555555555556,p1_logistic,platt,pilot_holdout
A,7,0.7000000000000001,0.8,0,,,p1_logistic,platt,pilot_holdout
A,8,0.8,0.9,1,0.8113627962317101,1.0,p1_logistic,platt,pilot_holdout
A,9,0.9,1.0,0,,,p1_logistic,platt,pilot_holdout
D,0,0.0,0.1,18,0.05711182662962169,0.1111111111111111,p1_logistic,platt,pilot_holdout
D,1,0.1,0.2,26,0.15373564253826322,0.3076923076923077,p1_logistic,platt,pilot_holdout
D,2,0.2,0.30000000000000004,21,0.23466857992700293,0.23809523809523808,p1_logistic,platt,pilot_holdout
D,3,0.30000000000000004,0.4,12,0.3394291633078621,0.08333333333333333,p1_logistic,platt,pilot_holdout
D,4,0.4,0.5,2,0.41867580065074106,0.5,p1_logistic,platt,pilot_holdout
D,5,0.5,0.6000000000000001,0,,,p1_logistic,platt,pilot_holdout
D,6,0.6000000000000001,0.7000000000000001,0,,,p1_logistic,platt,pilot_holdout
D,7,0.7000000000000001,0.8,0,,,p1_logistic,platt,pilot_holdout
D,8,0.8,0.9,0,,,p1_logistic,platt,pilot_holdout
D,9,0.9,1.0,0,,,p1_logistic,platt,pilot_holdout
H,0,0.0,0.1,1,0.08914767577221439,0.0,p1_logistic,platt,pilot_holdout
H,1,0.1,0.2,7,0.15646817141881778,0.42857142857142855,p1_logistic,platt,pilot_holdout
H,2,0.2,0.30000000000000004,9,0.24591860038671706,0.3333333333333333,p1_logistic,platt,pilot_holdout
H,3,0.30000000000000004,0.4,10,0.36193312563164737,0.5,p1_logistic,platt,pilot_holdout
H,4,0.4,0.5,16,0.43614512390905097,0.3125,p1_logistic,platt,pilot_holdout
H,5,0.5,0.6000000000000001,10,0.535476565199752,0.6,p1_logistic,platt,pilot_holdout
H,6,0.6000000000000001,0.7000000000000001,11,0.6654475147205651,0.6363636363636364,p1_logistic,platt,pilot_holdout
H,7,0.7000000000000001,0.8,6,0.7463622857625035,0.6666666666666666,p1_logistic,platt,pilot_holdout
H,8,0.8,0.9,5,0.8507300405061813,0.6,p1_logistic,platt,pilot_holdout
H,9,0.9,1.0,4,0.9482549615233585,1.0,p1_logistic,platt,pilot_holdout
top_label,0,0.0,0.1,0,,,p1_logistic,isotonic,calibration
top_label,1,0.1,0.2,0,,,p1_logistic,isotonic,calibration
top_label,2,0.2,0.30000000000000004,0,,,p1_logistic,isotonic,calibration
top_label,3,0.30000000000000004,0.4,2,0.3694483188959037,0.5,p1_logistic,isotonic,calibration
top_label,4,0.4,0.5,15,0.4719557001493285,0.6666666666666666,p1_logistic,isotonic,calibration
top_label,5,0.5,0.6000000000000001,20,0.5605188080839338,0.5,p1_logistic,isotonic,calibration
top_label,6,0.6000000000000001,0.7000000000000001,9,0.6543299350777678,0.7777777777777778,p1_logistic,isotonic,calibration
top_label,7,0.7000000000000001,0.8,1,0.7321131447587355,1.0,p1_logistic,isotonic,calibration
top_label,8,0.8,0.9,7,0.8457880642653589,1.0,p1_logistic,isotonic,calibration
top_label,9,0.9,1.0,8,0.949145863507201,0.875,p1_logistic,isotonic,calibration
A,0,0.0,0.1,16,0.053921419629449546,0.0625,p1_logistic,isotonic,calibration
A,1,0.1,0.2,5,0.15407091779807192,0.2,p1_logistic,isotonic,calibration
A,2,0.2,0.30000000000000004,6,0.26435634570808736,0.0,p1_logistic,isotonic,calibration
A,3,0.30000000000000004,0.4,6,0.32782525382105643,0.3333333333333333,p1_logistic,isotonic,calibration
A,4,0.4,0.5,14,0.46029876588936364,0.5714285714285714,p1_logistic,isotonic,calibration
A,5,0.5,0.6000000000000001,9,0.5749329806262218,0.4444444444444444,p1_logistic,isotonic,calibration
A,6,0.6000000000000001,0.7000000000000001,1,0.6905829596412556,1.0,p1_logistic,isotonic,calibration
A,7,0.7000000000000001,0.8,1,0.7321131447587355,1.0,p1_logistic,isotonic,calibration
A,8,0.8,0.9,2,0.8573473282438919,1.0,p1_logistic,isotonic,calibration
A,9,0.9,1.0,2,0.9545454545440414,1.0,p1_logistic,isotonic,calibration
D,0,0.0,0.1,17,0.04383971589905144,0.058823529411764705,p1_logistic,isotonic,calibration
D,1,0.1,0.2,2,0.12394700909545377,0.0,p1_logistic,isotonic,calibration
D,2,0.2,0.30000000000000004,28,0.25110685809007466,0.25,p1_logistic,isotonic,calibration
D,3,0.30000000000000004,0.4,5,0.3336165849487813,0.2,p1_logistic,isotonic,calibration
D,4,0.4,0.5,4,0.4547470037223381,0.5,p1_logistic,isotonic,calibration
D,5,0.5,0.6000000000000001,3,0.566125860373648,0.3333333333333333,p1_logistic,isotonic,calibration
D,6,0.6000000000000001,0.7000000000000001,2,0.6212121212121212,1.0,p1_logistic,isotonic,calibration
D,7,0.7000000000000001,0.8,0,,,p1_logistic,isotonic,calibration
D,8,0.8,0.9,1,0.8235294117636884,1.0,p1_logistic,isotonic,calibration
D,9,0.9,1.0,0,,,p1_logistic,isotonic,calibration
H,0,0.0,0.1,6,0.07158145251393543,0.0,p1_logistic,isotonic,calibration
H,1,0.1,0.2,19,0.14615955082416188,0.15789473684210525,p1_logistic,isotonic,calibration
H,2,0.2,0.30000000000000004,8,0.2843156067202649,0.125,p1_logistic,isotonic,calibration
H,3,0.30000000000000004,0.4,2,0.3410292174423727,0.5,p1_logistic,isotonic,calibration
H,4,0.4,0.5,3,0.4500508910801227,0.6666666666666666,p1_logistic,isotonic,calibration
H,5,0.5,0.6000000000000001,8,0.542200219365217,0.625,p1_logistic,isotonic,calibration
H,6,0.6000000000000001,0.7000000000000001,6,0.6593270356057354,0.6666666666666666,p1_logistic,isotonic,calibration
H,7,0.7000000000000001,0.8,0,,,p1_logistic,isotonic,calibration
H,8,0.8,0.9,4,0.84557309540151,1.0,p1_logistic,isotonic,calibration
H,9,0.9,1.0,6,0.9473459998282542,0.8333333333333334,p1_logistic,isotonic,calibration
top_label,0,0.0,0.1,0,,,p1_logistic,isotonic,pilot_holdout
top_label,1,0.1,0.2,0,,,p1_logistic,isotonic,pilot_holdout
top_label,2,0.2,0.30000000000000004,0,,,p1_logistic,isotonic,pilot_holdout
top_label,3,0.30000000000000004,0.4,5,0.3706897812888596,0.4,p1_logistic,isotonic,pilot_holdout
top_label,4,0.4,0.5,6,0.4611358305497301,0.3333333333333333,p1_logistic,isotonic,pilot_holdout
top_label,5,0.5,0.6000000000000001,29,0.5445896371523326,0.3103448275862069,p1_logistic,isotonic,pilot_holdout
top_label,6,0.6000000000000001,0.7000000000000001,16,0.6426419258528477,0.625,p1_logistic,isotonic,pilot_holdout
top_label,7,0.7000000000000001,0.8,4,0.7444001471573725,0.25,p1_logistic,isotonic,pilot_holdout
top_label,8,0.8,0.9,8,0.8388710040962948,0.75,p1_logistic,isotonic,pilot_holdout
top_label,9,0.9,1.0,11,0.9570472117694365,0.7272727272727273,p1_logistic,isotonic,pilot_holdout
A,0,0.0,0.1,22,0.056973724454991666,0.13636363636363635,p1_logistic,isotonic,pilot_holdout
A,1,0.1,0.2,10,0.16103993474079908,0.3,p1_logistic,isotonic,pilot_holdout
A,2,0.2,0.30000000000000004,16,0.2614778523074498,0.3125,p1_logistic,isotonic,pilot_holdout
A,3,0.30000000000000004,0.4,12,0.3266617542302482,0.25,p1_logistic,isotonic,pilot_holdout
A,4,0.4,0.5,11,0.4416325656731253,0.36363636363636365,p1_logistic,isotonic,pilot_holdout
A,5,0.5,0.6000000000000001,7,0.5675075735499927,0.42857142857142855,p1_logistic,isotonic,pilot_holdout
A,6,0.6000000000000001,0.7000000000000001,0,,,p1_logistic,isotonic,pilot_holdout
A,7,0.7000000000000001,0.8,0,,,p1_logistic,isotonic,pilot_holdout
A,8,0.8,0.9,0,,,p1_logistic,isotonic,pilot_holdout
A,9,0.9,1.0,1,0.9090909090900827,1.0,p1_logistic,isotonic,pilot_holdout
D,0,0.0,0.1,40,0.04993504596523777,0.225,p1_logistic,isotonic,pilot_holdout
D,1,0.1,0.2,1,0.10729429861663137,0.0,p1_logistic,isotonic,pilot_holdout
D,2,0.2,0.30000000000000004,30,0.24555924373876853,0.23333333333333334,p1_logistic,isotonic,pilot_holdout
D,3,0.30000000000000004,0.4,2,0.3568121076511903,0.0,p1_logistic,isotonic,pilot_holdout
D,4,0.4,0.5,2,0.4183908045977011,0.0,p1_logistic,isotonic,pilot_holdout
D,5,0.5,0.6000000000000001,1,0.5575221238938053,0.0,p1_logistic,isotonic,pilot_holdout
D,6,0.6000000000000001,0.7000000000000001,2,0.6710586268124317,0.5,p1_logistic,isotonic,pilot_holdout
D,7,0.7000000000000001,0.8,1,0.743834024162953,0.0,p1_logistic,isotonic,pilot_holdout
D,8,0.8,0.9,0,,,p1_logistic,isotonic,pilot_holdout
D,9,0.9,1.0,0,,,p1_logistic,isotonic,pilot_holdout
H,0,0.0,0.1,1,0.09090909090900827,0.0,p1_logistic,isotonic,pilot_holdout
H,1,0.1,0.2,10,0.15213927699572957,0.5,p1_logistic,isotonic,pilot_holdout
H,2,0.2,0.30000000000000004,2,0.2850503485670023,0.5,p1_logistic,isotonic,pilot_holdout
H,3,0.30000000000000004,0.4,8,0.3418540534999373,0.5,p1_logistic,isotonic,pilot_holdout
H,4,0.4,0.5,2,0.4720306513409962,0.5,p1_logistic,isotonic,pilot_holdout
H,5,0.5,0.6000000000000001,21,0.5363344923178043,0.2857142857142857,p1_logistic,isotonic,pilot_holdout
H,6,0.6000000000000001,0.7000000000000001,14,0.6385823971443358,0.6428571428571429,p1_logistic,isotonic,pilot_holdout
H,7,0.7000000000000001,0.8,3,0.7445888548221792,0.3333333333333333,p1_logistic,isotonic,pilot_holdout
H,8,0.8,0.9,8,0.8388710040962948,0.75,p1_logistic,isotonic,pilot_holdout
H,9,0.9,1.0,10,0.9618428420373719,0.7,p1_logistic,isotonic,pilot_holdout
top_label,0,0.0,0.1,0,,,random_forest,raw,calibration
top_label,1,0.1,0.2,0,,,random_forest,raw,calibration
top_label,2,0.2,0.30000000000000004,0,,,random_forest,raw,calibration
top_label,3,0.30000000000000004,0.4,13,0.3848362743793272,0.23076923076923078,random_forest,raw,calibration
top_label,4,0.4,0.5,20,0.44045944909026813,0.45,random_forest,raw,calibration
top_label,5,0.5,0.6000000000000001,16,0.541859778343609,0.5625,random_forest,raw,calibration
top_label,6,0.6000000000000001,0.7000000000000001,8,0.6474522854157096,0.625,random_forest,raw,calibration
top_label,7,0.7000000000000001,0.8,2,0.775393699120617,0.5,random_forest,raw,calibration
top_label,8,0.8,0.9,3,0.8462437511706428,1.0,random_forest,raw,calibration
top_label,9,0.9,1.0,0,,,random_forest,raw,calibration
A,0,0.0,0.1,5,0.05867555480471307,0.2,random_forest,raw,calibration
A,1,0.1,0.2,11,0.16655081602387176,0.2727272727272727,random_forest,raw,calibration
A,2,0.2,0.30000000000000004,30,0.2539367260084265,0.3,random_forest,raw,calibration
A,3,0.30000000000000004,0.4,8,0.34493926090204874,0.375,random_forest,raw,calibration
A,4,0.4,0.5,1,0.43313324563698186,1.0,random_forest,raw,calibration
A,5,0.5,0.6000000000000001,5,0.5543580439118537,0.6,random_forest,raw,calibration
A,6,0.6000000000000001,0.7000000000000001,2,0.6790143871506474,1.0,random_forest,raw,calibration
A,7,0.7000000000000001,0.8,0,,,random_forest,raw,calibration
A,8,0.8,0.9,0,,,random_forest,raw,calibration
A,9,0.9,1.0,0,,,random_forest,raw,calibration
D,0,0.0,0.1,0,,,random_forest,raw,calibration
D,1,0.1,0.2,16,0.16168073425473595,0.125,random_forest,raw,calibration
D,2,0.2,0.30000000000000004,26,0.26299522361583855,0.3076923076923077,random_forest,raw,calibration
D,3,0.30000000000000004,0.4,19,0.3372434520419235,0.21052631578947367,random_forest,raw,calibration
D,4,0.4,0.5,1,0.4116236833457614,1.0,random_forest,raw,calibration
D,5,0.5,0.6000000000000001,0,,,random_forest,raw,calibration
D,6,0.6000000000000001,0.7000000000000001,0,,,random_forest,raw,calibration
D,7,0.7000000000000001,0.8,0,,,random_forest,raw,calibration
D,8,0.8,0.9,0,,,random_forest,raw,calibration
D,9,0.9,1.0,0,,,random_forest,raw,calibration
H,0,0.0,0.1,0,,,random_forest,raw,calibration
H,1,0.1,0.2,3,0.16868259141214637,0.0,random_forest,raw,calibration
H,2,0.2,0.30000000000000004,4,0.2578201397802562,0.0,random_forest,raw,calibration
H,3,0.30000000000000004,0.4,15,0.3586095685080754,0.3333333333333333,random_forest,raw,calibration
H,4,0.4,0.5,18,0.44246844737903435,0.3888888888888889,random_forest,raw,calibration
H,5,0.5,0.6000000000000001,11,0.5361787485398612,0.5454545454545454,random_forest,raw,calibration
H,6,0.6000000000000001,0.7000000000000001,6,0.636931584837397,0.5,random_forest,raw,calibration
H,7,0.7000000000000001,0.8,2,0.775393699120617,0.5,random_forest,raw,calibration
H,8,0.8,0.9,3,0.8462437511706428,1.0,random_forest,raw,calibration
H,9,0.9,1.0,0,,,random_forest,raw,calibration
top_label,0,0.0,0.1,0,,,random_forest,raw,pilot_holdout
top_label,1,0.1,0.2,0,,,random_forest,raw,pilot_holdout
top_label,2,0.2,0.30000000000000004,0,,,random_forest,raw,pilot_holdout
top_label,3,0.30000000000000004,0.4,16,0.3791246373222897,0.375,random_forest,raw,pilot_holdout
top_label,4,0.4,0.5,28,0.4388176714510798,0.39285714285714285,random_forest,raw,pilot_holdout
top_label,5,0.5,0.6000000000000001,15,0.539318397032062,0.6,random_forest,raw,pilot_holdout
top_label,6,0.6000000000000001,0.7000000000000001,7,0.6566080341072492,0.8571428571428571,random_forest,raw,pilot_holdout
top_label,7,0.7000000000000001,0.8,7,0.7365905591180921,0.5714285714285714,random_forest,raw,pilot_holdout
top_label,8,0.8,0.9,6,0.8437586718955402,0.8333333333333334,random_forest,raw,pilot_holdout
top_label,9,0.9,1.0,0,,,random_forest,raw,pilot_holdout
A,0,0.0,0.1,9,0.054214557212357524,0.1111111111111111,random_forest,raw,pilot_holdout
A,1,0.1,0.2,18,0.1582265430470215,0.1111111111111111,random_forest,raw,pilot_holdout
A,2,0.2,0.30000000000000004,37,0.2548853834630359,0.24324324324324326,random_forest,raw,pilot_holdout
A,3,0.30000000000000004,0.4,8,0.33057689369893434,0.5,random_forest,raw,pilot_holdout
A,4,0.4,0.5,3,0.4253575436149635,1.0,random_forest,raw,pilot_holdout
A,5,0.5,0.6000000000000001,2,0.5122580362165928,0.5,random_forest,raw,pilot_holdout
A,6,0.6000000000000001,0.7000000000000001,1,0.6516051712239782,1.0,random_forest,raw,pilot_holdout
A,7,0.7000000000000001,0.8,1,0.7041050657438341,1.0,random_forest,raw,pilot_holdout
A,8,0.8,0.9,0,,,random_forest,raw,pilot_holdout
A,9,0.9,1.0,0,,,random_forest,raw,pilot_holdout
D,0,0.0,0.1,1,0.09991527491312305,0.0,random_forest,raw,pilot_holdout
D,1,0.1,0.2,17,0.14764450709630927,0.17647058823529413,random_forest,raw,pilot_holdout
D,2,0.2,0.30000000000000004,35,0.26887352948673093,0.2571428571428571,random_forest,raw,pilot_holdout
D,3,0.30000000000000004,0.4,24,0.34600680052831406,0.20833333333333334,random_forest,raw,pilot_holdout
D,4,0.4,0.5,2,0.4100974216356116,0.0,random_forest,raw,pilot_holdout
D,5,0.5,0.6000000000000001,0,,,random_forest,raw,pilot_holdout
D,6,0.6000000000000001,0.7000000000000001,0,,,random_forest,raw,pilot_holdout
D,7,0.7000000000000001,0.8,0,,,random_forest,raw,pilot_holdout
D,8,0.8,0.9,0,,,random_forest,raw,pilot_holdout
D,9,0.9,1.0,0,,,random_forest,raw,pilot_holdout
H,0,0.0,0.1,0,,,random_forest,raw,pilot_holdout
H,1,0.1,0.2,2,0.14090564515988063,0.0,random_forest,raw,pilot_holdout
H,2,0.2,0.30000000000000004,5,0.24973015980173727,0.2,random_forest,raw,pilot_holdout
H,3,0.30000000000000004,0.4,17,0.3608082567356024,0.5294117647058824,random_forest,raw,pilot_holdout
H,4,0.4,0.5,24,0.4416175068696555,0.375,random_forest,raw,pilot_holdout
H,5,0.5,0.6000000000000001,13,0.5434815294652109,0.6153846153846154,random_forest,raw,pilot_holdout
H,6,0.6000000000000001,0.7000000000000001,6,0.6574418445877944,0.8333333333333334,random_forest,raw,pilot_holdout
H,7,0.7000000000000001,0.8,6,0.7420048080138019,0.5,random_forest,raw,pilot_holdout
H,8,0.8,0.9,6,0.8437586718955402,0.8333333333333334,random_forest,raw,pilot_holdout
H,9,0.9,1.0,0,,,random_forest,raw,pilot_holdout
top_label,0,0.0,0.1,0,,,random_forest,platt,calibration
top_label,1,0.1,0.2,0,,,random_forest,platt,calibration
top_label,2,0.2,0.30000000000000004,0,,,random_forest,platt,calibration
top_label,3,0.30000000000000004,0.4,22,0.3810338263944932,0.4090909090909091,random_forest,platt,calibration
top_label,4,0.4,0.5,19,0.4448273237945972,0.47368421052631576,random_forest,platt,calibration
top_label,5,0.5,0.6000000000000001,11,0.553522250239037,0.5454545454545454,random_forest,platt,calibration
top_label,6,0.6000000000000001,0.7000000000000001,4,0.6363754269066633,0.75,random_forest,platt,calibration
top_label,7,0.7000000000000001,0.8,4,0.7303584132884483,0.75,random_forest,platt,calibration
top_label,8,0.8,0.9,1,0.8873577077814404,1.0,random_forest,platt,calibration
top_label,9,0.9,1.0,1,0.9583418477548824,1.0,random_forest,platt,calibration
A,0,0.0,0.1,2,0.03486585475676471,0.0,random_forest,platt,calibration
A,1,0.1,0.2,4,0.14675568141554768,0.25,random_forest,platt,calibration
A,2,0.2,0.30000000000000004,12,0.25664572626762183,0.25,random_forest,platt,calibration
A,3,0.30000000000000004,0.4,30,0.3570331941935375,0.3333333333333333,random_forest,platt,calibration
A,4,0.4,0.5,6,0.44967626211487516,0.3333333333333333,random_forest,platt,calibration
A,5,0.5,0.6000000000000001,4,0.5603387443743426,0.75,random_forest,platt,calibration
A,6,0.6000000000000001,0.7000000000000001,3,0.6375395163047349,0.6666666666666666,random_forest,platt,calibration
A,7,0.7000000000000001,0.8,1,0.7030966790608667,1.0,random_forest,platt,calibration
A,8,0.8,0.9,0,,,random_forest,platt,calibration
A,9,0.9,1.0,0,,,random_forest,platt,calibration
D,0,0.0,0.1,2,0.042284367475073914,0.0,random_forest,platt,calibration
D,1,0.1,0.2,5,0.15166681586207792,0.0,random_forest,platt,calibration
D,2,0.2,0.30000000000000004,55,0.257378276979806,0.2727272727272727,random_forest,platt,calibration
D,3,0.30000000000000004,0.4,0,,,random_forest,platt,calibration
D,4,0.4,0.5,0,,,random_forest,platt,calibration
D,5,0.5,0.6000000000000001,0,,,random_forest,platt,calibration
D,6,0.6000000000000001,0.7000000000000001,0,,,random_forest,platt,calibration
D,7,0.7000000000000001,0.8,0,,,random_forest,platt,calibration
D,8,0.8,0.9,0,,,random_forest,platt,calibration
D,9,0.9,1.0,0,,,random_forest,platt,calibration
H,0,0.0,0.1,2,0.08898630381499556,0.0,random_forest,platt,calibration
H,1,0.1,0.2,5,0.15262522566441766,0.0,random_forest,platt,calibration
H,2,0.2,0.30000000000000004,5,0.23953200604516928,0.4,random_forest,platt,calibration
H,3,0.30000000000000004,0.4,24,0.35674730785147385,0.3333333333333333,random_forest,platt,calibration
H,4,0.4,0.5,13,0.44258935226216123,0.5384615384615384,random_forest,platt,calibration
H,5,0.5,0.6000000000000001,7,0.5496271107331481,0.42857142857142855,random_forest,platt,calibration
H,6,0.6000000000000001,0.7000000000000001,1,0.6328831587124482,1.0,random_forest,platt,calibration
H,7,0.7000000000000001,0.8,3,0.7394456580309755,0.6666666666666666,random_forest,platt,calibration
H,8,0.8,0.9,1,0.8873577077814404,1.0,random_forest,platt,calibration
H,9,0.9,1.0,1,0.9583418477548824,1.0,random_forest,platt,calibration
top_label,0,0.0,0.1,0,,,random_forest,platt,pilot_holdout
top_label,1,0.1,0.2,0,,,random_forest,platt,pilot_holdout
top_label,2,0.2,0.30000000000000004,0,,,random_forest,platt,pilot_holdout
top_label,3,0.30000000000000004,0.4,24,0.38502702812464196,0.375,random_forest,platt,pilot_holdout
top_label,4,0.4,0.5,27,0.4431389788548505,0.5185185185185185,random_forest,platt,pilot_holdout
top_label,5,0.5,0.6000000000000001,12,0.5581318168875289,0.75,random_forest,platt,pilot_holdout
top_label,6,0.6000000000000001,0.7000000000000001,6,0.6433268625710862,0.6666666666666666,random_forest,platt,pilot_holdout
top_label,7,0.7000000000000001,0.8,6,0.748211204650337,0.8333333333333334,random_forest,platt,pilot_holdout
top_label,8,0.8,0.9,2,0.8685798054176903,1.0,random_forest,platt,pilot_holdout
top_label,9,0.9,1.0,2,0.9309199671592469,0.5,random_forest,platt,pilot_holdout
A,0,0.0,0.1,4,0.04627969606626836,0.25,random_forest,platt,pilot_holdout
A,1,0.1,0.2,9,0.1503832117732249,0.0,random_forest,platt,pilot_holdout
A,2,0.2,0.30000000000000004,18,0.2592812651885135,0.2222222222222222,random_forest,platt,pilot_holdout
A,3,0.30000000000000004,0.4,32,0.3589096747681071,0.21875,random_forest,platt,pilot_holdout
A,4,0.4,0.5,9,0.4264791069066234,0.4444444444444444,random_forest,platt,pilot_holdout
A,5,0.5,0.6000000000000001,5,0.5418491660124739,0.8,random_forest,platt,pilot_holdout
A,6,0.6000000000000001,0.7000000000000001,1,0.6976171817474311,1.0,random_forest,platt,pilot_holdout
A,7,0.7000000000000001,0.8,1,0.711447596769964,1.0,random_forest,platt,pilot_holdout
A,8,0.8,0.9,0,,,random_forest,platt,pilot_holdout
A,9,0.9,1.0,0,,,random_forest,platt,pilot_holdout
D,0,0.0,0.1,4,0.053970417645263086,0.0,random_forest,platt,pilot_holdout
D,1,0.1,0.2,14,0.16239862866413587,0.21428571428571427,random_forest,platt,pilot_holdout
D,2,0.2,0.30000000000000004,61,0.2616581519139024,0.22950819672131148,random_forest,platt,pilot_holdout
D,3,0.30000000000000004,0.4,0,,,random_forest,platt,pilot_holdout
D,4,0.4,0.5,0,,,random_forest,platt,pilot_holdout
D,5,0.5,0.6000000000000001,0,,,random_forest,platt,pilot_holdout
D,6,0.6000000000000001,0.7000000000000001,0,,,random_forest,platt,pilot_holdout
D,7,0.7000000000000001,0.8,0,,,random_forest,platt,pilot_holdout
D,8,0.8,0.9,0,,,random_forest,platt,pilot_holdout
D,9,0.9,1.0,0,,,random_forest,platt,pilot_holdout
H,0,0.0,0.1,2,0.08255207509499772,0.0,random_forest,platt,pilot_holdout
H,1,0.1,0.2,3,0.16688559442969864,0.3333333333333333,random_forest,platt,pilot_holdout
H,2,0.2,0.30000000000000004,5,0.23761231949893685,0.2,random_forest,platt,pilot_holdout
H,3,0.30000000000000004,0.4,30,0.3464755164662911,0.43333333333333335,random_forest,platt,pilot_holdout
H,4,0.4,0.5,18,0.4514689148289639,0.5555555555555556,random_forest,platt,pilot_holdout
H,5,0.5,0.6000000000000001,7,0.5697622817982824,0.7142857142857143,random_forest,platt,pilot_holdout
H,6,0.6000000000000001,0.7000000000000001,5,0.6324687987358172,0.6,random_forest,platt,pilot_holdout
H,7,0.7000000000000001,0.8,5,0.7555639262264116,0.8,random_forest,platt,pilot_holdout
H,8,0.8,0.9,2,0.8685798054176903,1.0,random_forest,platt,pilot_holdout
H,9,0.9,1.0,2,0.9309199671592469,0.5,random_forest,platt,pilot_holdout
top_label,0,0.0,0.1,0,,,random_forest,isotonic,calibration
top_label,1,0.1,0.2,0,,,random_forest,isotonic,calibration
top_label,2,0.2,0.30000000000000004,0,,,random_forest,isotonic,calibration
top_label,3,0.30000000000000004,0.4,19,0.375528350966595,0.3684210526315789,random_forest,isotonic,calibration
top_label,4,0.4,0.5,19,0.43085811200196633,0.47368421052631576,random_forest,isotonic,calibration
top_label,5,0.5,0.6000000000000001,9,0.5545254480466957,0.6666666666666666,random_forest,isotonic,calibration
top_label,6,0.6000000000000001,0.7000000000000001,6,0.6685056152796651,0.6666666666666666,random_forest,isotonic,calibration
top_label,7,0.7000000000000001,0.8,2,0.7692307692298817,0.5,random_forest,isotonic,calibration
top_label,8,0.8,0.9,0,,,random_forest,isotonic,calibration
top_label,9,0.9,1.0,7,0.9999999999979999,1.0,random_forest,isotonic,calibration
A,0,0.0,0.1,4,9.99999999998e-13,0.0,random_forest,isotonic,calibration
A,1,0.1,0.2,3,0.16905232468175144,0.0,random_forest,isotonic,calibration
A,2,0.2,0.30000000000000004,19,0.24188520753864934,0.2631578947368421,random_forest,isotonic,calibration
A,3,0.30000000000000004,0.4,19,0.3677979236591921,0.3684210526315789,random_forest,isotonic,calibration
A,4,0.4,0.5,9,0.43243665644697543,0.4444444444444444,random_forest,isotonic,calibration
A,5,0.5,0.6000000000000001,1,0.5335658238884046,1.0,random_forest,isotonic,calibration
A,6,0.6000000000000001,0.7000000000000001,4,0.6860986547077356,0.5,random_forest,isotonic,calibration
A,7,0.7000000000000001,0.8,0,,,random_forest,isotonic,calibration
A,8,0.8,0.9,0,,,random_forest,isotonic,calibration
A,9,0.9,1.0,3,0.9999999999980002,1.0,random_forest,isotonic,calibration
D,0,0.0,0.1,10,1.0314314824230924e-12,0.0,random_forest,isotonic,calibration
D,1,0.1,0.2,0,,,random_forest,isotonic,calibration
D,2,0.2,0.30000000000000004,36,0.2644475127626629,0.2777777777777778,random_forest,isotonic,calibration
D,3,0.30000000000000004,0.4,15,0.311710821160412,0.26666666666666666,random_forest,isotonic,calibration
D,4,0.4,0.5,0,,,random_forest,isotonic,calibration
D,5,0.5,0.6000000000000001,0,,,random_forest,isotonic,calibration
D,6,0.6000000000000001,0.7000000000000001,1,0.6375,1.0,random_forest,isotonic,calibration
D,7,0.7000000000000001,0.8,0,,,random_forest,isotonic,calibration
D,8,0.8,0.9,0,,,random_forest,isotonic,calibration
D,9,0.9,1.0,0,,,random_forest,isotonic,calibration
H,0,0.0,0.1,7,1.0819987187684148e-12,0.0,random_forest,isotonic,calibration
H,1,0.1,0.2,0,,,random_forest,isotonic,calibration
H,2,0.2,0.30000000000000004,5,0.241769889483674,0.2,random_forest,isotonic,calibration
H,3,0.30000000000000004,0.4,25,0.3511085167324833,0.32,random_forest,isotonic,calibration
H,4,0.4,0.5,10,0.429437422001458,0.5,random_forest,isotonic,calibration
H,5,0.5,0.6000000000000001,8,0.557145401066482,0.625,random_forest,isotonic,calibration
H,6,0.6000000000000001,0.7000000000000001,1,0.6291390728470488,1.0,random_forest,isotonic,calibration
H,7,0.7000000000000001,0.8,2,0.7692307692298817,0.5,random_forest,isotonic,calibration
H,8,0.8,0.9,0,,,random_forest,isotonic,calibration
H,9,0.9,1.0,4,0.999999999998,1.0,random_forest,isotonic,calibration
top_label,0,0.0,0.1,0,,,random_forest,isotonic,pilot_holdout
top_label,1,0.1,0.2,0,,,random_forest,isotonic,pilot_holdout
top_label,2,0.2,0.30000000000000004,0,,,random_forest,isotonic,pilot_holdout
top_label,3,0.30000000000000004,0.4,18,0.3754447961222617,0.2777777777777778,random_forest,isotonic,pilot_holdout
top_label,4,0.4,0.5,28,0.43316546037296627,0.4642857142857143,random_forest,isotonic,pilot_holdout
top_label,5,0.5,0.6000000000000001,11,0.5568822475004921,0.8181818181818182,random_forest,isotonic,pilot_holdout
top_label,6,0.6000000000000001,0.7000000000000001,5,0.6645365758425459,0.6,random_forest,isotonic,pilot_holdout
top_label,7,0.7000000000000001,0.8,8,0.7506747027119319,0.5,random_forest,isotonic,pilot_holdout
top_label,8,0.8,0.9,1,0.8173227901930473,0.0,random_forest,isotonic,pilot_holdout
top_label,9,0.9,1.0,8,0.999999999997989,0.875,random_forest,isotonic,pilot_holdout
A,0,0.0,0.1,8,1.0133003234083045e-12,0.125,random_forest,isotonic,pilot_holdout
A,1,0.1,0.2,7,0.1753201948350566,0.0,random_forest,isotonic,pilot_holdout
A,2,0.2,0.30000000000000004,28,0.25257086993438105,0.25,random_forest,isotonic,pilot_holdout
A,3,0.30000000000000004,0.4,18,0.3653439044240861,0.16666666666666666,random_forest,isotonic,pilot_holdout
A,4,0.4,0.5,11,0.440363413173548,0.45454545454545453,random_forest,isotonic,pilot_holdout
A,5,0.5,0.6000000000000001,1,0.5354520888157961,1.0,random_forest,isotonic,pilot_holdout
A,6,0.6000000000000001,0.7000000000000001,4,0.6712957198031824,0.75,random_forest,isotonic,pilot_holdout
A,7,0.7000000000000001,0.8,1,0.7846153846147691,1.0,random_forest,isotonic,pilot_holdout
A,8,0.8,0.9,0,,,random_forest,isotonic,pilot_holdout
A,9,0.9,1.0,1,0.999999999998,1.0,random_forest,isotonic,pilot_holdout
D,0,0.0,0.1,16,1.0903536163350074e-12,0.1875,random_forest,isotonic,pilot_holdout
D,1,0.1,0.2,0,,,random_forest,isotonic,pilot_holdout
D,2,0.2,0.30000000000000004,38,0.26448800370441095,0.23684210526315788,random_forest,isotonic,pilot_holdout
D,3,0.30000000000000004,0.4,21,0.3139885920649177,0.23809523809523808,random_forest,isotonic,pilot_holdout
D,4,0.4,0.5,2,0.445156507420847,0.0,random_forest,isotonic,pilot_holdout
D,5,0.5,0.6000000000000001,1,0.5520209177455403,0.0,random_forest,isotonic,pilot_holdout
D,6,0.6000000000000001,0.7000000000000001,1,0.6375,0.0,random_forest,isotonic,pilot_holdout
D,7,0.7000000000000001,0.8,0,,,random_forest,isotonic,pilot_holdout
D,8,0.8,0.9,0,,,random_forest,isotonic,pilot_holdout
D,9,0.9,1.0,0,,,random_forest,isotonic,pilot_holdout
H,0,0.0,0.1,6,1.0957177207676821e-12,0.16666666666666666,random_forest,isotonic,pilot_holdout
H,1,0.1,0.2,2,0.16347841417037237,0.5,random_forest,isotonic,pilot_holdout
H,2,0.2,0.30000000000000004,5,0.25535069316916886,0.6,random_forest,isotonic,pilot_holdout
H,3,0.30000000000000004,0.4,26,0.3455842088457386,0.38461538461538464,random_forest,isotonic,pilot_holdout
H,4,0.4,0.5,16,0.43037257041739374,0.5,random_forest,isotonic,pilot_holdout
H,5,0.5,0.6000000000000001,9,0.5598035239937863,0.8888888888888888,random_forest,isotonic,pilot_holdout
H,6,0.6000000000000001,0.7000000000000001,0,,,random_forest,isotonic,pilot_holdout
H,7,0.7000000000000001,0.8,7,0.7458260338686695,0.42857142857142855,random_forest,isotonic,pilot_holdout
H,8,0.8,0.9,1,0.8173227901930473,0.0,random_forest,isotonic,pilot_holdout
H,9,0.9,1.0,7,0.9999999999979874,0.8571428571428571,random_forest,isotonic,pilot_holdout
top_label,0,0.0,0.1,0,,,scratch_figs,raw,calibration
top_label,1,0.1,0.2,0,,,scratch_figs,raw,calibration
top_label,2,0.2,0.30000000000000004,0,,,scratch_figs,raw,calibration
top_label,3,0.30000000000000004,0.4,0,,,scratch_figs,raw,calibration
top_label,4,0.4,0.5,47,0.4236207437327646,0.3829787234042553,scratch_figs,raw,calibration
top_label,5,0.5,0.6000000000000001,15,0.5412420327979969,0.5333333333333333,scratch_figs,raw,calibration
top_label,6,0.6000000000000001,0.7000000000000001,0,,,scratch_figs,raw,calibration
top_label,7,0.7000000000000001,0.8,0,,,scratch_figs,raw,calibration
top_label,8,0.8,0.9,0,,,scratch_figs,raw,calibration
top_label,9,0.9,1.0,0,,,scratch_figs,raw,calibration
A,0,0.0,0.1,0,,,scratch_figs,raw,calibration
A,1,0.1,0.2,0,,,scratch_figs,raw,calibration
A,2,0.2,0.30000000000000004,30,0.2311167422946955,0.4,scratch_figs,raw,calibration
A,3,0.30000000000000004,0.4,21,0.31947943544857105,0.14285714285714285,scratch_figs,raw,calibration
A,4,0.4,0.5,11,0.4238369689840896,0.6363636363636364,scratch_figs,raw,calibration
A,5,0.5,0.6000000000000001,0,,,scratch_figs,raw,calibration
A,6,0.6000000000000001,0.7000000000000001,0,,,scratch_figs,raw,calibration
A,7,0.7000000000000001,0.8,0,,,scratch_figs,raw,calibration
A,8,0.8,0.9,0,,,scratch_figs,raw,calibration
A,9,0.9,1.0,0,,,scratch_figs,raw,calibration
D,0,0.0,0.1,0,,,scratch_figs,raw,calibration
D,1,0.1,0.2,0,,,scratch_figs,raw,calibration
D,2,0.2,0.30000000000000004,40,0.26586217427816805,0.225,scratch_figs,raw,calibration
D,3,0.30000000000000004,0.4,0,,,scratch_figs,raw,calibration
D,4,0.4,0.5,22,0.40399329176587534,0.2727272727272727,scratch_figs,raw,calibration
D,5,0.5,0.6000000000000001,0,,,scratch_figs,raw,calibration
D,6,0.6000000000000001,0.7000000000000001,0,,,scratch_figs,raw,calibration
D,7,0.7000000000000001,0.8,0,,,scratch_figs,raw,calibration
D,8,0.8,0.9,0,,,scratch_figs,raw,calibration
D,9,0.9,1.0,0,,,scratch_figs,raw,calibration
H,0,0.0,0.1,0,,,scratch_figs,raw,calibration
H,1,0.1,0.2,0,,,scratch_figs,raw,calibration
H,2,0.2,0.30000000000000004,26,0.27469229998942607,0.3076923076923077,scratch_figs,raw,calibration
H,3,0.30000000000000004,0.4,7,0.36459105263963704,0.5714285714285714,scratch_figs,raw,calibration
H,4,0.4,0.5,14,0.45429399126897774,0.35714285714285715,scratch_figs,raw,calibration
H,5,0.5,0.6000000000000001,15,0.5412420327979969,0.5333333333333333,scratch_figs,raw,calibration
H,6,0.6000000000000001,0.7000000000000001,0,,,scratch_figs,raw,calibration
H,7,0.7000000000000001,0.8,0,,,scratch_figs,raw,calibration
H,8,0.8,0.9,0,,,scratch_figs,raw,calibration
H,9,0.9,1.0,0,,,scratch_figs,raw,calibration
top_label,0,0.0,0.1,0,,,scratch_figs,raw,pilot_holdout
top_label,1,0.1,0.2,0,,,scratch_figs,raw,pilot_holdout
top_label,2,0.2,0.30000000000000004,0,,,scratch_figs,raw,pilot_holdout
top_label,3,0.30000000000000004,0.4,0,,,scratch_figs,raw,pilot_holdout
top_label,4,0.4,0.5,55,0.42265231004709386,0.36363636363636365,scratch_figs,raw,pilot_holdout
top_label,5,0.5,0.6000000000000001,24,0.5436736119609605,0.7083333333333334,scratch_figs,raw,pilot_holdout
top_label,6,0.6000000000000001,0.7000000000000001,0,,,scratch_figs,raw,pilot_holdout
top_label,7,0.7000000000000001,0.8,0,,,scratch_figs,raw,pilot_holdout
top_label,8,0.8,0.9,0,,,scratch_figs,raw,pilot_holdout
top_label,9,0.9,1.0,0,,,scratch_figs,raw,pilot_holdout
A,0,0.0,0.1,0,,,scratch_figs,raw,pilot_holdout
A,1,0.1,0.2,0,,,scratch_figs,raw,pilot_holdout
A,2,0.2,0.30000000000000004,37,0.22883850236169226,0.1891891891891892,scratch_figs,raw,pilot_holdout
A,3,0.30000000000000004,0.4,29,0.3173961414084957,0.1724137931034483,scratch_figs,raw,pilot_holdout
A,4,0.4,0.5,12,0.4238369689840897,0.75,scratch_figs,raw,pilot_holdout
A,5,0.5,0.6000000000000001,1,0.5761168847658291,1.0,scratch_figs,raw,pilot_holdout
A,6,0.6000000000000001,0.7000000000000001,0,,,scratch_figs,raw,pilot_holdout
A,7,0.7000000000000001,0.8,0,,,scratch_figs,raw,pilot_holdout
A,8,0.8,0.9,0,,,scratch_figs,raw,pilot_holdout
A,9,0.9,1.0,0,,,scratch_figs,raw,pilot_holdout
D,0,0.0,0.1,0,,,scratch_figs,raw,pilot_holdout
D,1,0.1,0.2,0,,,scratch_figs,raw,pilot_holdout
D,2,0.2,0.30000000000000004,56,0.26369623918048557,0.23214285714285715,scratch_figs,raw,pilot_holdout
D,3,0.30000000000000004,0.4,0,,,scratch_figs,raw,pilot_holdout
D,4,0.4,0.5,23,0.40414967157253046,0.17391304347826086,scratch_figs,raw,pilot_holdout
D,5,0.5,0.6000000000000001,0,,,scratch_figs,raw,pilot_holdout
D,6,0.6000000000000001,0.7000000000000001,0,,,scratch_figs,raw,pilot_holdout
D,7,0.7000000000000001,0.8,0,,,scratch_figs,raw,pilot_holdout
D,8,0.8,0.9,0,,,scratch_figs,raw,pilot_holdout
D,9,0.9,1.0,0,,,scratch_figs,raw,pilot_holdout
H,0,0.0,0.1,0,,,scratch_figs,raw,pilot_holdout
H,1,0.1,0.2,0,,,scratch_figs,raw,pilot_holdout
H,2,0.2,0.30000000000000004,31,0.27240319080040043,0.41935483870967744,scratch_figs,raw,pilot_holdout
H,3,0.30000000000000004,0.4,5,0.36459105263963704,0.8,scratch_figs,raw,pilot_holdout
H,4,0.4,0.5,20,0.44321954893064436,0.35,scratch_figs,raw,pilot_holdout
H,5,0.5,0.6000000000000001,23,0.5422630348824881,0.6956521739130435,scratch_figs,raw,pilot_holdout
H,6,0.6000000000000001,0.7000000000000001,0,,,scratch_figs,raw,pilot_holdout
H,7,0.7000000000000001,0.8,0,,,scratch_figs,raw,pilot_holdout
H,8,0.8,0.9,0,,,scratch_figs,raw,pilot_holdout
H,9,0.9,1.0,0,,,scratch_figs,raw,pilot_holdout
top_label,0,0.0,0.1,0,,,scratch_figs,platt,calibration
top_label,1,0.1,0.2,0,,,scratch_figs,platt,calibration
top_label,2,0.2,0.30000000000000004,0,,,scratch_figs,platt,calibration
top_label,3,0.30000000000000004,0.4,21,0.37892381549004395,0.42857142857142855,scratch_figs,platt,calibration
top_label,4,0.4,0.5,34,0.4482617341102404,0.5294117647058824,scratch_figs,platt,calibration
top_label,5,0.5,0.6000000000000001,7,0.5131919865313898,0.5714285714285714,scratch_figs,platt,calibration
top_label,6,0.6000000000000001,0.7000000000000001,0,,,scratch_figs,platt,calibration
top_label,7,0.7000000000000001,0.8,0,,,scratch_figs,platt,calibration
top_label,8,0.8,0.9,0,,,scratch_figs,platt,calibration
top_label,9,0.9,1.0,0,,,scratch_figs,platt,calibration
A,0,0.0,0.1,0,,,scratch_figs,platt,calibration
A,1,0.1,0.2,0,,,scratch_figs,platt,calibration
A,2,0.2,0.30000000000000004,7,0.2621603493282539,0.2857142857142857,scratch_figs,platt,calibration
A,3,0.30000000000000004,0.4,44,0.35203045857222914,0.29545454545454547,scratch_figs,platt,calibration
A,4,0.4,0.5,11,0.42535792541687384,0.6363636363636364,scratch_figs,platt,calibration
A,5,0.5,0.6000000000000001,0,,,scratch_figs,platt,calibration
A,6,0.6000000000000001,0.7000000000000001,0,,,scratch_figs,platt,calibration
A,7,0.7000000000000001,0.8,0,,,scratch_figs,platt,calibration
A,8,0.8,0.9,0,,,scratch_figs,platt,calibration
A,9,0.9,1.0,0,,,scratch_figs,platt,calibration
D,0,0.0,0.1,0,,,scratch_figs,platt,calibration
D,1,0.1,0.2,23,0.17033637898274873,0.08695652173913043,scratch_figs,platt,calibration
D,2,0.2,0.30000000000000004,13,0.22952115781827348,0.38461538461538464,scratch_figs,platt,calibration
D,3,0.30000000000000004,0.4,26,0.31139285226146196,0.3076923076923077,scratch_figs,platt,calibration
D,4,0.4,0.5,0,,,scratch_figs,platt,calibration
D,5,0.5,0.6000000000000001,0,,,scratch_figs,platt,calibration
D,6,0.6000000000000001,0.7000000000000001,0,,,scratch_figs,platt,calibration
D,7,0.7000000000000001,0.8,0,,,scratch_figs,platt,calibration
D,8,0.8,0.9,0,,,scratch_figs,platt,calibration
D,9,0.9,1.0,0,,,scratch_figs,platt,calibration
H,0,0.0,0.1,0,,,scratch_figs,platt,calibration
H,1,0.1,0.2,0,,,scratch_figs,platt,calibration
H,2,0.2,0.30000000000000004,11,0.2624698599751392,0.09090909090909091,scratch_figs,platt,calibration
H,3,0.30000000000000004,0.4,21,0.37892381549004395,0.42857142857142855,scratch_figs,platt,calibration
H,4,0.4,0.5,23,0.4592157295722854,0.4782608695652174,scratch_figs,platt,calibration
H,5,0.5,0.6000000000000001,7,0.5131919865313898,0.5714285714285714,scratch_figs,platt,calibration
H,6,0.6000000000000001,0.7000000000000001,0,,,scratch_figs,platt,calibration
H,7,0.7000000000000001,0.8,0,,,scratch_figs,platt,calibration
H,8,0.8,0.9,0,,,scratch_figs,platt,calibration
H,9,0.9,1.0,0,,,scratch_figs,platt,calibration
top_label,0,0.0,0.1,0,,,scratch_figs,platt,pilot_holdout
top_label,1,0.1,0.2,0,,,scratch_figs,platt,pilot_holdout
top_label,2,0.2,0.30000000000000004,0,,,scratch_figs,platt,pilot_holdout
top_label,3,0.30000000000000004,0.4,29,0.37963369257266105,0.4827586206896552,scratch_figs,platt,pilot_holdout
top_label,4,0.4,0.5,44,0.4519637318144028,0.6363636363636364,scratch_figs,platt,pilot_holdout
top_label,5,0.5,0.6000000000000001,6,0.5155275995426452,0.8333333333333334,scratch_figs,platt,pilot_holdout
top_label,6,0.6000000000000001,0.7000000000000001,0,,,scratch_figs,platt,pilot_holdout
top_label,7,0.7000000000000001,0.8,0,,,scratch_figs,platt,pilot_holdout
top_label,8,0.8,0.9,0,,,scratch_figs,platt,pilot_holdout
top_label,9,0.9,1.0,0,,,scratch_figs,platt,pilot_holdout
A,0,0.0,0.1,0,,,scratch_figs,platt,pilot_holdout
A,1,0.1,0.2,0,,,scratch_figs,platt,pilot_holdout
A,2,0.2,0.30000000000000004,5,0.2621603493282539,0.2,scratch_figs,platt,pilot_holdout
A,3,0.30000000000000004,0.4,61,0.35472483720039877,0.18032786885245902,scratch_figs,platt,pilot_holdout
A,4,0.4,0.5,12,0.42535792541687384,0.75,scratch_figs,platt,pilot_holdout
A,5,0.5,0.6000000000000001,1,0.5272056645989219,1.0,scratch_figs,platt,pilot_holdout
A,6,0.6000000000000001,0.7000000000000001,0,,,scratch_figs,platt,pilot_holdout
A,7,0.7000000000000001,0.8,0,,,scratch_figs,platt,pilot_holdout
A,8,0.8,0.9,0,,,scratch_figs,platt,pilot_holdout
A,9,0.9,1.0,0,,,scratch_figs,platt,pilot_holdout
D,0,0.0,0.1,0,,,scratch_figs,platt,pilot_holdout
D,1,0.1,0.2,32,0.1683824715230461,0.21875,scratch_figs,platt,pilot_holdout
D,2,0.2,0.30000000000000004,16,0.231907139098087,0.375,scratch_figs,platt,pilot_holdout
D,3,0.30000000000000004,0.4,31,0.3118706288461297,0.12903225806451613,scratch_figs,platt,pilot_holdout
D,4,0.4,0.5,0,,,scratch_figs,platt,pilot_holdout
D,5,0.5,0.6000000000000001,0,,,scratch_figs,platt,pilot_holdout
D,6,0.6000000000000001,0.7000000000000001,0,,,scratch_figs,platt,pilot_holdout
D,7,0.7000000000000001,0.8,0,,,scratch_figs,platt,pilot_holdout
D,8,0.8,0.9,0,,,scratch_figs,platt,pilot_holdout
D,9,0.9,1.0,0,,,scratch_figs,platt,pilot_holdout
H,0,0.0,0.1,0,,,scratch_figs,platt,pilot_holdout
H,1,0.1,0.2,1,0.14565517419908733,0.0,scratch_figs,platt,pilot_holdout
H,2,0.2,0.30000000000000004,12,0.2624698599751392,0.25,scratch_figs,platt,pilot_holdout
H,3,0.30000000000000004,0.4,29,0.37963369257266105,0.4827586206896552,scratch_figs,platt,pilot_holdout
H,4,0.4,0.5,32,0.46194090921347614,0.59375,scratch_figs,platt,pilot_holdout
H,5,0.5,0.6000000000000001,5,0.5131919865313898,0.8,scratch_figs,platt,pilot_holdout
H,6,0.6000000000000001,0.7000000000000001,0,,,scratch_figs,platt,pilot_holdout
H,7,0.7000000000000001,0.8,0,,,scratch_figs,platt,pilot_holdout
H,8,0.8,0.9,0,,,scratch_figs,platt,pilot_holdout
H,9,0.9,1.0,0,,,scratch_figs,platt,pilot_holdout
top_label,0,0.0,0.1,0,,,scratch_figs,isotonic,calibration
top_label,1,0.1,0.2,0,,,scratch_figs,isotonic,calibration
top_label,2,0.2,0.30000000000000004,0,,,scratch_figs,isotonic,calibration
top_label,3,0.30000000000000004,0.4,28,0.3692885583171046,0.39285714285714285,scratch_figs,isotonic,calibration
top_label,4,0.4,0.5,21,0.49819131102659386,0.47619047619047616,scratch_figs,isotonic,calibration
top_label,5,0.5,0.6000000000000001,0,,,scratch_figs,isotonic,calibration
top_label,6,0.6000000000000001,0.7000000000000001,13,0.6238532110091743,0.6153846153846154,scratch_figs,isotonic,calibration
top_label,7,0.7000000000000001,0.8,0,,,scratch_figs,isotonic,calibration
top_label,8,0.8,0.9,0,,,scratch_figs,isotonic,calibration
top_label,9,0.9,1.0,0,,,scratch_figs,isotonic,calibration
A,0,0.0,0.1,0,,,scratch_figs,isotonic,calibration
A,1,0.1,0.2,0,,,scratch_figs,isotonic,calibration
A,2,0.2,0.30000000000000004,26,0.29343403324248596,0.23076923076923078,scratch_figs,isotonic,calibration
A,3,0.30000000000000004,0.4,25,0.33849801997878165,0.36,scratch_figs,isotonic,calibration
A,4,0.4,0.5,11,0.49817518248175185,0.6363636363636364,scratch_figs,isotonic,calibration
A,5,0.5,0.6000000000000001,0,,,scratch_figs,isotonic,calibration
A,6,0.6000000000000001,0.7000000000000001,0,,,scratch_figs,isotonic,calibration
A,7,0.7000000000000001,0.8,0,,,scratch_figs,isotonic,calibration
A,8,0.8,0.9,0,,,scratch_figs,isotonic,calibration
A,9,0.9,1.0,0,,,scratch_figs,isotonic,calibration
D,0,0.0,0.1,13,0.0779816513761468,0.07692307692307693,scratch_figs,isotonic,calibration
D,1,0.1,0.2,10,0.12732009117551285,0.1,scratch_figs,isotonic,calibration
D,2,0.2,0.30000000000000004,11,0.26094890510948904,0.2727272727272727,scratch_figs,isotonic,calibration
D,3,0.30000000000000004,0.4,28,0.34286895281800117,0.35714285714285715,scratch_figs,isotonic,calibration
D,4,0.4,0.5,0,,,scratch_figs,isotonic,calibration
D,5,0.5,0.6000000000000001,0,,,scratch_figs,isotonic,calibration
D,6,0.6000000000000001,0.7000000000000001,0,,,scratch_figs,isotonic,calibration
D,7,0.7000000000000001,0.8,0,,,scratch_figs,isotonic,calibration
D,8,0.8,0.9,0,,,scratch_figs,isotonic,calibration
D,9,0.9,1.0,0,,,scratch_figs,isotonic,calibration
H,0,0.0,0.1,0,,,scratch_figs,isotonic,calibration
H,1,0.1,0.2,0,,,scratch_figs,isotonic,calibration
H,2,0.2,0.30000000000000004,11,0.24087591240875914,0.09090909090909091,scratch_figs,isotonic,calibration
H,3,0.30000000000000004,0.4,28,0.35459961822493874,0.4642857142857143,scratch_figs,isotonic,calibration
H,4,0.4,0.5,10,0.4982090524259199,0.3,scratch_figs,isotonic,calibration
H,5,0.5,0.6000000000000001,0,,,scratch_figs,isotonic,calibration
H,6,0.6000000000000001,0.7000000000000001,13,0.6238532110091743,0.6153846153846154,scratch_figs,isotonic,calibration
H,7,0.7000000000000001,0.8,0,,,scratch_figs,isotonic,calibration
H,8,0.8,0.9,0,,,scratch_figs,isotonic,calibration
H,9,0.9,1.0,0,,,scratch_figs,isotonic,calibration
top_label,0,0.0,0.1,0,,,scratch_figs,isotonic,pilot_holdout
top_label,1,0.1,0.2,0,,,scratch_figs,isotonic,pilot_holdout
top_label,2,0.2,0.30000000000000004,0,,,scratch_figs,isotonic,pilot_holdout
top_label,3,0.30000000000000004,0.4,34,0.3694628154946687,0.35294117647058826,scratch_figs,isotonic,pilot_holdout
top_label,4,0.4,0.5,21,0.4981896981721097,0.5714285714285714,scratch_figs,isotonic,pilot_holdout
top_label,5,0.5,0.6000000000000001,0,,,scratch_figs,isotonic,pilot_holdout
top_label,6,0.6000000000000001,0.7000000000000001,24,0.6238296468518286,0.7083333333333334,scratch_figs,isotonic,pilot_holdout
top_label,7,0.7000000000000001,0.8,0,,,scratch_figs,isotonic,pilot_holdout
top_label,8,0.8,0.9,0,,,scratch_figs,isotonic,pilot_holdout
top_label,9,0.9,1.0,0,,,scratch_figs,isotonic,pilot_holdout
A,0,0.0,0.1,0,,,scratch_figs,isotonic,pilot_holdout
A,1,0.1,0.2,0,,,scratch_figs,isotonic,pilot_holdout
A,2,0.2,0.30000000000000004,39,0.29428320582211037,0.1282051282051282,scratch_figs,isotonic,pilot_holdout
A,3,0.30000000000000004,0.4,27,0.33450103815436105,0.25925925925925924,scratch_figs,isotonic,pilot_holdout
A,4,0.4,0.5,12,0.4981751824817519,0.75,scratch_figs,isotonic,pilot_holdout
A,5,0.5,0.6000000000000001,0,,,scratch_figs,isotonic,pilot_holdout
A,6,0.6000000000000001,0.7000000000000001,1,0.6232876712328768,1.0,scratch_figs,isotonic,pilot_holdout
A,7,0.7000000000000001,0.8,0,,,scratch_figs,isotonic,pilot_holdout
A,8,0.8,0.9,0,,,scratch_figs,isotonic,pilot_holdout
A,9,0.9,1.0,0,,,scratch_figs,isotonic,pilot_holdout
D,0,0.0,0.1,24,0.07787168530853338,0.16666666666666666,scratch_figs,isotonic,pilot_holdout
D,1,0.1,0.2,9,0.12732009117551288,0.3333333333333333,scratch_figs,isotonic,pilot_holdout
D,2,0.2,0.30000000000000004,12,0.26094890510948904,0.0,scratch_figs,isotonic,pilot_holdout
D,3,0.30000000000000004,0.4,34,0.3426845728168444,0.29411764705882354,scratch_figs,isotonic,pilot_holdout
D,4,0.4,0.5,0,,,scratch_figs,isotonic,pilot_holdout
D,5,0.5,0.6000000000000001,0,,,scratch_figs,isotonic,pilot_holdout
D,6,0.6000000000000001,0.7000000000000001,0,,,scratch_figs,isotonic,pilot_holdout
D,7,0.7000000000000001,0.8,0,,,scratch_figs,isotonic,pilot_holdout
D,8,0.8,0.9,0,,,scratch_figs,isotonic,pilot_holdout
D,9,0.9,1.0,0,,,scratch_figs,isotonic,pilot_holdout
H,0,0.0,0.1,0,,,scratch_figs,isotonic,pilot_holdout
H,1,0.1,0.2,0,,,scratch_figs,isotonic,pilot_holdout
H,2,0.2,0.30000000000000004,12,0.24087591240875914,0.25,scratch_figs,isotonic,pilot_holdout
H,3,0.30000000000000004,0.4,35,0.3534159200781617,0.5142857142857142,scratch_figs,isotonic,pilot_holdout
H,4,0.4,0.5,9,0.49820905242591995,0.3333333333333333,scratch_figs,isotonic,pilot_holdout
H,5,0.5,0.6000000000000001,0,,,scratch_figs,isotonic,pilot_holdout
H,6,0.6000000000000001,0.7000000000000001,23,0.6238532110091746,0.6956521739130435,scratch_figs,isotonic,pilot_holdout
H,7,0.7000000000000001,0.8,0,,,scratch_figs,isotonic,pilot_holdout
H,8,0.8,0.9,0,,,scratch_figs,isotonic,pilot_holdout
H,9,0.9,1.0,0,,,scratch_figs,isotonic,pilot_holdout
top_label,0,0.0,0.1,0,,,svc_rbf,raw,calibration
top_label,1,0.1,0.2,0,,,svc_rbf,raw,calibration
top_label,2,0.2,0.30000000000000004,0,,,svc_rbf,raw,calibration
top_label,3,0.30000000000000004,0.4,8,0.35680308639384545,0.125,svc_rbf,raw,calibration
top_label,4,0.4,0.5,18,0.47589719590364077,0.3333333333333333,svc_rbf,raw,calibration
top_label,5,0.5,0.6000000000000001,36,0.5407394932095845,0.5277777777777778,svc_rbf,raw,calibration
top_label,6,0.6000000000000001,0.7000000000000001,0,,,svc_rbf,raw,calibration
top_label,7,0.7000000000000001,0.8,0,,,svc_rbf,raw,calibration
top_label,8,0.8,0.9,0,,,svc_rbf,raw,calibration
top_label,9,0.9,1.0,0,,,svc_rbf,raw,calibration
A,0,0.0,0.1,0,,,svc_rbf,raw,calibration
A,1,0.1,0.2,0,,,svc_rbf,raw,calibration
A,2,0.2,0.30000000000000004,54,0.24323118838429422,0.2962962962962963,svc_rbf,raw,calibration
A,3,0.30000000000000004,0.4,8,0.3179919761929624,0.75,svc_rbf,raw,calibration
A,4,0.4,0.5,0,,,svc_rbf,raw,calibration
A,5,0.5,0.6000000000000001,0,,,svc_rbf,raw,calibration
A,6,0.6000000000000001,0.7000000000000001,0,,,svc_rbf,raw,calibration
A,7,0.7000000000000001,0.8,0,,,svc_rbf,raw,calibration
A,8,0.8,0.9,0,,,svc_rbf,raw,calibration
A,9,0.9,1.0,0,,,svc_rbf,raw,calibration
D,0,0.0,0.1,0,,,svc_rbf,raw,calibration
D,1,0.1,0.2,0,,,svc_rbf,raw,calibration
D,2,0.2,0.30000000000000004,54,0.23764341750810264,0.24074074074074073,svc_rbf,raw,calibration
D,3,0.30000000000000004,0.4,8,0.3310518036802468,0.25,svc_rbf,raw,calibration
D,4,0.4,0.5,0,,,svc_rbf,raw,calibration
D,5,0.5,0.6000000000000001,0,,,svc_rbf,raw,calibration
D,6,0.6000000000000001,0.7000000000000001,0,,,svc_rbf,raw,calibration
D,7,0.7000000000000001,0.8,0,,,svc_rbf,raw,calibration
D,8,0.8,0.9,0,,,svc_rbf,raw,calibration
D,9,0.9,1.0,0,,,svc_rbf,raw,calibration
H,0,0.0,0.1,0,,,svc_rbf,raw,calibration
H,1,0.1,0.2,0,,,svc_rbf,raw,calibration
H,2,0.2,0.30000000000000004,0,,,svc_rbf,raw,calibration
H,3,0.30000000000000004,0.4,8,0.35095622012679095,0.0,svc_rbf,raw,calibration
H,4,0.4,0.5,18,0.47589719590364077,0.3333333333333333,svc_rbf,raw,calibration
H,5,0.5,0.6000000000000001,36,0.5407394932095845,0.5277777777777778,svc_rbf,raw,calibration
H,6,0.6000000000000001,0.7000000000000001,0,,,svc_rbf,raw,calibration
H,7,0.7000000000000001,0.8,0,,,svc_rbf,raw,calibration
H,8,0.8,0.9,0,,,svc_rbf,raw,calibration
H,9,0.9,1.0,0,,,svc_rbf,raw,calibration
top_label,0,0.0,0.1,0,,,svc_rbf,raw,pilot_holdout
top_label,1,0.1,0.2,0,,,svc_rbf,raw,pilot_holdout
top_label,2,0.2,0.30000000000000004,0,,,svc_rbf,raw,pilot_holdout
top_label,3,0.30000000000000004,0.4,8,0.35940917392634625,0.0,svc_rbf,raw,pilot_holdout
top_label,4,0.4,0.5,19,0.4795987979759469,0.42105263157894735,svc_rbf,raw,pilot_holdout
top_label,5,0.5,0.6000000000000001,52,0.5341445339679095,0.5961538461538461,svc_rbf,raw,pilot_holdout
top_label,6,0.6000000000000001,0.7000000000000001,0,,,svc_rbf,raw,pilot_holdout
top_label,7,0.7000000000000001,0.8,0,,,svc_rbf,raw,pilot_holdout
top_label,8,0.8,0.9,0,,,svc_rbf,raw,pilot_holdout
top_label,9,0.9,1.0,0,,,svc_rbf,raw,pilot_holdout
A,0,0.0,0.1,0,,,svc_rbf,raw,pilot_holdout
A,1,0.1,0.2,0,,,svc_rbf,raw,pilot_holdout
A,2,0.2,0.30000000000000004,73,0.24498456934614074,0.2328767123287671,svc_rbf,raw,pilot_holdout
A,3,0.30000000000000004,0.4,6,0.32162694078481957,0.8333333333333334,svc_rbf,raw,pilot_holdout
A,4,0.4,0.5,0,,,svc_rbf,raw,pilot_holdout
A,5,0.5,0.6000000000000001,0,,,svc_rbf,raw,pilot_holdout
A,6,0.6000000000000001,0.7000000000000001,0,,,svc_rbf,raw,pilot_holdout
A,7,0.7000000000000001,0.8,0,,,svc_rbf,raw,pilot_holdout
A,8,0.8,0.9,0,,,svc_rbf,raw,pilot_holdout
A,9,0.9,1.0,0,,,svc_rbf,raw,pilot_holdout
D,0,0.0,0.1,0,,,svc_rbf,raw,pilot_holdout
D,1,0.1,0.2,0,,,svc_rbf,raw,pilot_holdout
D,2,0.2,0.30000000000000004,71,0.23697001778076668,0.23943661971830985,svc_rbf,raw,pilot_holdout
D,3,0.30000000000000004,0.4,8,0.33055462695104754,0.0,svc_rbf,raw,pilot_holdout
D,4,0.4,0.5,0,,,svc_rbf,raw,pilot_holdout
D,5,0.5,0.6000000000000001,0,,,svc_rbf,raw,pilot_holdout
D,6,0.6000000000000001,0.7000000000000001,0,,,svc_rbf,raw,pilot_holdout
D,7,0.7000000000000001,0.8,0,,,svc_rbf,raw,pilot_holdout
D,8,0.8,0.9,0,,,svc_rbf,raw,pilot_holdout
D,9,0.9,1.0,0,,,svc_rbf,raw,pilot_holdout
H,0,0.0,0.1,0,,,svc_rbf,raw,pilot_holdout
H,1,0.1,0.2,0,,,svc_rbf,raw,pilot_holdout
H,2,0.2,0.30000000000000004,0,,,svc_rbf,raw,pilot_holdout
H,3,0.30000000000000004,0.4,8,0.353645448388213,0.125,svc_rbf,raw,pilot_holdout
H,4,0.4,0.5,19,0.4795987979759469,0.42105263157894735,svc_rbf,raw,pilot_holdout
H,5,0.5,0.6000000000000001,52,0.5341445339679095,0.5961538461538461,svc_rbf,raw,pilot_holdout
H,6,0.6000000000000001,0.7000000000000001,0,,,svc_rbf,raw,pilot_holdout
H,7,0.7000000000000001,0.8,0,,,svc_rbf,raw,pilot_holdout
H,8,0.8,0.9,0,,,svc_rbf,raw,pilot_holdout
H,9,0.9,1.0,0,,,svc_rbf,raw,pilot_holdout
top_label,0,0.0,0.1,0,,,svc_rbf,platt,calibration
top_label,1,0.1,0.2,0,,,svc_rbf,platt,calibration
top_label,2,0.2,0.30000000000000004,0,,,svc_rbf,platt,calibration
top_label,3,0.30000000000000004,0.4,12,0.38896984209877816,0.5,svc_rbf,platt,calibration
top_label,4,0.4,0.5,37,0.45137142822693255,0.4864864864864865,svc_rbf,platt,calibration
top_label,5,0.5,0.6000000000000001,13,0.5295483939733763,0.6923076923076923,svc_rbf,platt,calibration
top_label,6,0.6000000000000001,0.7000000000000001,0,,,svc_rbf,platt,calibration
top_label,7,0.7000000000000001,0.8,0,,,svc_rbf,platt,calibration
top_label,8,0.8,0.9,0,,,svc_rbf,platt,calibration
top_label,9,0.9,1.0,0,,,svc_rbf,platt,calibration
A,0,0.0,0.1,0,,,svc_rbf,platt,calibration
A,1,0.1,0.2,0,,,svc_rbf,platt,calibration
A,2,0.2,0.30000000000000004,15,0.278371663546647,0.26666666666666666,svc_rbf,platt,calibration
A,3,0.30000000000000004,0.4,35,0.34041637117041496,0.2857142857142857,svc_rbf,platt,calibration
A,4,0.4,0.5,5,0.4368657374211777,0.6,svc_rbf,platt,calibration
A,5,0.5,0.6000000000000001,7,0.5320044526919914,0.7142857142857143,svc_rbf,platt,calibration
A,6,0.6000000000000001,0.7000000000000001,0,,,svc_rbf,platt,calibration
A,7,0.7000000000000001,0.8,0,,,svc_rbf,platt,calibration
A,8,0.8,0.9,0,,,svc_rbf,platt,calibration
A,9,0.9,1.0,0,,,svc_rbf,platt,calibration
D,0,0.0,0.1,0,,,svc_rbf,platt,calibration
D,1,0.1,0.2,0,,,svc_rbf,platt,calibration
D,2,0.2,0.30000000000000004,62,0.24197184437457928,0.24193548387096775,svc_rbf,platt,calibration
D,3,0.30000000000000004,0.4,0,,,svc_rbf,platt,calibration
D,4,0.4,0.5,0,,,svc_rbf,platt,calibration
D,5,0.5,0.6000000000000001,0,,,svc_rbf,platt,calibration
D,6,0.6000000000000001,0.7000000000000001,0,,,svc_rbf,platt,calibration
D,7,0.7000000000000001,0.8,0,,,svc_rbf,platt,calibration
D,8,0.8,0.9,0,,,svc_rbf,platt,calibration
D,9,0.9,1.0,0,,,svc_rbf,platt,calibration
H,0,0.0,0.1,0,,,svc_rbf,platt,calibration
H,1,0.1,0.2,4,0.17982140596102947,0.0,svc_rbf,platt,calibration
H,2,0.2,0.30000000000000004,4,0.2147349680257181,0.0,svc_rbf,platt,calibration
H,3,0.30000000000000004,0.4,16,0.35903126516340456,0.375,svc_rbf,platt,calibration
H,4,0.4,0.5,32,0.45363794241533173,0.46875,svc_rbf,platt,calibration
H,5,0.5,0.6000000000000001,6,0.5266829921349921,0.6666666666666666,svc_rbf,platt,calibration
H,6,0.6000000000000001,0.7000000000000001,0,,,svc_rbf,platt,calibration
H,7,0.7000000000000001,0.8,0,,,svc_rbf,platt,calibration
H,8,0.8,0.9,0,,,svc_rbf,platt,calibration
H,9,0.9,1.0,0,,,svc_rbf,platt,calibration
top_label,0,0.0,0.1,0,,,svc_rbf,platt,pilot_holdout
top_label,1,0.1,0.2,0,,,svc_rbf,platt,pilot_holdout
top_label,2,0.2,0.30000000000000004,0,,,svc_rbf,platt,pilot_holdout
top_label,3,0.30000000000000004,0.4,14,0.3845762743960655,0.21428571428571427,svc_rbf,platt,pilot_holdout
top_label,4,0.4,0.5,49,0.44079038391253045,0.6326530612244898,svc_rbf,platt,pilot_holdout
top_label,5,0.5,0.6000000000000001,16,0.5278502068055639,0.6875,svc_rbf,platt,pilot_holdout
top_label,6,0.6000000000000001,0.7000000000000001,0,,,svc_rbf,platt,pilot_holdout
top_label,7,0.7000000000000001,0.8,0,,,svc_rbf,platt,pilot_holdout
top_label,8,0.8,0.9,0,,,svc_rbf,platt,pilot_holdout
top_label,9,0.9,1.0,0,,,svc_rbf,platt,pilot_holdout
A,0,0.0,0.1,0,,,svc_rbf,platt,pilot_holdout
A,1,0.1,0.2,0,,,svc_rbf,platt,pilot_holdout
A,2,0.2,0.30000000000000004,15,0.27360101959308186,0.13333333333333333,svc_rbf,platt,pilot_holdout
A,3,0.30000000000000004,0.4,53,0.33953741294204526,0.20754716981132076,svc_rbf,platt,pilot_holdout
A,4,0.4,0.5,5,0.4391934562622989,0.8,svc_rbf,platt,pilot_holdout
A,5,0.5,0.6000000000000001,6,0.5393445505361546,0.8333333333333334,svc_rbf,platt,pilot_holdout
A,6,0.6000000000000001,0.7000000000000001,0,,,svc_rbf,platt,pilot_holdout
A,7,0.7000000000000001,0.8,0,,,svc_rbf,platt,pilot_holdout
A,8,0.8,0.9,0,,,svc_rbf,platt,pilot_holdout
A,9,0.9,1.0,0,,,svc_rbf,platt,pilot_holdout
D,0,0.0,0.1,0,,,svc_rbf,platt,pilot_holdout
D,1,0.1,0.2,0,,,svc_rbf,platt,pilot_holdout
D,2,0.2,0.30000000000000004,79,0.24094923350293598,0.21518987341772153,svc_rbf,platt,pilot_holdout
D,3,0.30000000000000004,0.4,0,,,svc_rbf,platt,pilot_holdout
D,4,0.4,0.5,0,,,svc_rbf,platt,pilot_holdout
D,5,0.5,0.6000000000000001,0,,,svc_rbf,platt,pilot_holdout
D,6,0.6000000000000001,0.7000000000000001,0,,,svc_rbf,platt,pilot_holdout
D,7,0.7000000000000001,0.8,0,,,svc_rbf,platt,pilot_holdout
D,8,0.8,0.9,0,,,svc_rbf,platt,pilot_holdout
D,9,0.9,1.0,0,,,svc_rbf,platt,pilot_holdout
H,0,0.0,0.1,0,,,svc_rbf,platt,pilot_holdout
H,1,0.1,0.2,5,0.17979211357538996,0.2,svc_rbf,platt,pilot_holdout
H,2,0.2,0.30000000000000004,3,0.23513445692898202,0.0,svc_rbf,platt,pilot_holdout
H,3,0.30000000000000004,0.4,17,0.36569507730450096,0.35294117647058826,svc_rbf,platt,pilot_holdout
H,4,0.4,0.5,44,0.4409718529636931,0.6136363636363636,svc_rbf,platt,pilot_holdout
H,5,0.5,0.6000000000000001,10,0.5209536005672095,0.6,svc_rbf,platt,pilot_holdout
H,6,0.6000000000000001,0.7000000000000001,0,,,svc_rbf,platt,pilot_holdout
H,7,0.7000000000000001,0.8,0,,,svc_rbf,platt,pilot_holdout
H,8,0.8,0.9,0,,,svc_rbf,platt,pilot_holdout
H,9,0.9,1.0,0,,,svc_rbf,platt,pilot_holdout
top_label,0,0.0,0.1,0,,,svc_rbf,isotonic,calibration
top_label,1,0.1,0.2,0,,,svc_rbf,isotonic,calibration
top_label,2,0.2,0.30000000000000004,0,,,svc_rbf,isotonic,calibration
top_label,3,0.30000000000000004,0.4,8,0.3600139831285531,0.5,svc_rbf,isotonic,calibration
top_label,4,0.4,0.5,15,0.4180456000999946,0.4,svc_rbf,isotonic,calibration
top_label,5,0.5,0.6000000000000001,15,0.5069677871148248,0.5333333333333333,svc_rbf,isotonic,calibration
top_label,6,0.6000000000000001,0.7000000000000001,5,0.6286634460540946,0.4,svc_rbf,isotonic,calibration
top_label,7,0.7000000000000001,0.8,19,0.756944743007846,0.8421052631578947,svc_rbf,isotonic,calibration
top_label,8,0.8,0.9,0,,,svc_rbf,isotonic,calibration
top_label,9,0.9,1.0,0,,,svc_rbf,isotonic,calibration
A,0,0.0,0.1,0,,,svc_rbf,isotonic,calibration
A,1,0.1,0.2,0,,,svc_rbf,isotonic,calibration
A,2,0.2,0.30000000000000004,38,0.24289428229747817,0.23684210526315788,svc_rbf,isotonic,calibration
A,3,0.30000000000000004,0.4,10,0.34776134102183826,0.3,svc_rbf,isotonic,calibration
A,4,0.4,0.5,1,0.4374999999997539,0.0,svc_rbf,isotonic,calibration
A,5,0.5,0.6000000000000001,4,0.5,0.75,svc_rbf,isotonic,calibration
A,6,0.6000000000000001,0.7000000000000001,3,0.6280193236709332,0.3333333333333333,svc_rbf,isotonic,calibration
A,7,0.7000000000000001,0.8,6,0.721649484535413,1.0,svc_rbf,isotonic,calibration
A,8,0.8,0.9,0,,,svc_rbf,isotonic,calibration
A,9,0.9,1.0,0,,,svc_rbf,isotonic,calibration
D,0,0.0,0.1,15,1.1505501645839116e-12,0.0,svc_rbf,isotonic,calibration
D,1,0.1,0.2,0,,,svc_rbf,isotonic,calibration
D,2,0.2,0.30000000000000004,33,0.28425713955851867,0.18181818181818182,svc_rbf,isotonic,calibration
D,3,0.30000000000000004,0.4,13,0.3335919522467229,0.6153846153846154,svc_rbf,isotonic,calibration
D,4,0.4,0.5,0,,,svc_rbf,isotonic,calibration
D,5,0.5,0.6000000000000001,1,0.5624999999996836,1.0,svc_rbf,isotonic,calibration
D,6,0.6000000000000001,0.7000000000000001,0,,,svc_rbf,isotonic,calibration
D,7,0.7000000000000001,0.8,0,,,svc_rbf,isotonic,calibration
D,8,0.8,0.9,0,,,svc_rbf,isotonic,calibration
D,9,0.9,1.0,0,,,svc_rbf,isotonic,calibration
H,0,0.0,0.1,10,8.80583881168587e-13,0.0,svc_rbf,isotonic,calibration
H,1,0.1,0.2,0,,,svc_rbf,isotonic,calibration
H,2,0.2,0.30000000000000004,4,0.25,0.25,svc_rbf,isotonic,calibration
H,3,0.30000000000000004,0.4,8,0.3421568402714102,0.375,svc_rbf,isotonic,calibration
H,4,0.4,0.5,15,0.4180456000999946,0.4,svc_rbf,isotonic,calibration
H,5,0.5,0.6000000000000001,10,0.5042016806722689,0.4,svc_rbf,isotonic,calibration
H,6,0.6000000000000001,0.7000000000000001,2,0.6296296296288368,0.5,svc_rbf,isotonic,calibration
H,7,0.7000000000000001,0.8,13,0.7732348623028151,0.7692307692307693,svc_rbf,isotonic,calibration
H,8,0.8,0.9,0,,,svc_rbf,isotonic,calibration
H,9,0.9,1.0,0,,,svc_rbf,isotonic,calibration
top_label,0,0.0,0.1,0,,,svc_rbf,isotonic,pilot_holdout
top_label,1,0.1,0.2,0,,,svc_rbf,isotonic,pilot_holdout
top_label,2,0.2,0.30000000000000004,0,,,svc_rbf,isotonic,pilot_holdout
top_label,3,0.30000000000000004,0.4,11,0.366082672078806,0.18181818181818182,svc_rbf,isotonic,pilot_holdout
top_label,4,0.4,0.5,29,0.41593799814963106,0.4482758620689655,svc_rbf,isotonic,pilot_holdout
top_label,5,0.5,0.6000000000000001,15,0.5076734905062656,0.8,svc_rbf,isotonic,pilot_holdout
top_label,6,0.6000000000000001,0.7000000000000001,5,0.6122500973938989,0.8,svc_rbf,isotonic,pilot_holdout
top_label,7,0.7000000000000001,0.8,19,0.761099380112955,0.7368421052631579,svc_rbf,isotonic,pilot_holdout
top_label,8,0.8,0.9,0,,,svc_rbf,isotonic,pilot_holdout
top_label,9,0.9,1.0,0,,,svc_rbf,isotonic,pilot_holdout
A,0,0.0,0.1,0,,,svc_rbf,isotonic,pilot_holdout
A,1,0.1,0.2,1,0.17266187050359716,0.0,svc_rbf,isotonic,pilot_holdout
A,2,0.2,0.30000000000000004,52,0.25644224051879294,0.19230769230769232,svc_rbf,isotonic,pilot_holdout
A,3,0.30000000000000004,0.4,11,0.34028945018224666,0.0,svc_rbf,isotonic,pilot_holdout
A,4,0.4,0.5,2,0.4582861654124101,1.0,svc_rbf,isotonic,pilot_holdout
A,5,0.5,0.6000000000000001,5,0.5003495326396481,0.6,svc_rbf,isotonic,pilot_holdout
A,6,0.6000000000000001,0.7000000000000001,4,0.6079052143351644,0.75,svc_rbf,isotonic,pilot_holdout
A,7,0.7000000000000001,0.8,4,0.7212081746838361,1.0,svc_rbf,isotonic,pilot_holdout
A,8,0.8,0.9,0,,,svc_rbf,isotonic,pilot_holdout
A,9,0.9,1.0,0,,,svc_rbf,isotonic,pilot_holdout
D,0,0.0,0.1,16,1.1486863526323805e-12,0.1875,svc_rbf,isotonic,pilot_holdout
D,1,0.1,0.2,0,,,svc_rbf,isotonic,pilot_holdout
D,2,0.2,0.30000000000000004,47,0.28598663456174817,0.2553191489361702,svc_rbf,isotonic,pilot_holdout
D,3,0.30000000000000004,0.4,16,0.33939759904291356,0.125,svc_rbf,isotonic,pilot_holdout
D,4,0.4,0.5,0,,,svc_rbf,isotonic,pilot_holdout
D,5,0.5,0.6000000000000001,0,,,svc_rbf,isotonic,pilot_holdout
D,6,0.6000000000000001,0.7000000000000001,0,,,svc_rbf,isotonic,pilot_holdout
D,7,0.7000000000000001,0.8,0,,,svc_rbf,isotonic,pilot_holdout
D,8,0.8,0.9,0,,,svc_rbf,isotonic,pilot_holdout
D,9,0.9,1.0,0,,,svc_rbf,isotonic,pilot_holdout
H,0,0.0,0.1,8,8.544300357979288e-13,0.125,svc_rbf,isotonic,pilot_holdout
H,1,0.1,0.2,0,,,svc_rbf,isotonic,pilot_holdout
H,2,0.2,0.30000000000000004,7,0.25627557119168737,0.14285714285714285,svc_rbf,isotonic,pilot_holdout
H,3,0.30000000000000004,0.4,11,0.3530956590917931,0.6363636363636364,svc_rbf,isotonic,pilot_holdout
H,4,0.4,0.5,27,0.41280109687090666,0.4074074074074074,svc_rbf,isotonic,pilot_holdout
H,5,0.5,0.6000000000000001,10,0.5113354694395744,0.9,svc_rbf,isotonic,pilot_holdout
H,6,0.6000000000000001,0.7000000000000001,1,0.6296296296288368,1.0,svc_rbf,isotonic,pilot_holdout
H,7,0.7000000000000001,0.8,15,0.7717370348940534,0.6666666666666666,svc_rbf,isotonic,pilot_holdout
H,8,0.8,0.9,0,,,svc_rbf,isotonic,pilot_holdout
H,9,0.9,1.0,0,,,svc_rbf,isotonic,pilot_holdout
top_label,0,0.0,0.1,0,,,xgboost,raw,calibration
top_label,1,0.1,0.2,0,,,xgboost,raw,calibration
top_label,2,0.2,0.30000000000000004,0,,,xgboost,raw,calibration
top_label,3,0.30000000000000004,0.4,3,0.37144529851233526,0.3333333333333333,xgboost,raw,calibration
top_label,4,0.4,0.5,16,0.43843455820065647,0.375,xgboost,raw,calibration
top_label,5,0.5,0.6000000000000001,21,0.5451030869216206,0.42857142857142855,xgboost,raw,calibration
top_label,6,0.6000000000000001,0.7000000000000001,12,0.6589681104685866,0.5833333333333334,xgboost,raw,calibration
top_label,7,0.7000000000000001,0.8,2,0.7647576350252261,0.5,xgboost,raw,calibration
top_label,8,0.8,0.9,6,0.845505253939182,0.8333333333333334,xgboost,raw,calibration
top_label,9,0.9,1.0,2,0.9438859810064857,1.0,xgboost,raw,calibration
A,0,0.0,0.1,18,0.05114337690029444,0.2222222222222222,xgboost,raw,calibration
A,1,0.1,0.2,7,0.14995250020322118,0.5714285714285714,xgboost,raw,calibration
A,2,0.2,0.30000000000000004,13,0.25284905912963895,0.3076923076923077,xgboost,raw,calibration
A,3,0.30000000000000004,0.4,7,0.3344052208850554,0.0,xgboost,raw,calibration
A,4,0.4,0.5,6,0.4326115679462981,0.5,xgboost,raw,calibration
A,5,0.5,0.6000000000000001,7,0.5568550981434147,0.5714285714285714,xgboost,raw,calibration
A,6,0.6000000000000001,0.7000000000000001,4,0.6641941414354496,0.75,xgboost,raw,calibration
A,7,0.7000000000000001,0.8,0,,,xgboost,raw,calibration
A,8,0.8,0.9,0,,,xgboost,raw,calibration
A,9,0.9,1.0,0,,,xgboost,raw,calibration
D,0,0.0,0.1,8,0.07648041332737943,0.125,xgboost,raw,calibration
D,1,0.1,0.2,15,0.1545818248046442,0.3333333333333333,xgboost,raw,calibration
D,2,0.2,0.30000000000000004,22,0.24707956339649376,0.22727272727272727,xgboost,raw,calibration
D,3,0.30000000000000004,0.4,14,0.34102349111595665,0.2857142857142857,xgboost,raw,calibration
D,4,0.4,0.5,3,0.43006305744436685,0.0,xgboost,raw,calibration
D,5,0.5,0.6000000000000001,0,,,xgboost,raw,calibration
D,6,0.6000000000000001,0.7000000000000001,0,,,xgboost,raw,calibration
D,7,0.7000000000000001,0.8,0,,,xgboost,raw,calibration
D,8,0.8,0.9,0,,,xgboost,raw,calibration
D,9,0.9,1.0,0,,,xgboost,raw,calibration
H,0,0.0,0.1,0,,,xgboost,raw,calibration
H,1,0.1,0.2,5,0.16712939437635987,0.0,xgboost,raw,calibration
H,2,0.2,0.30000000000000004,9,0.24873929467523925,0.2222222222222222,xgboost,raw,calibration
H,3,0.30000000000000004,0.4,7,0.3559527399344028,0.2857142857142857,xgboost,raw,calibration
H,4,0.4,0.5,9,0.440477573363362,0.4444444444444444,xgboost,raw,calibration
H,5,0.5,0.6000000000000001,14,0.5392270813107232,0.35714285714285715,xgboost,raw,calibration
H,6,0.6000000000000001,0.7000000000000001,8,0.6563550949851549,0.5,xgboost,raw,calibration
H,7,0.7000000000000001,0.8,2,0.7647576350252261,0.5,xgboost,raw,calibration
H,8,0.8,0.9,6,0.845505253939182,0.8333333333333334,xgboost,raw,calibration
H,9,0.9,1.0,2,0.9438859810064857,1.0,xgboost,raw,calibration
top_label,0,0.0,0.1,0,,,xgboost,raw,pilot_holdout
top_label,1,0.1,0.2,0,,,xgboost,raw,pilot_holdout
top_label,2,0.2,0.30000000000000004,0,,,xgboost,raw,pilot_holdout
top_label,3,0.30000000000000004,0.4,6,0.38068613024494247,0.5,xgboost,raw,pilot_holdout
top_label,4,0.4,0.5,26,0.4493933629726407,0.19230769230769232,xgboost,raw,pilot_holdout
top_label,5,0.5,0.6000000000000001,17,0.5463342578874459,0.4117647058823529,xgboost,raw,pilot_holdout
top_label,6,0.6000000000000001,0.7000000000000001,12,0.6382888789244764,0.75,xgboost,raw,pilot_holdout
top_label,7,0.7000000000000001,0.8,6,0.7604308526472431,0.8333333333333334,xgboost,raw,pilot_holdout
top_label,8,0.8,0.9,7,0.8447169815121486,0.42857142857142855,xgboost,raw,pilot_holdout
top_label,9,0.9,1.0,5,0.937596550035788,0.8,xgboost,raw,pilot_holdout
A,0,0.0,0.1,25,0.046745923303383015,0.16,xgboost,raw,pilot_holdout
A,1,0.1,0.2,11,0.13457479665363287,0.36363636363636365,xgboost,raw,pilot_holdout
A,2,0.2,0.30000000000000004,12,0.24815456770993574,0.0,xgboost,raw,pilot_holdout
A,3,0.30000000000000004,0.4,15,0.3444018419178256,0.4666666666666667,xgboost,raw,pilot_holdout
A,4,0.4,0.5,10,0.4510751231430915,0.2,xgboost,raw,pilot_holdout
A,5,0.5,0.6000000000000001,2,0.5141143800570448,1.0,xgboost,raw,pilot_holdout
A,6,0.6000000000000001,0.7000000000000001,3,0.626444312408533,0.6666666666666666,xgboost,raw,pilot_holdout
A,7,0.7000000000000001,0.8,1,0.7232314509875651,1.0,xgboost,raw,pilot_holdout
A,8,0.8,0.9,0,,,xgboost,raw,pilot_holdout
A,9,0.9,1.0,0,,,xgboost,raw,pilot_holdout
D,0,0.0,0.1,8,0.057862876700568715,0.0,xgboost,raw,pilot_holdout
D,1,0.1,0.2,18,0.14808140161884475,0.2777777777777778,xgboost,raw,pilot_holdout
D,2,0.2,0.30000000000000004,27,0.250017278508614,0.2962962962962963,xgboost,raw,pilot_holdout
D,3,0.30000000000000004,0.4,12,0.350405709888246,0.25,xgboost,raw,pilot_holdout
D,4,0.4,0.5,11,0.44697654190695774,0.09090909090909091,xgboost,raw,pilot_holdout
D,5,0.5,0.6000000000000001,3,0.5546436079876274,0.0,xgboost,raw,pilot_holdout
D,6,0.6000000000000001,0.7000000000000001,0,,,xgboost,raw,pilot_holdout
D,7,0.7000000000000001,0.8,0,,,xgboost,raw,pilot_holdout
D,8,0.8,0.9,0,,,xgboost,raw,pilot_holdout
D,9,0.9,1.0,0,,,xgboost,raw,pilot_holdout
H,0,0.0,0.1,0,,,xgboost,raw,pilot_holdout
H,1,0.1,0.2,6,0.14247774443765418,0.3333333333333333,xgboost,raw,pilot_holdout
H,2,0.2,0.30000000000000004,13,0.2575226539568316,0.3076923076923077,xgboost,raw,pilot_holdout
H,3,0.30000000000000004,0.4,14,0.348501300357143,0.5714285714285714,xgboost,raw,pilot_holdout
H,4,0.4,0.5,8,0.43794192481295463,0.375,xgboost,raw,pilot_holdout
H,5,0.5,0.6000000000000001,12,0.5496269000008008,0.4166666666666667,xgboost,raw,pilot_holdout
H,6,0.6000000000000001,0.7000000000000001,9,0.6422370677631242,0.7777777777777778,xgboost,raw,pilot_holdout
H,7,0.7000000000000001,0.8,5,0.7678707329791787,0.8,xgboost,raw,pilot_holdout
H,8,0.8,0.9,7,0.8447169815121486,0.42857142857142855,xgboost,raw,pilot_holdout
H,9,0.9,1.0,5,0.937596550035788,0.8,xgboost,raw,pilot_holdout
top_label,0,0.0,0.1,0,,,xgboost,platt,calibration
top_label,1,0.1,0.2,0,,,xgboost,platt,calibration
top_label,2,0.2,0.30000000000000004,0,,,xgboost,platt,calibration
top_label,3,0.30000000000000004,0.4,10,0.3760375564102757,0.3,xgboost,platt,calibration
top_label,4,0.4,0.5,23,0.44241536490287514,0.5217391304347826,xgboost,platt,calibration
top_label,5,0.5,0.6000000000000001,15,0.5388113037288059,0.4,xgboost,platt,calibration
top_label,6,0.6000000000000001,0.7000000000000001,5,0.6387358468606162,0.8,xgboost,platt,calibration
top_label,7,0.7000000000000001,0.8,7,0.7451206371520874,0.8571428571428571,xgboost,platt,calibration
top_label,8,0.8,0.9,2,0.8832338545478026,1.0,xgboost,platt,calibration
top_label,9,0.9,1.0,0,,,xgboost,platt,calibration
A,0,0.0,0.1,2,0.07674099852291466,0.0,xgboost,platt,calibration
A,1,0.1,0.2,9,0.14956830475878824,0.1111111111111111,xgboost,platt,calibration
A,2,0.2,0.30000000000000004,13,0.26014895342921746,0.23076923076923078,xgboost,platt,calibration
A,3,0.30000000000000004,0.4,12,0.3421747107761129,0.3333333333333333,xgboost,platt,calibration
A,4,0.4,0.5,14,0.43444541077718873,0.5,xgboost,platt,calibration
A,5,0.5,0.6000000000000001,8,0.5343683999725191,0.375,xgboost,platt,calibration
A,6,0.6000000000000001,0.7000000000000001,3,0.6313088693183625,1.0,xgboost,platt,calibration
A,7,0.7000000000000001,0.8,1,0.7620910939058254,1.0,xgboost,platt,calibration
A,8,0.8,0.9,0,,,xgboost,platt,calibration
A,9,0.9,1.0,0,,,xgboost,platt,calibration
D,0,0.0,0.1,5,0.07348005382016196,0.0,xgboost,platt,calibration
D,1,0.1,0.2,14,0.14483126149306716,0.14285714285714285,xgboost,platt,calibration
D,2,0.2,0.30000000000000004,26,0.26601120653184585,0.2692307692307692,xgboost,platt,calibration
D,3,0.30000000000000004,0.4,17,0.3345629015409058,0.35294117647058826,xgboost,platt,calibration
D,4,0.4,0.5,0,,,xgboost,platt,calibration
D,5,0.5,0.6000000000000001,0,,,xgboost,platt,calibration
D,6,0.6000000000000001,0.7000000000000001,0,,,xgboost,platt,calibration
D,7,0.7000000000000001,0.8,0,,,xgboost,platt,calibration
D,8,0.8,0.9,0,,,xgboost,platt,calibration
D,9,0.9,1.0,0,,,xgboost,platt,calibration
H,0,0.0,0.1,1,0.07053239155570246,0.0,xgboost,platt,calibration
H,1,0.1,0.2,8,0.1579460170212373,0.125,xgboost,platt,calibration
H,2,0.2,0.30000000000000004,13,0.24987865076398277,0.23076923076923078,xgboost,platt,calibration
H,3,0.30000000000000004,0.4,13,0.35294370834408656,0.38461538461538464,xgboost,platt,calibration
H,4,0.4,0.5,10,0.45022838037982266,0.5,xgboost,platt,calibration
H,5,0.5,0.6000000000000001,7,0.5438889080217052,0.42857142857142855,xgboost,platt,calibration
H,6,0.6000000000000001,0.7000000000000001,2,0.6498763131739969,0.5,xgboost,platt,calibration
H,7,0.7000000000000001,0.8,6,0.7422922276931311,0.8333333333333334,xgboost,platt,calibration
H,8,0.8,0.9,2,0.8832338545478026,1.0,xgboost,platt,calibration
H,9,0.9,1.0,0,,,xgboost,platt,calibration
top_label,0,0.0,0.1,0,,,xgboost,platt,pilot_holdout
top_label,1,0.1,0.2,0,,,xgboost,platt,pilot_holdout
top_label,2,0.2,0.30000000000000004,0,,,xgboost,platt,pilot_holdout
top_label,3,0.30000000000000004,0.4,14,0.3781802837483518,0.2857142857142857,xgboost,platt,pilot_holdout
top_label,4,0.4,0.5,24,0.44730338978895384,0.4583333333333333,xgboost,platt,pilot_holdout
top_label,5,0.5,0.6000000000000001,12,0.5501015372152965,0.5833333333333334,xgboost,platt,pilot_holdout
top_label,6,0.6000000000000001,0.7000000000000001,13,0.6577273479412857,0.6153846153846154,xgboost,platt,pilot_holdout
top_label,7,0.7000000000000001,0.8,10,0.7526345905897674,0.3,xgboost,platt,pilot_holdout
top_label,8,0.8,0.9,5,0.8564294466959839,0.8,xgboost,platt,pilot_holdout
top_label,9,0.9,1.0,1,0.9071083024134533,1.0,xgboost,platt,pilot_holdout
A,0,0.0,0.1,5,0.07129790588625565,0.2,xgboost,platt,pilot_holdout
A,1,0.1,0.2,10,0.15414029222921505,0.3,xgboost,platt,pilot_holdout
A,2,0.2,0.30000000000000004,15,0.2713230118570588,0.13333333333333333,xgboost,platt,pilot_holdout
A,3,0.30000000000000004,0.4,15,0.33834462178516556,0.13333333333333333,xgboost,platt,pilot_holdout
A,4,0.4,0.5,15,0.43689628761795685,0.3333333333333333,xgboost,platt,pilot_holdout
A,5,0.5,0.6000000000000001,6,0.5397560446352746,0.5,xgboost,platt,pilot_holdout
A,6,0.6000000000000001,0.7000000000000001,8,0.6470657725612119,0.5,xgboost,platt,pilot_holdout
A,7,0.7000000000000001,0.8,4,0.7572747206661797,0.25,xgboost,platt,pilot_holdout
A,8,0.8,0.9,1,0.8313151490774529,1.0,xgboost,platt,pilot_holdout
A,9,0.9,1.0,0,,,xgboost,platt,pilot_holdout
D,0,0.0,0.1,11,0.07747750981468654,0.09090909090909091,xgboost,platt,pilot_holdout
D,1,0.1,0.2,23,0.15252304444755763,0.08695652173913043,xgboost,platt,pilot_holdout
D,2,0.2,0.30000000000000004,21,0.23892320266214098,0.23809523809523808,xgboost,platt,pilot_holdout
D,3,0.30000000000000004,0.4,24,0.3302639433728006,0.375,xgboost,platt,pilot_holdout
D,4,0.4,0.5,0,,,xgboost,platt,pilot_holdout
D,5,0.5,0.6000000000000001,0,,,xgboost,platt,pilot_holdout
D,6,0.6000000000000001,0.7000000000000001,0,,,xgboost,platt,pilot_holdout
D,7,0.7000000000000001,0.8,0,,,xgboost,platt,pilot_holdout
D,8,0.8,0.9,0,,,xgboost,platt,pilot_holdout
D,9,0.9,1.0,0,,,xgboost,platt,pilot_holdout
H,0,0.0,0.1,3,0.0626296448648122,0.3333333333333333,xgboost,platt,pilot_holdout
H,1,0.1,0.2,11,0.1442536215228314,0.36363636363636365,xgboost,platt,pilot_holdout
H,2,0.2,0.30000000000000004,19,0.24499045163036218,0.47368421052631576,xgboost,platt,pilot_holdout
H,3,0.30000000000000004,0.4,13,0.3692919422725687,0.46153846153846156,xgboost,platt,pilot_holdout
H,4,0.4,0.5,11,0.45473419898082973,0.5454545454545454,xgboost,platt,pilot_holdout
H,5,0.5,0.6000000000000001,6,0.5604470297953187,0.6666666666666666,xgboost,platt,pilot_holdout
H,6,0.6000000000000001,0.7000000000000001,5,0.6747858685494037,0.8,xgboost,platt,pilot_holdout
H,7,0.7000000000000001,0.8,6,0.7495411705388259,0.3333333333333333,xgboost,platt,pilot_holdout
H,8,0.8,0.9,4,0.8627080211006165,0.75,xgboost,platt,pilot_holdout
H,9,0.9,1.0,1,0.9071083024134533,1.0,xgboost,platt,pilot_holdout
top_label,0,0.0,0.1,0,,,xgboost,isotonic,calibration
top_label,1,0.1,0.2,0,,,xgboost,isotonic,calibration
top_label,2,0.2,0.30000000000000004,0,,,xgboost,isotonic,calibration
top_label,3,0.30000000000000004,0.4,4,0.3600670337562844,0.5,xgboost,isotonic,calibration
top_label,4,0.4,0.5,38,0.4409451590963437,0.42105263157894735,xgboost,isotonic,calibration
top_label,5,0.5,0.6000000000000001,1,0.6,1.0,xgboost,isotonic,calibration
top_label,6,0.6000000000000001,0.7000000000000001,6,0.643249907082251,0.5,xgboost,isotonic,calibration
top_label,7,0.7000000000000001,0.8,9,0.7343843644357101,0.8888888888888888,xgboost,isotonic,calibration
top_label,8,0.8,0.9,2,0.8574999999991467,1.0,xgboost,isotonic,calibration
top_label,9,0.9,1.0,2,0.999999999998,1.0,xgboost,isotonic,calibration
A,0,0.0,0.1,3,9.913644214145855e-13,0.0,xgboost,isotonic,calibration
A,1,0.1,0.2,3,0.1794871794871795,0.0,xgboost,isotonic,calibration
A,2,0.2,0.30000000000000004,15,0.24901064435634362,0.3333333333333333,xgboost,isotonic,calibration
A,3,0.30000000000000004,0.4,25,0.3187623668661726,0.28,xgboost,isotonic,calibration
A,4,0.4,0.5,6,0.46798732153941014,0.5,xgboost,isotonic,calibration
A,5,0.5,0.6000000000000001,0,,,xgboost,isotonic,calibration
A,6,0.6000000000000001,0.7000000000000001,4,0.6438356164375272,0.5,xgboost,isotonic,calibration
A,7,0.7000000000000001,0.8,4,0.7437607944725426,0.75,xgboost,isotonic,calibration
A,8,0.8,0.9,2,0.8574999999991467,1.0,xgboost,isotonic,calibration
A,9,0.9,1.0,0,,,xgboost,isotonic,calibration
D,0,0.0,0.1,4,1.0639534883704488e-12,0.0,xgboost,isotonic,calibration
D,1,0.1,0.2,7,0.12684741488016055,0.14285714285714285,xgboost,isotonic,calibration
D,2,0.2,0.30000000000000004,43,0.2717032643774414,0.2558139534883721,xgboost,isotonic,calibration
D,3,0.30000000000000004,0.4,8,0.346145395036518,0.375,xgboost,isotonic,calibration
D,4,0.4,0.5,0,,,xgboost,isotonic,calibration
D,5,0.5,0.6000000000000001,0,,,xgboost,isotonic,calibration
D,6,0.6000000000000001,0.7000000000000001,0,,,xgboost,isotonic,calibration
D,7,0.7000000000000001,0.8,0,,,xgboost,isotonic,calibration
D,8,0.8,0.9,0,,,xgboost,isotonic,calibration
D,9,0.9,1.0,0,,,xgboost,isotonic,calibration
H,0,0.0,0.1,10,1.0851298057574185e-12,0.0,xgboost,isotonic,calibration
H,1,0.1,0.2,0,,,xgboost,isotonic,calibration
H,2,0.2,0.30000000000000004,4,0.24352331606217614,0.25,xgboost,isotonic,calibration
H,3,0.30000000000000004,0.4,6,0.3171693599197836,0.3333333333333333,xgboost,isotonic,calibration
H,4,0.4,0.5,32,0.4358747536382688,0.40625,xgboost,isotonic,calibration
H,5,0.5,0.6000000000000001,1,0.6,1.0,xgboost,isotonic,calibration
H,6,0.6000000000000001,0.7000000000000001,2,0.6420784883716988,0.5,xgboost,isotonic,calibration
H,7,0.7000000000000001,0.8,5,0.7268832204062442,1.0,xgboost,isotonic,calibration
H,8,0.8,0.9,0,,,xgboost,isotonic,calibration
H,9,0.9,1.0,2,0.999999999998,1.0,xgboost,isotonic,calibration
top_label,0,0.0,0.1,0,,,xgboost,isotonic,pilot_holdout
top_label,1,0.1,0.2,0,,,xgboost,isotonic,pilot_holdout
top_label,2,0.2,0.30000000000000004,0,,,xgboost,isotonic,pilot_holdout
top_label,3,0.30000000000000004,0.4,9,0.3645938158290671,0.1111111111111111,xgboost,isotonic,pilot_holdout
top_label,4,0.4,0.5,41,0.4451528923789858,0.5365853658536586,xgboost,isotonic,pilot_holdout
top_label,5,0.5,0.6000000000000001,10,0.5392780889480095,0.7,xgboost,isotonic,pilot_holdout
top_label,6,0.6000000000000001,0.7000000000000001,6,0.6451078354473404,0.3333333333333333,xgboost,isotonic,pilot_holdout
top_label,7,0.7000000000000001,0.8,7,0.7534698407437482,0.5714285714285714,xgboost,isotonic,pilot_holdout
top_label,8,0.8,0.9,2,0.8749999999992344,1.0,xgboost,isotonic,pilot_holdout
top_label,9,0.9,1.0,4,0.999999999998,0.75,xgboost,isotonic,pilot_holdout
A,0,0.0,0.1,7,0.004986546504329797,0.14285714285714285,xgboost,isotonic,pilot_holdout
A,1,0.1,0.2,5,0.18260830789304225,0.4,xgboost,isotonic,pilot_holdout
A,2,0.2,0.30000000000000004,18,0.24941768236021625,0.16666666666666666,xgboost,isotonic,pilot_holdout
A,3,0.30000000000000004,0.4,28,0.31851188791036184,0.17857142857142858,xgboost,isotonic,pilot_holdout
A,4,0.4,0.5,10,0.4796698502560936,0.4,xgboost,isotonic,pilot_holdout
A,5,0.5,0.6000000000000001,6,0.5171939477294961,0.6666666666666666,xgboost,isotonic,pilot_holdout
A,6,0.6000000000000001,0.7000000000000001,1,0.6438356164375272,0.0,xgboost,isotonic,pilot_holdout
A,7,0.7000000000000001,0.8,3,0.737046632123628,0.6666666666666666,xgboost,isotonic,pilot_holdout
A,8,0.8,0.9,1,0.8749999999992344,1.0,xgboost,isotonic,pilot_holdout
A,9,0.9,1.0,0,,,xgboost,isotonic,pilot_holdout
D,0,0.0,0.1,6,9.333333333317867e-13,0.0,xgboost,isotonic,pilot_holdout
D,1,0.1,0.2,8,0.1250414648714111,0.375,xgboost,isotonic,pilot_holdout
D,2,0.2,0.30000000000000004,49,0.27011492490530487,0.24489795918367346,xgboost,isotonic,pilot_holdout
D,3,0.30000000000000004,0.4,10,0.33767042148189047,0.2,xgboost,isotonic,pilot_holdout
D,4,0.4,0.5,6,0.48280605226875833,0.0,xgboost,isotonic,pilot_holdout
D,5,0.5,0.6000000000000001,0,,,xgboost,isotonic,pilot_holdout
D,6,0.6000000000000001,0.7000000000000001,0,,,xgboost,isotonic,pilot_holdout
D,7,0.7000000000000001,0.8,0,,,xgboost,isotonic,pilot_holdout
D,8,0.8,0.9,0,,,xgboost,isotonic,pilot_holdout
D,9,0.9,1.0,0,,,xgboost,isotonic,pilot_holdout
H,0,0.0,0.1,11,1.4167304729900996e-12,0.36363636363636365,xgboost,isotonic,pilot_holdout
H,1,0.1,0.2,0,,,xgboost,isotonic,pilot_holdout
H,2,0.2,0.30000000000000004,8,0.24434873682282082,0.125,xgboost,isotonic,pilot_holdout
H,3,0.30000000000000004,0.4,11,0.3309929685240691,0.5454545454545454,xgboost,isotonic,pilot_holdout
H,4,0.4,0.5,31,0.43401838983798335,0.5806451612903226,xgboost,isotonic,pilot_holdout
H,5,0.5,0.6000000000000001,4,0.5724043007757795,0.75,xgboost,isotonic,pilot_holdout
H,6,0.6000000000000001,0.7000000000000001,5,0.645362279249303,0.4,xgboost,isotonic,pilot_holdout
H,7,0.7000000000000001,0.8,4,0.7657872472088384,0.5,xgboost,isotonic,pilot_holdout
H,8,0.8,0.9,1,0.8749999999992344,1.0,xgboost,isotonic,pilot_holdout
H,9,0.9,1.0,4,0.999999999998,0.75,xgboost,isotonic,pilot_holdout
top_label,0,0.0,0.1,0,,,market,raw,calibration
top_label,1,0.1,0.2,0,,,market,raw,calibration
top_label,2,0.2,0.30000000000000004,0,,,market,raw,calibration
top_label,3,0.30000000000000004,0.4,5,0.37574977366403095,0.6,market,raw,calibration
top_label,4,0.4,0.5,28,0.45093355323631945,0.42857142857142855,market,raw,calibration
top_label,5,0.5,0.6000000000000001,10,0.5573119316724037,0.3,market,raw,calibration
top_label,6,0.6000000000000001,0.7000000000000001,8,0.6448964987812456,0.625,market,raw,calibration
top_label,7,0.7000000000000001,0.8,7,0.7400987787033971,0.8571428571428571,market,raw,calibration
top_label,8,0.8,0.9,4,0.8402701213987713,1.0,market,raw,calibration
top_label,9,0.9,1.0,0,,,market,raw,calibration
A,0,0.0,0.1,3,0.054212389659849126,0.0,market,raw,calibration
A,1,0.1,0.2,15,0.14526725489632997,0.26666666666666666,market,raw,calibration
A,2,0.2,0.30000000000000004,22,0.2555973457363196,0.2727272727272727,market,raw,calibration
A,3,0.30000000000000004,0.4,7,0.3279445473199443,0.42857142857142855,market,raw,calibration
A,4,0.4,0.5,6,0.4474469379479526,0.5,market,raw,calibration
A,5,0.5,0.6000000000000001,1,0.5496094879953718,0.0,market,raw,calibration
A,6,0.6000000000000001,0.7000000000000001,2,0.6428998104264814,0.5,market,raw,calibration
A,7,0.7000000000000001,0.8,4,0.7443625706533483,0.75,market,raw,calibration
A,8,0.8,0.9,2,0.8203311601369854,1.0,market,raw,calibration
A,9,0.9,1.0,0,,,market,raw,calibration
D,0,0.0,0.1,1,0.06358141466340608,0.0,market,raw,calibration
D,1,0.1,0.2,10,0.15093410615008104,0.1,market,raw,calibration
D,2,0.2,0.30000000000000004,49,0.27022225453779425,0.2653061224489796,market,raw,calibration
D,3,0.30000000000000004,0.4,2,0.3060638462640668,0.5,market,raw,calibration
D,4,0.4,0.5,0,,,market,raw,calibration
D,5,0.5,0.6000000000000001,0,,,market,raw,calibration
D,6,0.6000000000000001,0.7000000000000001,0,,,market,raw,calibration
D,7,0.7000000000000001,0.8,0,,,market,raw,calibration
D,8,0.8,0.9,0,,,market,raw,calibration
D,9,0.9,1.0,0,,,market,raw,calibration
H,0,0.0,0.1,4,0.07036905238702787,0.0,market,raw,calibration
H,1,0.1,0.2,4,0.11498798506849414,0.25,market,raw,calibration
H,2,0.2,0.30000000000000004,5,0.24468402847331,0.0,market,raw,calibration
H,3,0.30000000000000004,0.4,7,0.34980127182773485,0.42857142857142855,market,raw,calibration
H,4,0.4,0.5,22,0.451884448314965,0.4090909090909091,market,raw,calibration
H,5,0.5,0.6000000000000001,9,0.5581677587476295,0.3333333333333333,market,raw,calibration
H,6,0.6000000000000001,0.7000000000000001,6,0.6455620615661669,0.6666666666666666,market,raw,calibration
H,7,0.7000000000000001,0.8,3,0.7344137227701286,1.0,market,raw,calibration
H,8,0.8,0.9,2,0.8602090826605573,1.0,market,raw,calibration
H,9,0.9,1.0,0,,,market,raw,calibration
top_label,0,0.0,0.1,0,,,market,raw,pilot_holdout
top_label,1,0.1,0.2,0,,,market,raw,pilot_holdout
top_label,2,0.2,0.30000000000000004,0,,,market,raw,pilot_holdout
top_label,3,0.30000000000000004,0.4,7,0.3813181042689786,0.5714285714285714,market,raw,pilot_holdout
top_label,4,0.4,0.5,28,0.4439925241774909,0.42857142857142855,market,raw,pilot_holdout
top_label,5,0.5,0.6000000000000001,14,0.557750385420514,0.5,market,raw,pilot_holdout
top_label,6,0.6000000000000001,0.7000000000000001,12,0.6340973766768817,0.5833333333333334,market,raw,pilot_holdout
top_label,7,0.7000000000000001,0.8,11,0.7502731225592231,0.9090909090909091,market,raw,pilot_holdout
top_label,8,0.8,0.9,5,0.8346365406759567,0.8,market,raw,pilot_holdout
top_label,9,0.9,1.0,2,0.91814949313095,1.0,market,raw,pilot_holdout
A,0,0.0,0.1,10,0.0693257377383851,0.1,market,raw,pilot_holdout
A,1,0.1,0.2,18,0.15139046143106474,0.16666666666666666,market,raw,pilot_holdout
A,2,0.2,0.30000000000000004,24,0.25682717175197156,0.20833333333333334,market,raw,pilot_holdout
A,3,0.30000000000000004,0.4,8,0.328187451021247,0.25,market,raw,pilot_holdout
A,4,0.4,0.5,9,0.44110836464037684,0.4444444444444444,market,raw,pilot_holdout
A,5,0.5,0.6000000000000001,2,0.5652104691015307,0.5,market,raw,pilot_holdout
A,6,0.6000000000000001,0.7000000000000001,1,0.6264014466546113,0.0,market,raw,pilot_holdout
A,7,0.7000000000000001,0.8,4,0.7608638772075313,0.75,market,raw,pilot_holdout
A,8,0.8,0.9,3,0.8443003167528752,1.0,market,raw,pilot_holdout
A,9,0.9,1.0,0,,,market,raw,pilot_holdout
D,0,0.0,0.1,3,0.06616127675141219,0.0,market,raw,pilot_holdout
D,1,0.1,0.2,15,0.14799551962664584,0.0,market,raw,pilot_holdout
D,2,0.2,0.30000000000000004,58,0.26198584351771975,0.29310344827586204,market,raw,pilot_holdout
D,3,0.30000000000000004,0.4,3,0.3095017935317738,0.0,market,raw,pilot_holdout
D,4,0.4,0.5,0,,,market,raw,pilot_holdout
D,5,0.5,0.6000000000000001,0,,,market,raw,pilot_holdout
D,6,0.6000000000000001,0.7000000000000001,0,,,market,raw,pilot_holdout
D,7,0.7000000000000001,0.8,0,,,market,raw,pilot_holdout
D,8,0.8,0.9,0,,,market,raw,pilot_holdout
D,9,0.9,1.0,0,,,market,raw,pilot_holdout
H,0,0.0,0.1,5,0.05693105974877177,0.2,market,raw,pilot_holdout
H,1,0.1,0.2,5,0.14998906750525742,0.4,market,raw,pilot_holdout
H,2,0.2,0.30000000000000004,6,0.26001635577835225,0.16666666666666666,market,raw,pilot_holdout
H,3,0.30000000000000004,0.4,10,0.35436122556497834,0.5,market,raw,pilot_holdout
H,4,0.4,0.5,19,0.44535870501086056,0.42105263157894735,market,raw,pilot_holdout
H,5,0.5,0.6000000000000001,12,0.5565070381403445,0.5,market,raw,pilot_holdout
H,6,0.6000000000000001,0.7000000000000001,11,0.6347970066789063,0.6363636363636364,market,raw,pilot_holdout
H,7,0.7000000000000001,0.8,7,0.7442212627601899,1.0,market,raw,pilot_holdout
H,8,0.8,0.9,2,0.8201408765605787,0.5,market,raw,pilot_holdout
H,9,0.9,1.0,2,0.91814949313095,1.0,market,raw,pilot_holdout
top_label,0,0.0,0.1,0,,,market,platt,calibration
top_label,1,0.1,0.2,0,,,market,platt,calibration
top_label,2,0.2,0.30000000000000004,0,,,market,platt,calibration
top_label,3,0.30000000000000004,0.4,18,0.370682328930376,0.4444444444444444,market,platt,calibration
top_label,4,0.4,0.5,15,0.4388032895092829,0.4666666666666667,market,platt,calibration
top_label,5,0.5,0.6000000000000001,10,0.538852996801934,0.5,market,platt,calibration
top_label,6,0.6000000000000001,0.7000000000000001,7,0.6550746939784793,0.42857142857142855,market,platt,calibration
top_label,7,0.7000000000000001,0.8,8,0.7386421193777108,1.0,market,platt,calibration
top_label,8,0.8,0.9,3,0.85292571116033,1.0,market,platt,calibration
top_label,9,0.9,1.0,1,0.9547067672097648,1.0,market,platt,calibration
A,0,0.0,0.1,3,0.06315730181119267,0.0,market,platt,calibration
A,1,0.1,0.2,8,0.1673572646467657,0.0,market,platt,calibration
A,2,0.2,0.30000000000000004,11,0.2523415827791822,0.5454545454545454,market,platt,calibration
A,3,0.30000000000000004,0.4,24,0.33821643330862816,0.25,market,platt,calibration
A,4,0.4,0.5,5,0.44885222661718105,0.4,market,platt,calibration
A,5,0.5,0.6000000000000001,3,0.5163351231593692,0.6666666666666666,market,platt,calibration
A,6,0.6000000000000001,0.7000000000000001,3,0.6615427127019425,0.3333333333333333,market,platt,calibration
A,7,0.7000000000000001,0.8,4,0.7454341984067213,1.0,market,platt,calibration
A,8,0.8,0.9,1,0.8227048839805059,1.0,market,platt,calibration
A,9,0.9,1.0,0,,,market,platt,calibration
D,0,0.0,0.1,3,0.03991635928539098,0.0,market,platt,calibration
D,1,0.1,0.2,14,0.15334082683240366,0.14285714285714285,market,platt,calibration
D,2,0.2,0.30000000000000004,30,0.2653585918269826,0.3,market,platt,calibration
D,3,0.30000000000000004,0.4,15,0.31800271511206546,0.26666666666666666,market,platt,calibration
D,4,0.4,0.5,0,,,market,platt,calibration
D,5,0.5,0.6000000000000001,0,,,market,platt,calibration
D,6,0.6000000000000001,0.7000000000000001,0,,,market,platt,calibration
D,7,0.7000000000000001,0.8,0,,,market,platt,calibration
D,8,0.8,0.9,0,,,market,platt,calibration
D,9,0.9,1.0,0,,,market,platt,calibration
H,0,0.0,0.1,7,0.07910965573094055,0.14285714285714285,market,platt,calibration
H,1,0.1,0.2,5,0.16072929354567508,0.0,market,platt,calibration
H,2,0.2,0.30000000000000004,6,0.25294803632898516,0.3333333333333333,market,platt,calibration
H,3,0.30000000000000004,0.4,16,0.3579733582734178,0.3125,market,platt,calibration
H,4,0.4,0.5,10,0.4337788209553338,0.5,market,platt,calibration
H,5,0.5,0.6000000000000001,7,0.5485035140773188,0.42857142857142855,market,platt,calibration
H,6,0.6000000000000001,0.7000000000000001,4,0.6502236799358818,0.5,market,platt,calibration
H,7,0.7000000000000001,0.8,4,0.7318500403487006,1.0,market,platt,calibration
H,8,0.8,0.9,2,0.8680361247502422,1.0,market,platt,calibration
H,9,0.9,1.0,1,0.9547067672097648,1.0,market,platt,calibration
top_label,0,0.0,0.1,0,,,market,platt,pilot_holdout
top_label,1,0.1,0.2,0,,,market,platt,pilot_holdout
top_label,2,0.2,0.30000000000000004,0,,,market,platt,pilot_holdout
top_label,3,0.30000000000000004,0.4,20,0.3689686863231974,0.4,market,platt,pilot_holdout
top_label,4,0.4,0.5,18,0.4490771240822479,0.5,market,platt,pilot_holdout
top_label,5,0.5,0.6000000000000001,12,0.5506196291375387,0.4166666666666667,market,platt,pilot_holdout
top_label,6,0.6000000000000001,0.7000000000000001,11,0.6400069603836407,0.6363636363636364,market,platt,pilot_holdout
top_label,7,0.7000000000000001,0.8,9,0.7595367577072373,0.8888888888888888,market,platt,pilot_holdout
top_label,8,0.8,0.9,6,0.8482943244763866,1.0,market,platt,pilot_holdout
top_label,9,0.9,1.0,3,0.9485136877606086,0.6666666666666666,market,platt,pilot_holdout
A,0,0.0,0.1,6,0.06122021445333748,0.16666666666666666,market,platt,pilot_holdout
A,1,0.1,0.2,11,0.15298570850770143,0.0,market,platt,pilot_holdout
A,2,0.2,0.30000000000000004,17,0.2396270170801777,0.17647058823529413,market,platt,pilot_holdout
A,3,0.30000000000000004,0.4,24,0.3406071106765443,0.25,market,platt,pilot_holdout
A,4,0.4,0.5,9,0.44680809284622175,0.4444444444444444,market,platt,pilot_holdout
A,5,0.5,0.6000000000000001,4,0.5319961793181118,0.5,market,platt,pilot_holdout
A,6,0.6000000000000001,0.7000000000000001,2,0.647526908296101,0.5,market,platt,pilot_holdout
A,7,0.7000000000000001,0.8,4,0.7620185651933251,0.75,market,platt,pilot_holdout
A,8,0.8,0.9,2,0.8512345901882646,1.0,market,platt,pilot_holdout
A,9,0.9,1.0,0,,,market,platt,pilot_holdout
D,0,0.0,0.1,9,0.05353599156322136,0.0,market,platt,pilot_holdout
D,1,0.1,0.2,21,0.15761817622288904,0.14285714285714285,market,platt,pilot_holdout
D,2,0.2,0.30000000000000004,26,0.26185498174535626,0.3076923076923077,market,platt,pilot_holdout
D,3,0.30000000000000004,0.4,23,0.31696136964558835,0.2608695652173913,market,platt,pilot_holdout
D,4,0.4,0.5,0,,,market,platt,pilot_holdout
D,5,0.5,0.6000000000000001,0,,,market,platt,pilot_holdout
D,6,0.6000000000000001,0.7000000000000001,0,,,market,platt,pilot_holdout
D,7,0.7000000000000001,0.8,0,,,market,platt,pilot_holdout
D,8,0.8,0.9,0,,,market,platt,pilot_holdout
D,9,0.9,1.0,0,,,market,platt,pilot_holdout
H,0,0.0,0.1,7,0.07004394917404103,0.14285714285714285,market,platt,pilot_holdout
H,1,0.1,0.2,6,0.15733483920405436,0.3333333333333333,market,platt,pilot_holdout
H,2,0.2,0.30000000000000004,9,0.23891695603513455,0.4444444444444444,market,platt,pilot_holdout
H,3,0.30000000000000004,0.4,19,0.3539395716054019,0.42105263157894735,market,platt,pilot_holdout
H,4,0.4,0.5,9,0.4513461553182742,0.5555555555555556,market,platt,pilot_holdout
H,5,0.5,0.6000000000000001,8,0.5599313540472522,0.375,market,platt,pilot_holdout
H,6,0.6000000000000001,0.7000000000000001,9,0.6383358608475383,0.6666666666666666,market,platt,pilot_holdout
H,7,0.7000000000000001,0.8,5,0.7575513117183672,1.0,market,platt,pilot_holdout
H,8,0.8,0.9,4,0.8468241916204475,1.0,market,platt,pilot_holdout
H,9,0.9,1.0,3,0.9485136877606086,0.6666666666666666,market,platt,pilot_holdout
top_label,0,0.0,0.1,0,,,market,isotonic,calibration
top_label,1,0.1,0.2,0,,,market,isotonic,calibration
top_label,2,0.2,0.30000000000000004,0,,,market,isotonic,calibration
top_label,3,0.30000000000000004,0.4,3,0.38419360937795427,0.6666666666666666,market,isotonic,calibration
top_label,4,0.4,0.5,32,0.44523290867177584,0.5625,market,isotonic,calibration
top_label,5,0.5,0.6000000000000001,9,0.5317460317460317,0.4444444444444444,market,isotonic,calibration
top_label,6,0.6000000000000001,0.7000000000000001,3,0.6548652088389222,0.3333333333333333,market,isotonic,calibration
top_label,7,0.7000000000000001,0.8,1,0.7777777777765678,0.0,market,isotonic,calibration
top_label,8,0.8,0.9,5,0.8749999999992344,1.0,market,isotonic,calibration
top_label,9,0.9,1.0,9,0.999999999998,1.0,market,isotonic,calibration
A,0,0.0,0.1,11,1.0223880596999623e-12,0.0,market,isotonic,calibration
A,1,0.1,0.2,0,,,market,isotonic,calibration
A,2,0.2,0.30000000000000004,21,0.28320472877012337,0.38095238095238093,market,isotonic,calibration
A,3,0.30000000000000004,0.4,9,0.34538301289948997,0.2222222222222222,market,isotonic,calibration
A,4,0.4,0.5,5,0.4355555555555556,0.4,market,isotonic,calibration
A,5,0.5,0.6000000000000001,9,0.5317460317460317,0.4444444444444444,market,isotonic,calibration
A,6,0.6000000000000001,0.7000000000000001,1,0.6511627906976745,1.0,market,isotonic,calibration
A,7,0.7000000000000001,0.8,1,0.7777777777765678,0.0,market,isotonic,calibration
A,8,0.8,0.9,1,0.8749999999992344,1.0,market,isotonic,calibration
A,9,0.9,1.0,4,0.999999999998,1.0,market,isotonic,calibration
D,0,0.0,0.1,9,9.99999999998e-13,0.0,market,isotonic,calibration
D,1,0.1,0.2,6,0.13517441860456,0.0,market,isotonic,calibration
D,2,0.2,0.30000000000000004,26,0.25264494291997874,0.19230769230769232,market,isotonic,calibration
D,3,0.30000000000000004,0.4,14,0.34491035180044427,0.35714285714285715,market,isotonic,calibration
D,4,0.4,0.5,7,0.4099940697275195,0.7142857142857143,market,isotonic,calibration
D,5,0.5,0.6000000000000001,0,,,market,isotonic,calibration
D,6,0.6000000000000001,0.7000000000000001,0,,,market,isotonic,calibration
D,7,0.7000000000000001,0.8,0,,,market,isotonic,calibration
D,8,0.8,0.9,0,,,market,isotonic,calibration
D,9,0.9,1.0,0,,,market,isotonic,calibration
H,0,0.0,0.1,6,1.071759259257395e-12,0.0,market,isotonic,calibration
H,1,0.1,0.2,8,0.13865240863787376,0.125,market,isotonic,calibration
H,2,0.2,0.30000000000000004,15,0.25079867346630647,0.26666666666666666,market,isotonic,calibration
H,3,0.30000000000000004,0.4,1,0.313953488372093,0.0,market,isotonic,calibration
H,4,0.4,0.5,21,0.45712937198221015,0.5238095238095238,market,isotonic,calibration
H,5,0.5,0.6000000000000001,0,,,market,isotonic,calibration
H,6,0.6000000000000001,0.7000000000000001,2,0.656716417909546,0.0,market,isotonic,calibration
H,7,0.7000000000000001,0.8,0,,,market,isotonic,calibration
H,8,0.8,0.9,4,0.8749999999992344,1.0,market,isotonic,calibration
H,9,0.9,1.0,5,0.999999999998,1.0,market,isotonic,calibration
top_label,0,0.0,0.1,0,,,market,isotonic,pilot_holdout
top_label,1,0.1,0.2,0,,,market,isotonic,pilot_holdout
top_label,2,0.2,0.30000000000000004,0,,,market,isotonic,pilot_holdout
top_label,3,0.30000000000000004,0.4,5,0.3901703159608969,0.4,market,isotonic,pilot_holdout
top_label,4,0.4,0.5,31,0.4499718172713937,0.3870967741935484,market,isotonic,pilot_holdout
top_label,5,0.5,0.6000000000000001,17,0.5249434439123039,0.35294117647058826,market,isotonic,pilot_holdout
top_label,6,0.6000000000000001,0.7000000000000001,2,0.6511627906976745,0.5,market,isotonic,pilot_holdout
top_label,7,0.7000000000000001,0.8,1,0.7845332852251138,1.0,market,isotonic,pilot_holdout
top_label,8,0.8,0.9,9,0.8708663107737923,0.8888888888888888,market,isotonic,pilot_holdout
top_label,9,0.9,1.0,14,0.9999999999979999,0.8571428571428571,market,isotonic,pilot_holdout
A,0,0.0,0.1,16,9.338534903514011e-13,0.0625,market,isotonic,pilot_holdout
A,1,0.1,0.2,1,0.10339053117129862,0.0,market,isotonic,pilot_holdout
A,2,0.2,0.30000000000000004,20,0.2872238856290659,0.1,market,isotonic,pilot_holdout
A,3,0.30000000000000004,0.4,16,0.3440015114920575,0.4375,market,isotonic,pilot_holdout
A,4,0.4,0.5,8,0.4399050874743061,0.25,market,isotonic,pilot_holdout
A,5,0.5,0.6000000000000001,9,0.5238095238095237,0.3333333333333333,market,isotonic,pilot_holdout
A,6,0.6000000000000001,0.7000000000000001,2,0.6511627906976745,0.5,market,isotonic,pilot_holdout
A,7,0.7000000000000001,0.8,0,,,market,isotonic,pilot_holdout
A,8,0.8,0.9,1,0.8961409513257147,1.0,market,isotonic,pilot_holdout
A,9,0.9,1.0,6,0.9999999999979999,0.8333333333333334,market,isotonic,pilot_holdout
D,0,0.0,0.1,15,1.0037574050210233e-12,0.0,market,isotonic,pilot_holdout
D,1,0.1,0.2,19,0.14736694733740316,0.15789473684210525,market,isotonic,pilot_holdout
D,2,0.2,0.30000000000000004,25,0.25249681066431257,0.36,market,isotonic,pilot_holdout
D,3,0.30000000000000004,0.4,14,0.3558510140410981,0.2857142857142857,market,isotonic,pilot_holdout
D,4,0.4,0.5,6,0.41488385764113334,0.16666666666666666,market,isotonic,pilot_holdout
D,5,0.5,0.6000000000000001,0,,,market,isotonic,pilot_holdout
D,6,0.6000000000000001,0.7000000000000001,0,,,market,isotonic,pilot_holdout
D,7,0.7000000000000001,0.8,0,,,market,isotonic,pilot_holdout
D,8,0.8,0.9,0,,,market,isotonic,pilot_holdout
D,9,0.9,1.0,0,,,market,isotonic,pilot_holdout
H,0,0.0,0.1,6,9.999999999979999e-13,0.16666666666666666,market,isotonic,pilot_holdout
H,1,0.1,0.2,11,0.13374139826140363,0.2727272727272727,market,isotonic,pilot_holdout
H,2,0.2,0.30000000000000004,18,0.2472523735999972,0.5,market,isotonic,pilot_holdout
H,3,0.30000000000000004,0.4,0,,,market,isotonic,pilot_holdout
H,4,0.4,0.5,19,0.46183499728222227,0.47368421052631576,market,isotonic,pilot_holdout
H,5,0.5,0.6000000000000001,8,0.5262191040279315,0.375,market,isotonic,pilot_holdout
H,6,0.6000000000000001,0.7000000000000001,0,,,market,isotonic,pilot_holdout
H,7,0.7000000000000001,0.8,1,0.7845332852251138,1.0,market,isotonic,pilot_holdout
H,8,0.8,0.9,8,0.8677069807048019,0.875,market,isotonic,pilot_holdout
H,9,0.9,1.0,8,0.999999999998,0.875,market,isotonic,pilot_holdout
